"Year","Month","Dates","SSH.1","SSH.2","SSH.3","SSH.4","SSH.5","SSH.6","SSH.7","SSH.8","SSH.9","SSH.10","SSH.11","SSH.12","SSH.13","SSH.14"
"1992","10",1992-10-16 12:00:00,1.98308078765869,1.99055064519246,1.95916190033867,1.96787878990173,1.98180433978205,1.92832359313965,1.96622319698334,1.95856479644775,1.93493959903717,1.97621119022369,1.89385078907013,1.9077023935318,1.8712123966217,1.95263680723525
"1992","11",1992-11-16 00:00:00,1.99644839763641,2.00216135978699,1.99873000667209,2.00138839244843,2.05121607365816,1.98600838661194,1.98840679645538,1.99204039096832,1.95496480941772,2.03245278835297,1.9339240026474,1.94691119194031,1.91713438034058,1.99176845476799
"1992","12",1992-12-16 12:00:00,2.09500559806824,2.09682002067566,2.05227759906224,2.08251001358032,2.16050394721653,2.09111282348633,2.0815968132019,2.0030860042572,2.02830357551575,2.16921360969543,2.05128119468689,2.15734159469605,2.15202399253845,2.07651918204789
"1993","01",1993-01-16 12:00:00,2.08233120918274,2.093985303243,2.06309144837516,2.05526801109314,2.08410869473996,2.04999598503113,2.09298082351685,2.04737763404846,2.03128640174866,2.10005079269409,2.05277079582214,2.15080920219421,2.15287239074707,2.0640790782024
"1993","02",1993-02-15 00:00:00,2.02886037826538,2.0357306321462,2.04478573799133,2.01480400562286,2.0305626185044,1.99956597805023,2.02883719444275,2.02261681556702,1.98794320106506,2.04651080131531,2.04748438358307,2.06501320362091,2.12360836982727,2.02375484373152
"1993","03",1993-03-16 12:00:00,1.99582799434662,1.98568065961202,2.00505953175681,2.00972880840302,2.00906522895979,1.96929839134216,1.99332639694214,1.98980279445648,1.98991319179535,1.98859440803528,2.00023479938507,1.97772840023041,2.01539120197296,1.97040979518104
"1993","04",1993-04-16 00:00:00,1.97485479354858,1.98576997121175,2.02332570439293,2.03020921707153,2.00869396458501,1.98981158256531,2.01013559341431,2.02504557609558,2.02697800636292,2.01705681800842,2.02539279937744,1.99520761489868,1.99782159805298,1.97629484196299
"1993","05",1993-05-16 12:00:00,1.91713600158691,1.92801601886749,1.95404855977921,1.94453320503235,1.91257607936859,1.95900359630585,1.94638280391693,1.9488755941391,1.95096640110016,1.94610559940338,1.96619999885559,1.95894960403442,1.97531440734863,1.92308092854687
"1993","06",1993-06-16 00:00:00,1.89648679256439,1.8822173277537,1.9192138115565,1.92057239532471,1.90405043311741,1.93419158935547,1.91939399719238,1.91193400382996,1.90875880241394,1.90149321079254,1.90639800071716,1.89621201515198,1.90864481449127,1.9015868017354
"1993","07",1993-07-16 12:00:00,1.82840240001678,1.78255999883016,1.79766332535517,1.83230559825897,1.82790652565334,1.87657239437103,1.83478040218353,1.80315800666809,1.83578439712524,1.8294264125824,1.8587832069397,1.8426168012619,1.86405520439148,1.85590948149101
"1993","08",1993-08-16 12:00:00,1.80120399951935,1.78279600143433,1.8068714198612,1.81654359817505,1.82538217565288,1.81996680259705,1.79594878673553,1.7831683921814,1.80339681148529,1.82390919685364,1.80816121101379,1.8226451921463,1.82764001369476,1.8274895886785
"1993","09",1993-09-16 00:00:00,1.85882240772247,1.84951066970825,1.88571190834045,1.90551159858704,1.91285738737687,1.84043719291687,1.8375887966156,1.84897200584412,1.86603120803833,1.90527239322662,1.84064040184021,1.86667639732361,1.84062479972839,1.845551031152
"1993","10",1993-10-16 12:00:00,1.91100120067596,1.92267467975616,1.89994047369276,1.91637760162354,1.93619478267172,1.8727140045166,1.87836400508881,1.88268841266632,1.89501641273499,1.915829205513,1.87249561309814,1.89166920661926,1.88506680011749,1.87465030507943
"1993","11",1993-11-16 00:00:00,2.01029121398926,2.01315267086029,2.01951334590004,2.04700563430786,2.01379867221998,1.94957079410553,1.96945478439331,1.99872920513153,2.03542960643768,2.02489081859589,1.98891240596771,2.00063199996948,1.94918960571289,2.0047311266673
"1993","12",1993-12-16 12:00:00,2.02415599822998,2.00828861395518,2.0579800265176,2.0869183921814,2.0697021899016,1.98690762042999,1.97519478321075,2.01253321170807,2.0766635799408,2.08467921257019,2.05945680618286,2.08529399871826,2.05734038829803,2.02073845912501
"1994","01",1994-01-16 12:00:00,2.10486878395081,2.12394065856934,2.12399666649955,2.1008888053894,2.12949739331784,2.0333240032196,2.0863539981842,2.1227583694458,2.10610239982605,2.12925120353699,2.15563280105591,2.13351362228394,2.18584799766541,2.10417206262805
"1994","02",1994-02-15 00:00:00,2.06050999641418,2.087420018514,2.06128858384632,2.0602179813385,2.06763001110243,2.02492879867554,2.08601718902588,2.08316521644592,2.05647921562195,2.07815599441528,2.05222640037537,2.0798371887207,2.0646388053894,2.0432926772796
"1994","03",1994-03-16 12:00:00,2.03164717674255,2.05546730359395,2.02825905027844,2.05622882843018,2.04132347521575,2.02987038612366,2.06212239265442,2.05890480041504,2.06193561553955,2.08223441123962,2.05539158821106,2.08611280441284,2.06762360572815,2.02152257604697
"1994","04",1994-04-16 00:00:00,2.02169838905334,2.02148200670878,2.05308809734526,2.04877199172974,2.03162344642307,2.01485239982605,2.01693398475647,2.04594638824463,2.04428359031677,2.03556279182434,2.0362652015686,2.02502919197082,2.0147252035141,2.02413093920836
"1994","05",1994-05-16 12:00:00,1.9360059928894,1.94469734032949,1.92759239105951,1.94338241100311,1.93890349242998,1.98851641178131,1.98076560497284,1.98127001285553,2.01287278175354,1.94299279689789,2.05006278991699,2.00222640037537,2.04795118331909,1.94374670195825
"1994","06",1994-06-16 00:00:00,1.88731920719147,1.88375465869904,1.87845856802804,1.87431719303131,1.8664821697318,1.88459040641785,1.89240119457245,1.88720918655396,1.88392680168152,1.86228999614716,1.9035599899292,1.87896880149841,1.90670000076294,1.8788951561623
"1994","07",1994-07-16 12:00:00,1.88759400844574,1.88568398157756,1.87912857532501,1.88287760257721,1.89986739469611,1.8847047996521,1.89069121360779,1.88567639350891,1.87460479259491,1.88907760620117,1.89218559265137,1.86908880233765,1.88348320484161,1.88405277802772
"1994","08",1994-08-16 12:00:00,1.85236239910126,1.83329133192698,1.8381571542649,1.87032361030579,1.87790566423665,1.87368880271912,1.85756800174713,1.85435839653015,1.86316440105438,1.88723879814148,1.86533879756928,1.85514840602875,1.84345119953156,1.87165124023084
"1994","09",1994-09-16 00:00:00,1.91678480625153,1.9141580025355,1.90738095555987,1.92547600269318,1.91599696097167,1.88748319625854,1.91466320037842,1.92120599269867,1.90450240135193,1.91424320220947,1.89173720359802,1.85979679584503,1.84444399833679,1.89643319488801
"1994","10",1994-10-16 12:00:00,1.97222599983215,1.96739132404327,1.99571046942756,2.00445599079132,1.99101565195167,1.95589239120483,1.95399519443512,1.98031360149384,1.984739985466,1.99613640785217,1.9461936044693,1.94815079689026,1.91185880184174,1.96320618673698
"1994","11",1994-11-16 00:00:00,1.97659679889679,2.00584265391032,2.00079857735407,2.0002919960022,2.01109914157702,1.95933040618896,1.9879395866394,1.99853039264679,2.00039521217346,2.02390839576721,1.99355118751526,2.03074158668518,2.03475678443909,1.97735413079409
"1994","12",1994-12-16 12:00:00,1.98639200210571,2.02065663337708,1.9981476125263,1.95680880069733,1.98649476922077,1.94429120063782,1.98652040958405,1.95571119308472,1.91857719421387,2.00314840316772,1.92011759757996,2.00667078495026,2.00876120567322,1.97339938227663
"1995","01",1995-01-16 12:00:00,2.03162078857422,2.06754999160767,2.01495762098403,2.01992162704468,2.01977912239406,1.98554040431976,2.04499797821045,2.026775598526,2.04023320198059,2.0376743888855,2.08478077888489,2.09299320220947,2.14378162384033,1.99658906336912
"1995","02",1995-02-15 00:00:00,2.01753081321716,2.0330060005188,2.04897478648594,2.07297800064087,2.04381519815196,2.00845319271088,2.01637360572815,2.05609882354736,2.08055000305176,2.09040439605713,2.0648175907135,2.07734280586243,2.04928559303284,1.98655927427036
"1995","03",1995-03-16 12:00:00,2.04324080467224,2.0384460290273,2.05187904267084,2.0738992023468,2.07887173735577,2.02347839355469,2.01940760135651,2.04020080566406,2.07695159912109,2.10017079353333,2.07685441017151,2.08260522842407,2.06448120117187,2.00233639884241
"1995","04",1995-04-16 00:00:00,1.99184519767761,2.01550599733988,2.02641190801348,2.05493200302124,2.03705695401067,2.01536678314209,2.01647760391235,2.02833040237427,2.05410241127014,2.07245239257812,2.03618558883667,2.08515559196472,2.06190402030945,1.99247278257744
"1995","05",1995-05-16 12:00:00,1.94653321266174,1.96372599601746,1.92707809380123,1.95323679447174,1.95131130322166,1.9672848033905,1.98736960411072,1.99444039344788,2.00501721382141,1.96411639213562,2.00813039302826,2.00129479885101,2.03215079307556,1.94205000228489
"1995","06",1995-06-16 00:00:00,1.89321319580078,1.90094932715098,1.8827961967105,1.87243759155273,1.87039696133655,1.90691801071167,1.91890160083771,1.9074728012085,1.86690640449524,1.8680212020874,1.89852000236511,1.86120319843292,1.89965518951416,1.90689576655319
"1995","07",1995-07-16 12:00:00,1.88804999828339,1.85764865875244,1.86789571671259,1.87541520118713,1.88069696011751,1.88057680130005,1.85910919189453,1.87800879478455,1.86237000465393,1.86921920776367,1.85951361179352,1.83147479534149,1.82531520366669,1.89421557028269
"1995","08",1995-08-16 12:00:00,1.82883840084076,1.82965265909831,1.85047333581107,1.85109960079193,1.83231695320295,1.8664899969101,1.85717841625214,1.86616321086884,1.86898760318756,1.84984399795532,1.88282999515533,1.85627880096436,1.87455798625946,1.85628690301758
"1995","09",1995-09-16 00:00:00,1.86180519580841,1.8547333240509,1.90529047875177,1.91168280124664,1.91266695831133,1.84197200775146,1.85115400314331,1.87189360618591,1.86954838752747,1.89304320335388,1.85532080173492,1.83813398838043,1.838297996521,1.86638959412722
"1995","10",1995-10-16 12:00:00,1.84806080341339,1.86033731301626,1.88000095458258,1.87616960048676,1.86670303344727,1.83867479801178,1.85340759754181,1.87558841228485,1.88857120513916,1.86475518703461,1.87684200286865,1.86880240917206,1.87264120578766,1.8398104107257
"1995","11",1995-11-16 00:00:00,1.97087919712067,1.95961864789327,1.92988952000936,1.95250440597534,1.99340478233669,1.91872999668121,1.93774600505829,1.95628759384155,1.97379639625549,1.98410959243774,1.98988838195801,1.96015839576721,1.94198560237885,1.9366747411256
"1995","12",1995-12-16 12:00:00,2.06826117515564,2.0750553448995,2.07647668747675,2.06808040618896,2.05782652937848,2.01836440563202,2.04132440567017,2.08693361282349,2.132548828125,2.09623481750488,2.16635761260986,2.17305560112,2.19947521209717,2.04929392239482
"1996","01",1996-01-16 12:00:00,2.07922600746155,2.11163733800252,2.10318999063401,2.07933557510376,2.07876953871354,2.03111401557922,2.09866119384766,2.13379521369934,2.09624320030212,2.11418239593506,2.1291132068634,2.13574077606201,2.15025201797485,2.08736794019483
"1996","02",1996-02-15 12:00:00,2.04534839630127,2.0738720258077,2.0548171429407,2.05940838813782,2.05406520677649,2.01316040992737,2.08370841026306,2.11142040252686,2.10147841453552,2.05626718521118,2.14486041069031,2.09141640663147,2.14095120429993,2.05875690696166
"1996","03",1996-03-16 12:00:00,2.0392308139801,2.05364467302958,2.07828523999169,2.08438879966736,2.04748568327531,2.02835359573364,2.0475320148468,2.08639958381653,2.0848951625824,2.07143762588501,2.07999877929687,2.07036717414856,2.0753600025177,2.05627536036305
"1996","04",1996-04-16 00:00:00,1.96703039646149,1.95495936075846,2.00849283876873,2.02001321315765,1.97767042595407,2.01671199798584,1.97532159805298,2.00609878540039,2.04607720375061,2.01575521945953,2.0497015953064,2.04420000076294,2.03408239364624,1.97527205698269
"1996","05",1996-05-16 12:00:00,1.94572320461273,1.9631440003713,1.95812476816631,1.97085279941559,1.99192824571029,1.9674684047699,1.9740163898468,1.98754399776459,1.98988320350647,1.97209680080414,2.00007840156555,1.96925280570984,1.98857160568237,1.95062092407463
"1996","06",1996-06-16 00:00:00,1.89228239536285,1.90391600131989,1.88825381369818,1.92154319763184,1.90915391756141,1.925441198349,1.94626958847046,1.9355068063736,1.95896080970764,1.9327979850769,1.99252398490906,1.97167520523071,1.99454878807068,1.90529845178742
"1996","07",1996-07-16 12:00:00,1.87134200572968,1.84195065498352,1.84113524073646,1.84413080215454,1.8381826048312,1.87454679489136,1.8626328086853,1.85866520404816,1.86365720748901,1.83809839725494,1.89585199832916,1.85566720485687,1.88868080615997,1.88360020671923
"1996","08",1996-08-16 12:00:00,1.82548159122467,1.80528333187103,1.83759951591492,1.85774680614471,1.86122043754743,1.8639763879776,1.84111918926239,1.83304559707642,1.84786559581757,1.86475120067596,1.85788239479065,1.83859159946442,1.84495320320129,1.85574268188673
"1996","09",1996-09-16 00:00:00,1.83735998630524,1.83679800033569,1.87121762548174,1.88042400360107,1.89208913367728,1.81653119087219,1.82591320037842,1.85662920951843,1.85567639350891,1.8903548002243,1.83601119995117,1.84400640010834,1.80840199947357,1.85912577516025
"1996","10",1996-10-16 12:00:00,1.85322799682617,1.87990866502126,1.875311425754,1.88768439769745,1.90250738807347,1.86085039615631,1.87925080776215,1.87371680736542,1.85599360466003,1.88195039749146,1.84389120578766,1.83097119808197,1.81413000106812,1.85245783550223
"1996","11",1996-11-16 00:00:00,2.00310759067535,1.99963665008545,2.01158428192139,2.00669640541077,2.00864827114603,1.95597481250763,1.97632160663605,1.97361640930176,1.97178520679474,1.99738961219788,1.91966600418091,1.96134920120239,1.91400440216064,1.98151659965515
"1996","12",1996-12-16 12:00:00,2.07502040863037,2.08629199663798,2.11507331757318,2.08991320610046,2.08597563660663,2.03066479682922,2.02695760250092,2.04269159793854,2.06094679832459,2.047184009552,2.02608600616455,2.07234799385071,2.0884580039978,2.04901114444143
"1997","01",1997-01-16 12:00:00,2.09539278030396,2.11862928072612,2.07130714825221,2.04270440101624,2.11212738700535,2.0625800037384,2.10779480934143,2.10956080436707,2.05357280731201,2.10317720413208,2.04954797744751,2.10811401367187,2.11100517272949,2.08242206720962
"1997","02",1997-02-15 00:00:00,2.04738198280334,2.06671597162882,2.06029571805681,2.02153879165649,2.01748438503431,2.0179455947876,2.07690797805786,2.07010599136353,2.01730642318726,2.00747200965881,2.03637161254883,2.01812999725342,2.07092319488525,2.00558536077283
"1997","03",1997-03-16 12:00:00,2.05911520004272,2.07357667287191,2.0592581090473,2.06170719146729,2.03514305404995,2.01977638721466,2.07313079833984,2.09258001327515,2.07462077140808,2.03759879112244,2.070452003479,2.02459238052368,2.04279479026794,2.02924794143008
"1997","04",1997-04-16 00:00:00,2.00431959629059,2.0198966662089,2.01614428701855,2.04405559539795,2.04553522234378,2.02571559906006,2.03987239837647,2.03948000907898,2.06046040534973,2.04763960838318,2.08243680000305,2.05331000328064,2.06413520812988,1.99010978654488
"1997","05",1997-05-16 12:00:00,1.97717079162598,1.96092201073964,1.9673247621173,1.98048920631409,1.95593304219453,1.99896358013153,1.98516560077667,1.98481800079346,1.98996119499207,1.97858999729157,2.01011478424072,1.98065599441528,1.99556641101837,1.96679195669508
"1997","06",1997-06-16 00:00:00,2.00478160858154,2.00245529810588,2.01369954290844,2.01790482521057,2.02033219130143,2.00877481937408,2.01268317222595,2.01854041099548,2.01659520149231,2.02015681266785,2.00816521644592,2.01213480949402,1.99804722309113,1.99542783461895
"1997","07",1997-07-16 12:00:00,1.91329919815063,1.90022265116374,1.90141285601116,1.92434239864349,1.90457174052363,1.96359679698944,1.95241199016571,1.93557159900665,1.95216600894928,1.94249320030212,1.97846839427948,1.9742603969574,1.98575520038605,1.93251020392192
"1997","08",1997-08-16 12:00:00,1.85226278781891,1.84543665250142,1.86993809541066,1.87934000492096,1.87124087499536,1.898898396492,1.89323919773102,1.88446361541748,1.90474159240723,1.88020919322968,1.92230159759521,1.90556679725647,1.92594439983368,1.86538813777806
"1997","09",1997-09-16 00:00:00,1.8726912021637,1.86197467645009,1.8686047678902,1.85718120098114,1.87932695513186,1.86548000335693,1.85816440582275,1.84621279716492,1.82972680091858,1.83883720397949,1.84319160461426,1.82039879798889,1.8405168056488,1.88164557378317
"1997","10",1997-10-16 12:00:00,2.00358039855957,2.02153738339742,2.02424902007693,2.00427439212799,2.01777869722118,1.95054840087891,1.97928521156311,1.9835572052002,1.94824399471283,1.98305920124054,1.88509520053864,1.9358540058136,1.91804160118103,1.9775817541732
"1997","11",1997-11-16 00:00:00,2.01698598861694,2.0420746644338,2.03016285669236,2.01715801239014,2.02571388949519,1.9833368062973,2.00931357860565,2.02778717517853,2.00114279270172,2.0142283821106,2.00317120075226,2.00005319595337,2.02145438194275,2.00675185685305
"1997","12",1997-12-16 12:00:00,1.99622199058533,2.01510134538015,2.01091142495473,1.99703561782837,2.01346912073052,1.99732480049133,1.99175919055939,2.01950159549713,1.99527280330658,2.04990040779114,2.02157877922058,2.04449158668518,2.03571077346802,1.99344319412389
"1998","01",1998-01-16 12:00:00,1.97318279266357,1.98800266583761,1.98852048601423,1.95943959712982,1.97840522683185,1.95543959140778,1.96966400146484,2.00013801574707,1.97456839561462,1.98098081111908,2.0144655752182,2.02281999111176,2.04043199539185,1.98679175696422
"1998","02",1998-02-15 00:00:00,2.00801161766052,2.01044934590658,2.03272333599272,2.04456279754639,2.0085760873297,1.98785160541534,2.01170879364014,2.01711522102356,2.05696642875671,2.05824600219727,2.03380360603333,2.11608800888062,2.08984240531921,1.98734855406063
"1998","03",1998-03-16 12:00:00,2.00160877227783,2.00115664800008,2.02267904508682,2.02980999946594,2.01981867396313,1.97388558864593,2.00821358680725,2.00467917919159,2.00762558937073,2.00243480205536,2.01354839324951,2.00893999576569,2.03650040626526,1.95410639231967
"1998","04",1998-04-16 00:00:00,2.027333984375,2.04507466952006,2.04334282875061,2.06106996536255,2.06169782514158,2.03722560882568,2.05039638519287,2.06169960021973,2.06895038604736,2.05402080535889,2.09047959327698,2.05889079093933,2.09457759857178,1.99690009638206
"1998","05",1998-05-16 12:00:00,1.99326481342316,1.99696601231893,2.01683761959984,2.01881078720093,1.99799478054047,2.01288920402527,2.01355761528015,2.02022280693054,2.02749876976013,2.01614881515503,2.02151799201965,2.02711520195007,2.03445322036743,1.97401907394842
"1998","06",1998-06-16 00:00:00,1.93617639541626,1.92572333812714,1.89864429405757,1.88672638893127,1.87597173193227,1.94498398780823,1.93717639923096,1.92249720096588,1.92027480602264,1.87632760047913,1.94438560962677,1.90295639038086,1.93494760036469,1.93291288798617
"1998","07",1998-07-16 12:00:00,1.89136240005493,1.88403798739115,1.88748094581422,1.87753359794617,1.87598521813102,1.91861039638519,1.91381841659546,1.89962319374084,1.89403199672699,1.87061920166016,1.91130479335785,1.87696200370789,1.90350360393524,1.90633083004312
"1998","08",1998-08-16 12:00:00,1.87169040203094,1.84427799383799,1.86778287092845,1.88087559700012,1.92324131986369,1.87154200553894,1.85630320549011,1.84423759937286,1.85781759738922,1.91633200645447,1.86453838348389,1.88871240139008,1.87076600551605,1.88968814156719
"1998","09",1998-09-16 00:00:00,1.85450920581818,1.85419665972392,1.86812094847361,1.8843295955658,1.89318912962209,1.85753480434418,1.85367679595947,1.84605118751526,1.8671280002594,1.8988215970993,1.86305559635162,1.8883951997757,1.87796440124512,1.86120020360062
"1998","10",1998-10-16 12:00:00,1.867803606987,1.8606433391571,1.87052571205866,1.88190839767456,1.91969869966092,1.84154038906097,1.85980400562286,1.86053760051727,1.84551120281219,1.87410760402679,1.81498759269714,1.83443600177765,1.82459960460663,1.85375051768785
"1998","11",1998-11-16 00:00:00,1.91713519096375,1.92757799625397,1.90047475269863,1.93505919933319,1.95393304202868,1.88990760326385,1.92194320678711,1.92651080131531,1.90533679962158,1.93729960441589,1.85728080749512,1.88078320026398,1.83331839561462,1.89992020548004
"1998","12",1998-12-16 12:00:00,2.09817601203918,2.1165019830068,2.07600141706921,2.0777875995636,2.12858000008956,2.04406240463257,2.07728038787842,2.07981079101563,2.07162717819214,2.13904559135437,2.03824598312378,2.12203880310059,2.06228837966919,2.05754382217053
"1999","01",1999-01-16 12:00:00,2.10645797729492,2.12220398585002,2.11154096467154,2.04736801147461,2.10037131931471,2.08703639030457,2.09448756217957,2.10318360328674,2.04583123207092,2.07770081520081,2.05614280700684,2.0870712184906,2.11530760765076,2.06120784258105
"1999","02",1999-02-15 00:00:00,2.09042959213257,2.12296867370605,2.15824332691374,2.12128359794617,2.11827780889428,2.03761758804321,2.06882879257202,2.10808042526245,2.07773719787598,2.07970641136169,2.07062399864197,2.05164360046387,2.09656158447266,2.07334061504639
"1999","03",1999-03-16 12:00:00,2.0393800163269,2.0541019598643,2.05702190172105,2.05034240722656,2.02092437122179,2.02571961402893,2.05035118103027,2.08221199035645,2.07004558563232,2.04201761245728,2.0855103969574,2.04826720237732,2.05511719703674,2.03008917434928
"1999","04",1999-04-16 00:00:00,1.93843678951263,1.92840000788371,1.9394223690033,1.95859838962555,1.90790825823079,1.97035200119019,1.95264639854431,1.95237680435181,1.9678080034256,1.94424560546875,1.96500519752502,1.95598639965057,1.97297520160675,1.93418289091169
"1999","05",1999-05-16 12:00:00,1.93738079547882,1.92647600968679,1.92103714602334,1.93209439754486,1.93364696399025,1.93944960594177,1.92941359996796,1.92228440761566,1.93630399703979,1.94203719139099,1.92009640693665,1.95732280254364,1.94589359283447,1.95138763398239
"1999","06",1999-06-16 00:00:00,1.86814279556274,1.85568668842316,1.85866524491991,1.87033200740814,1.85987564791804,1.8909299993515,1.86788559913635,1.86059081077576,1.85343679428101,1.87487319946289,1.86204158782959,1.86689079761505,1.87591080188751,1.90175804034951
"1999","07",1999-07-16 12:00:00,1.8595604133606,1.85084132353465,1.85320523239317,1.83124839305878,1.82585783108421,1.86638841152191,1.87429239749908,1.86662678718567,1.85377158641815,1.82601159095764,1.86641479492188,1.84671720027924,1.87166360378265,1.86636422466986
"1999","08",1999-08-16 12:00:00,1.79456159114838,1.78772599697113,1.8027481010982,1.80582960128784,1.81517827510834,1.82806239128113,1.81527039527893,1.81179320335388,1.80815399646759,1.80725360870361,1.82972280502319,1.79194721221924,1.80899960517883,1.81716505276788
"1999","09",1999-09-16 00:00:00,1.77518399238586,1.7731146812439,1.81586524418422,1.83230480194092,1.82788217067719,1.79170639514923,1.77400560855865,1.80359280109406,1.82272080421448,1.82929201602936,1.81589760780334,1.81468639850616,1.82167000293732,1.80512329843855
"1999","10",1999-10-16 12:00:00,1.82965159416199,1.81880667209625,1.83357094583057,1.83954199790955,1.82864869159201,1.81894879817963,1.80481240272522,1.81407120227814,1.81088799953461,1.82215079307556,1.79126440525055,1.79240360736847,1.79167039394379,1.83476380834874
"1999","11",1999-11-16 00:00:00,1.88056600570679,1.88185865879059,1.90720952692486,1.92408801078796,1.92809739838476,1.85200000762939,1.86363439083099,1.88388159751892,1.89343680381775,1.9275460100174,1.84508919715881,1.88047279834747,1.83445199489594,1.86884309213186
"1999","12",1999-12-16 12:00:00,2.04786799430847,2.06010664304097,2.03143379801796,2.05090963363647,2.10422479588052,1.98946681022644,2.03159398078918,2.01848160743713,2.01729921340942,2.12878483772278,1.99881520748138,2.08483241081238,2.03789679527283,2.03469639463523
"2000","01",2000-01-16 12:00:00,2.10828640937805,2.10695331891378,2.06270616395133,2.0810548210144,2.15092912964199,2.06427439689636,2.10828841209412,2.02556879997253,2.04018640518188,2.15897518157959,2.04710240364075,2.15027599334717,2.1277108001709,2.07162227089872
"2000","02",2000-02-15 12:00:00,2.05029280662537,2.09365199406942,2.09055666696458,2.08187762260437,2.05828173264213,2.04837478637695,2.0881263923645,2.07128239631653,2.04891919136047,2.05486721038818,2.06357721328735,2.07118518829346,2.12817561149597,2.03072701901505
"2000","03",2000-03-16 12:00:00,2.01442118167877,2.05408530235291,2.07108382951646,2.07596203804016,2.0629504452581,2.01759119510651,2.05293598175049,2.07319360733032,2.06492199897766,2.06625680923462,2.03126521110535,2.04860438346863,2.0257603931427,1.99470598918875
"2000","04",2000-04-16 00:00:00,1.97802839756012,1.96759934425354,1.95952618122101,1.97901998996735,1.96867392374122,2.00323402404785,2.01182641506195,2.00552039146423,2.00815920829773,1.98386239528656,2.04580637931824,2.00259958744049,2.03051078796387,1.96117289656216
"2000","05",2000-05-16 12:00:00,1.92562960147858,1.92398931980133,1.9229028565543,1.93811001777649,1.94999608267909,1.95090519428253,1.94619680404663,1.94107400417328,1.9501024055481,1.95495160102844,1.97648599624634,1.95454080104828,1.96773519992828,1.93714051394118
"2000","06",2000-06-16 00:00:00,1.87882120132446,1.89253334204356,1.8749714238303,1.87004879951477,1.85083826210188,1.90383920669556,1.91111999988556,1.90452480316162,1.88709199905395,1.85253600597382,1.91566999912262,1.86392080307007,1.91223799705505,1.88627464378003
"2000","07",2000-07-16 12:00:00,1.82004880428314,1.82662065823873,1.81814379919143,1.8151015996933,1.84274607119353,1.87134079933167,1.8519496011734,1.8573055934906,1.83906320095062,1.81145159721375,1.87391679763794,1.8074480009079,1.84207721233368,1.84147886517122
"2000","08",2000-08-16 12:00:00,1.82085598945618,1.7941460053126,1.82020189648583,1.8583951997757,1.85224175453186,1.83032480716705,1.82066879749298,1.81138359546661,1.84156920433044,1.86280600070953,1.85327639579773,1.83274160385132,1.81719959259033,1.83237061303915
"2000","09",2000-09-16 00:00:00,1.86291318893433,1.86159001191457,1.88354428041549,1.8871143913269,1.89561825731526,1.86211799144745,1.85890039920807,1.87268400192261,1.88610879898071,1.90281558513641,1.89309400081635,1.90237719535828,1.91048719406128,1.848464012146
"2000","10",2000-10-16 12:00:00,1.90864319801331,1.90369801521301,1.89769573438735,1.90306320667267,1.91768652978151,1.89254600524902,1.89627119541168,1.89849961280823,1.88662919998169,1.91797159671783,1.87897599220276,1.8829659986496,1.87372239589691,1.8846875281678
"2000","11",2000-11-16 00:00:00,2.00821160316467,2.01827464103699,2.01276235353379,2.02106437683105,2.03535998385885,1.95214839458466,1.97952960968018,1.99227879524231,1.99499800682068,2.03289797782898,1.95725040912628,2.02386442184448,1.99577081203461,1.98291308978169
"2000","12",2000-12-16 12:00:00,2.03239278793335,2.07035865783691,2.04808478128342,2.03210159301758,2.04241173163704,2.00069797992706,2.04190320968628,2.02717841625214,2.02099119663239,2.04982837677002,2.00846559524536,2.10379999160767,2.10761837005615,2.01521145314285
"2001","01",2001-01-16 12:00:00,2.05901720046997,2.08097063700358,2.06677047411601,2.04610398292541,2.04825303865516,2.05843599319458,2.07667238235474,2.07872359275818,2.06053359031677,2.07076478004456,2.07450078964233,2.10983561515808,2.13326399803162,2.03017330292574
"2001","02",2001-02-15 00:00:00,2.0139199924469,2.0477800210317,2.03569188572112,2.01572919368744,2.02273695365242,1.99451280117035,2.03947479724884,2.05410038948059,2.01665598392487,2.00524721622467,2.03912040710449,2.01923242092133,2.05442761421204,1.99361288793308
"2001","03",2001-03-16 12:00:00,2.01802959918976,2.06284664471944,2.04423190298535,2.03343162536621,2.0309665410415,2.02625242233276,2.06874080657959,2.06254441261291,2.04747683525085,2.02459599494934,2.05669521331787,2.03914361000061,2.08083521842957,1.99179742877016
"2001","04",2001-04-16 00:00:00,2.00849521160126,2.01093804041545,2.0268428666251,2.0528431892395,2.03559611154639,2.00934758663177,2.03158802986145,2.02703441619873,2.04892518997192,2.0555451965332,2.04834678649902,2.03580240249634,2.01909679412842,2.00564897551979
"2001","05",2001-05-16 12:00:00,1.95753719806671,1.9540120045344,1.93587808949607,1.95878199100494,1.92249608558157,1.99336400985718,1.99390439033508,1.99159998416901,2.01922479152679,1.96812239646912,2.03758877754211,2.01847561359406,2.01894320011139,1.95561319282374
"2001","06",2001-06-16 00:00:00,1.88831519603729,1.88482065995534,1.89827427977607,1.90034599304199,1.86802303791046,1.90159161090851,1.9040092086792,1.90855159282684,1.90722560882568,1.86528518676758,1.93218560218811,1.87707159996033,1.91379839420319,1.8983096916651
"2001","07",2001-07-16 12:00:00,1.84195119857788,1.82197333176931,1.82070094630832,1.84093199253082,1.83878869595735,1.86665560245514,1.84554159641266,1.83400320053101,1.86693559646606,1.83065280914307,1.90340520858765,1.86409960269928,1.90920559406281,1.84800092706975
"2001","08",2001-08-16 12:00:00,1.80586119174957,1.81762732664744,1.8068676165172,1.83512319564819,1.85322912361311,1.81064198970795,1.81379759788513,1.80027560710907,1.80781999588013,1.84796199798584,1.81395760536194,1.82552119731903,1.83153159141541,1.81966711319599
"2001","09",2001-09-16 00:00:00,1.84207120418549,1.84074333508809,1.8644719067074,1.85318399906158,1.86971477840258,1.84015279769897,1.84726359844208,1.85668199539185,1.86226920127869,1.84180719852448,1.85441278934479,1.85433440208435,1.86492000579834,1.83730319603202
"2001","10",2001-10-16 12:00:00,1.88444719314575,1.87736399173737,1.86277714229765,1.87072760105133,1.88230303059454,1.85021038532257,1.85388399600983,1.85751880168915,1.84085199832916,1.88159439563751,1.81709320545197,1.83368359565735,1.80919680595398,1.85403020848933
"2001","11",2001-11-16 00:00:00,1.99957719802856,2.00361999670664,1.98330427919115,2.00314480304718,2.00714696490246,1.95032639980316,1.96837559223175,1.9762652015686,1.98047520160675,2.01051319122314,1.92692039966583,1.97768759250641,1.92281320095062,1.9712443241139
"2001","12",2001-12-16 12:00:00,2.09834959030151,2.15125929514567,2.07979763121832,2.05494441986084,2.11937697037407,2.02923523426056,2.092227602005,2.07873720169067,2.06871682167053,2.1218964099884,2.11086678504944,2.16066079139709,2.17202679634094,2.06626690171429
"2002","01",2002-01-16 12:00:00,2.08671761512756,2.09118798573812,2.11851859092712,2.12142158508301,2.11609827953836,2.04450322151184,2.06840999603271,2.07645760536194,2.07251121520996,2.09531999588013,2.09465320587158,2.06130401611328,2.1004356098175,2.07098236772203
"2002","02",2002-02-15 00:00:00,2.07744199752808,2.10484331448873,2.05692287853786,2.09113882064819,2.106237401133,2.03290120124817,2.08767681121826,2.09884643554688,2.10454002380371,2.1521247959137,2.09372757911682,2.1699427986145,2.14052759170532,2.04761164950341
"2002","03",2002-03-16 12:00:00,2.0771656036377,2.10464803377787,2.0718914100102,2.05919239997864,2.04757476889569,2.02560839176178,2.09751398086548,2.10625241279602,2.07078999519348,2.05121880531311,2.09910961151123,2.06035438537598,2.10476522445679,2.05224266740465
"2002","04",2002-04-16 00:00:00,2.01769437789917,2.02134267489115,2.04713333220709,2.07165240287781,2.03923784131589,2.05819918632507,2.05226838111877,2.08067959785461,2.09034799575806,2.07921483039856,2.06272241592407,2.08018280029297,2.07129481315613,2.02249660074096
"2002","05",2002-05-16 12:00:00,1.93936320304871,1.92907066345215,1.95004572754815,1.96352160930634,1.92160564920177,1.97398719787598,1.96463198661804,1.9623268032074,1.98604280471802,1.95563919067383,2.01808321475983,1.98356320381165,2.01426801204681,1.95321082085678
"2002","06",2002-06-16 00:00:00,1.91047639846802,1.90111134847005,1.91888809771765,1.89863278388977,1.89239521648573,1.9250931930542,1.91446561336517,1.90132080078125,1.88391438961029,1.88315280914307,1.8968251991272,1.88644639968872,1.89923439979553,1.93186309411354
"2002","07",2002-07-16 12:00:00,1.8057007932663,1.7988099972407,1.83335142476218,1.83149039268494,1.82504738932071,1.84210800647736,1.81268679141998,1.82723040103912,1.83146760463715,1.80311399936676,1.83950919628143,1.80906800746918,1.8452704000473,1.83148546562981
"2002","08",2002-08-16 12:00:00,1.81033240318298,1.81088333924611,1.78799094472613,1.80371199607849,1.81629477894824,1.8055696105957,1.80330559253693,1.8143175983429,1.82543880462646,1.82770320415497,1.84020638942718,1.82075720787048,1.83162079334259,1.82034309131583
"2002","09",2002-09-16 00:00:00,1.83197279453278,1.83295063972473,1.87507713976361,1.87898799419403,1.8808565347091,1.84046040058136,1.83479839324951,1.85271359443665,1.84975560665131,1.87180560112,1.83497159481049,1.83680920124054,1.82623919963837,1.83648061260735
"2002","10",2002-10-16 12:00:00,1.9310024023056,1.94949465592702,1.95570808932895,1.96684160709381,1.93727522829305,1.92573960781097,1.94829199790955,1.95284639358521,1.93275280475616,1.95481719493866,1.86346040248871,1.9056280040741,1.84971719741821,1.90039834902459
"2002","11",2002-11-16 00:00:00,1.98022320270538,1.97761999766032,1.98996095430283,1.99790680885315,2.0035769680272,1.96613880634308,1.97150239944458,1.98287239551544,1.97057441711426,1.99845400333405,1.93980360031128,1.95818559646606,1.95251000881195,1.96328907406207
"2002","12",2002-12-16 12:00:00,2.01728160858154,2.01927135785421,1.99939857778095,2.00701557636261,2.04709651159204,1.98904799938202,2.01056001186371,1.99117080688477,1.99951001167297,2.03225879669189,2.02137802124023,2.0368120098114,2.05815642356873,1.99746752399759
"2003","01",2003-01-16 12:00:00,2.04409600257874,2.07256668408712,2.02084191640218,2.01189116477966,2.02055958042974,2.00327920913696,2.06929400444031,2.02744921207428,2.01725638866425,2.0301951789856,2.03262317657471,2.07327518463135,2.09483361244202,2.00366619444385
"2003","02",2003-02-15 00:00:00,2.00985641479492,2.00322199662526,2.04175240652902,2.04929598808289,2.04812869818314,2.0166824054718,2.0279011964798,2.04141879081726,2.07003998756409,2.06584040641785,2.07810519218445,2.10324799537659,2.10232479095459,2.01045031277175
"2003","03",2003-03-16 12:00:00,2.03118636131287,2.05117063522339,2.04094142005557,2.07132640838623,2.08078480803448,2.00688241004944,2.05570038795471,2.05839120864868,2.06017761230469,2.09694759368896,2.04559799194336,2.07043960571289,2.06025358200073,2.02236248168749
"2003","04",2003-04-16 00:00:00,1.98203959941864,1.97272667090098,2.00307142734528,2.01174722194672,2.00917739971824,1.98174000740051,1.99333720684052,2.01589718818665,2.02161640167236,2.03352638244629,2.01706639289856,2.03910877227783,2.04513878822327,1.97547031063394
"2003","05",2003-05-16 12:00:00,1.90865560531616,1.9358980178833,1.93585666588375,1.9553112077713,1.91834565867548,1.96683121204376,1.96542639732361,1.96295840263367,1.9659188079834,1.94949201107025,1.97678521633148,1.96956321239471,1.98554720401764,1.91956371007506
"2003","06",2003-06-16 00:00:00,1.97960160255432,1.94376866817474,1.93865999721345,1.95120479106903,1.98855087031489,1.99441000938416,1.97723799705505,1.95177839756012,1.9499787902832,1.97005119800568,1.96159359931946,1.97317759990692,1.98195240974426,1.97563391616664
"2003","07",2003-07-16 12:00:00,1.89068160057068,1.85835999647776,1.86780570802234,1.87145880222321,1.86435739372088,1.90857799053192,1.89749799728394,1.90302201271057,1.91255399703979,1.87687320709229,1.93688080310822,1.91374920845032,1.93255280017853,1.8857856693956
"2003","08",2003-08-16 12:00:00,1.81644559860229,1.79072663784027,1.7984809478124,1.81362240314484,1.82369911670685,1.85531719684601,1.82641198635101,1.82693079948425,1.84032639026642,1.82523560523987,1.86845880508423,1.82845641136169,1.85875401496887,1.83306102900161
"2003","09",2003-09-16 00:00:00,1.83017920970917,1.83970867792765,1.86608857200259,1.85640120029449,1.84291565418243,1.82009840011597,1.83432000637054,1.83544479846954,1.83336959838867,1.84989240646362,1.82569639205933,1.82666920185089,1.82465040683746,1.83428535141896
"2003","10",2003-10-16 12:00:00,1.89628999710083,1.90681533018748,1.92398191633679,1.92487439155579,1.90504957282025,1.88145240306854,1.89777760028839,1.89436921596527,1.90007519721985,1.91463359355927,1.85872080802917,1.89867519855499,1.86762519359589,1.88323990217189
"2003","11",2003-11-16 00:00:00,2.00605920791626,2.01041599114736,2.01247141474769,2.05188921928406,2.07890957334767,1.99016281604767,1.98972200393677,1.99020321369171,2.01408840179443,2.08216205596924,1.9660435962677,2.02566079616547,1.96788599014282,1.9956960825576
"2003","12",2003-12-16 12:00:00,2.05948039054871,2.07788000106812,2.05101426442464,2.07753840446472,2.11939829328786,2.01950122833252,2.04179440498352,2.02203598976135,2.05318360328674,2.11428960800171,2.05437239646912,2.13903959274292,2.11956960678101,2.02588784080191
"2004","01",2004-01-16 12:00:00,2.15844799995422,2.17299866676331,2.14887569064186,2.13973280906677,2.13987303816754,2.11397080421448,2.137848777771,2.13130919456482,2.10914640426636,2.14335599899292,2.07354441642761,2.13580801010132,2.14694200515747,2.1254602142216
"2004","02",2004-02-15 12:00:00,2.09061758995056,2.10742464065552,2.09508478073847,2.09495362281799,2.09329219486402,2.06982597351074,2.10855679512024,2.09401837348938,2.07958519935608,2.10494482040405,2.05469158172607,2.0972163772583,2.09554117202759,2.04178247746733
"2004","03",2004-03-16 12:00:00,2.03516118049622,2.04281934102376,2.05702382042294,2.05458918571472,2.05956913077313,2.03809759140015,2.05309918403625,2.05248120307922,2.03334157943726,2.06139238357544,2.03649157524109,2.02451239585876,2.04203722000122,2.01530185188215
"2004","04",2004-04-16 00:00:00,1.97748759746552,1.98121801217397,2.01345668520246,2.01964281082153,2.00372262104698,2.01609400272369,2.02262799739838,2.03428441047668,2.0369448184967,2.0281183719635,2.04680118560791,2.01278000354767,2.01657401561737,1.98640989151198
"2004","05",2004-05-16 12:00:00,1.92799919605255,1.93169399897257,1.96560666106996,1.96542119026184,1.94465347476628,1.90842920303345,1.90794279575348,1.92738758563995,1.9282755947113,1.94043759822845,1.92506761074066,1.92234479904175,1.93724321365356,1.94875814005272
"2004","06",2004-06-16 00:00:00,1.96654240608215,1.94691601594289,1.95081429822104,1.96841960906982,1.97105826502261,1.98665880203247,1.97223159790039,1.95973000049591,1.9741108083725,1.97484560489655,1.98036559104919,1.98109760761261,1.98602920055389,1.983658353078
"2004","07",2004-07-16 12:00:00,1.86818360805511,1.83728532791138,1.81421953155881,1.81856680870056,1.82031043197798,1.90754761219025,1.87936678886414,1.84408041000366,1.85346199512482,1.82556879997253,1.90117079257965,1.86818959236145,1.92223439693451,1.86804443044761
"2004","08",2004-08-16 12:00:00,1.86864919185638,1.86392599741618,1.87021333263034,1.87480600357056,1.88847871966984,1.88764120101929,1.8830083990097,1.87734039306641,1.88501799583435,1.88158319473267,1.90222440719605,1.89094680309296,1.92199119091034,1.88457907966732
"2004","09",2004-09-16 00:00:00,1.80214280605316,1.79086933930715,1.82349904945918,1.83993000507355,1.86480782861295,1.82044360160828,1.79595160484314,1.81173840045929,1.8090991973877,1.84696120262146,1.81505959510803,1.80471920013428,1.81078439712524,1.8283390753048
"2004","10",2004-10-16 12:00:00,1.95908679962158,1.97980267206828,1.96612761134193,1.98752880096436,1.96457740016606,1.87354999542236,1.93560680389404,1.95374200344086,1.94693001270294,1.97949598789215,1.89632120609283,1.94350159645081,1.9157483959198,1.92227226434295
"2004","11",2004-11-16 00:00:00,2.02169798851013,2.02744935353597,2.03365952627999,2.04644918441772,2.03710783046225,1.99241879463196,2.0256803894043,2.02971159934998,2.04722120285034,2.05144359588623,2.0338671875,2.05583680152893,2.04304840087891,2.0111907167533
"2004","12",2004-12-16 12:00:00,2.06929358482361,2.06025735537211,2.11731905028934,2.10498041152954,2.08246826088947,2.03891557693481,2.07790678024292,2.11256122589111,2.08966041564941,2.06355999946594,2.10779399871826,2.08483362197876,2.14500000953674,2.05401381389382
"2005","01",2005-01-16 12:00:00,2.06906480789185,2.08521993954976,2.07630951063974,2.06302759170532,2.07379089231076,2.02725281238556,2.06546799659729,2.08334079742432,2.07297002792358,2.03285201072693,2.11141039848328,2.03600601196289,2.11720279693604,2.03812526058905
"2005","02",2005-02-15 00:00:00,2.08027879714966,2.10454533894857,2.10220289230347,2.10741641044617,2.09228260620781,2.05273441314697,2.091775598526,2.11550801277161,2.1007603931427,2.07495321273804,2.10347360610962,2.08300759315491,2.11983999252319,2.04475020379135
"2005","03",2005-03-16 12:00:00,2.04361877441406,2.05979800224304,2.08421760513669,2.09281920433044,2.07127955685491,2.03182641029358,2.06922919273376,2.07846519470215,2.08188561439514,2.07128918647766,2.08882920265198,2.04346838951111,2.07367840766907,2.01891525135827
"2005","04",2005-04-16 00:00:00,1.98802079677582,1.98916534582774,1.99214189960843,2.00808117866516,2.00402347937874,1.98070320129395,2.0034939956665,1.99938922405243,2.02525919914246,2.01995198249817,2.0589640045166,2.03006600379944,2.05839720726013,1.97844783669895
"2005","05",2005-05-16 12:00:00,1.95940559864044,1.95577732721965,1.97468191101438,1.99001998901367,1.95220043348229,1.98016080379486,1.98391761302948,1.98903518199921,2.01043199062347,1.9907091999054,2.02207880973816,2.01640519142151,2.02096322059631,1.954235568489
"2005","06",2005-06-16 00:00:00,1.92869559764862,1.90179198582967,1.89461809112912,1.88938039302826,1.85904913881551,1.94558201313019,1.92726959705353,1.91469440937042,1.90386479854584,1.86414599895477,1.91800199508667,1.87637359619141,1.89818720340729,1.92116174747034
"2005","07",2005-07-16 12:00:00,1.86343400001526,1.84682733217875,1.86263619718098,1.87059719562531,1.86267739793529,1.89267640113831,1.86130320549011,1.85850360393524,1.85504040718079,1.85381281375885,1.86374921321869,1.82812039852142,1.85076040744782,1.88700628526432
"2005","08",2005-08-16 12:00:00,1.83867080211639,1.85448064804077,1.86699950695038,1.874579205513,1.85048261414403,1.88571081638336,1.86837000846863,1.89313358306885,1.90559959888458,1.88667041301727,1.90422400474548,1.89399442195892,1.87882520675659,1.87337144748452
"2005","09",2005-09-16 00:00:00,1.81044920444489,1.81731199423472,1.8461590437662,1.84039720058441,1.8529686772305,1.82180641651154,1.81659079551697,1.84069839954376,1.83377519607544,1.83299840450287,1.86220440387726,1.80828679561615,1.84000079631805,1.8389953620655
"2005","10",2005-10-16 12:00:00,1.87949479103088,1.91883132457733,1.9312257142294,1.93351319313049,1.92709521625353,1.8651095867157,1.90189919948578,1.91586040019989,1.88780679702759,1.91721479892731,1.85640480041504,1.87578919887543,1.86027281284332,1.88463968837384
"2005","11",2005-11-16 00:00:00,1.94455560207367,1.95948266983032,1.94527998992375,1.94641280174255,1.97374216888262,1.91478519916534,1.94759000301361,1.92111719608307,1.90280921459198,1.95805280208588,1.85585920333862,1.91648480415344,1.86682800769806,1.9224359804822
"2005","12",2005-12-16 12:00:00,2.08412362098694,2.09490868250529,2.06356334686279,2.1111116027832,2.14479389397994,2.05823318481445,2.05496279716492,2.03164080142975,2.09000399589539,2.18248559951782,2.04691237449646,2.17536759376526,2.13360800743103,2.04605185493981
"2006","01",2006-01-16 12:00:00,2.12979761123657,2.10493001937866,2.12182093801953,2.16669200897217,2.15215162277222,2.10353760719299,2.06219039916992,2.07106042861938,2.15737880706787,2.21521842956543,2.15332240104675,2.24294360160828,2.21921558380127,2.0989298085186
"2006","02",2006-02-15 00:00:00,2.1203632068634,2.11170468330383,2.09406619980222,2.10436360359192,2.11811400413513,2.11621919631958,2.11962760925293,2.0797532081604,2.09652481079102,2.1380463886261,2.13796080589294,2.16090722084045,2.21645000457764,2.08738281348041
"2006","03",2006-03-16 12:00:00,2.06444199562073,2.05833400090535,2.07392049971081,2.07824918746948,2.04077640533447,2.1080267906189,2.09849038124084,2.0864068031311,2.08202357292175,2.06151198387146,2.06766717910767,2.07310998916626,2.09012360572815,2.05360738139286
"2006","04",2006-04-16 00:00:00,1.98004240989685,1.97261868317922,1.99498810086932,2.00823839664459,1.98494320392609,2.0170392036438,2.00977079868317,2.016124792099,2.04034440040588,2.02207680225372,2.05029560089111,2.03718199729919,2.04172240257263,1.96867009746694
"2006","05",2006-05-16 12:00:00,1.97211720943451,1.96413064797719,1.95301617894854,1.9696508026123,1.96950078964233,2.00226841449738,1.99433598041534,1.98509680271149,2.00105201721191,1.9823995923996,2.02513999938965,2.01615678310394,2.02645642280579,1.96840626502706
"2006","06",2006-06-16 00:00:00,1.94291759967804,1.92155196666718,1.95636047068096,1.96924359798431,1.95235399246216,1.98604001045227,1.95154639720917,1.95462919712067,1.99123440265656,1.97225839614868,2.00663319587708,2.01408199310303,2.02300520896912,1.96201289702799
"2006","07",2006-07-16 12:00:00,1.85876239299774,1.85807867050171,1.84986047517686,1.85122400283813,1.80383840560913,1.92195359230041,1.8949588060379,1.88462280750275,1.89842921257019,1.84143799781799,1.93994120597839,1.9045631980896,1.94964119434357,1.88580252745441
"2006","08",2006-08-16 12:00:00,1.8556832075119,1.83812335332235,1.88234190146128,1.87746720790863,1.85477559089661,1.88877840042114,1.86984799385071,1.8624528169632,1.86477520942688,1.83894320011139,1.87893121242523,1.84244319915771,1.87623959541321,1.86961318065073
"2006","09",2006-09-16 00:00:00,1.8228191947937,1.81150667667389,1.86383999529339,1.87781160354614,1.88058839797974,1.82444518566132,1.82649959564209,1.8402295923233,1.85188039779663,1.8565291929245,1.83131040096283,1.82762319087982,1.82725159645081,1.85287859618107
"2006","10",2006-10-16 12:00:00,1.90354079723358,1.925430671374,1.94033904870351,1.96440640926361,1.95482638835907,1.88351241111755,1.91567520141602,1.9293744134903,1.92760320663452,1.96579879760742,1.87390879154205,1.92198359966278,1.87616720676422,1.89771009494211
"2006","11",2006-11-16 00:00:00,2.02754718780518,2.05098667144775,2.04681475957235,2.05743402481079,2.08182240486145,1.98852360248566,2.02440960407257,2.03702117919922,2.0329771900177,2.09046682357788,2.01273118972778,2.06300598144531,2.03782920837402,2.03217102768265
"2006","12",2006-12-16 12:00:00,2.01175681591034,2.03947134017944,2.02107762155079,1.98724959850311,2.00600600242615,1.96927439212799,2.0207080078125,2.04088802337647,2.00223478794098,2.00052520275116,2.05425719261169,2.0334307718277,2.08274396896362,2.00700793533682
"2007","01",2007-01-16 12:00:00,2.00953319549561,2.01702332496643,2.02297190257481,2.02447999954224,2.01833681106567,1.97466158866882,2.00269640445709,2.0477984046936,2.05700759887695,2.02226958274841,2.06265040397644,2.06603158950806,2.07979400634766,2.0167524268694
"2007","02",2007-02-15 00:00:00,1.99367240905762,2.01161266167959,2.03347715877351,2.03496240615845,2.05885598182678,1.99580440998077,2.01943398952484,2.02840239524841,2.04367521286011,2.07693239212036,2.06395401000977,2.09689239501953,2.1190931892395,1.99711169037863
"2007","03",2007-03-16 12:00:00,2.03659078598022,2.03587468465169,2.0412905216217,2.07950357437134,2.04270239830017,1.99523879051208,2.03021599292755,2.03905321121216,2.05394240379333,2.09189041137695,2.04031439781189,2.06258359909058,2.05846920967102,2.02593710600773
"2007","04",2007-04-16 00:00:00,2.04938720703125,2.06288201014201,2.0616147518158,2.04916320800781,2.0296847820282,2.0161720085144,2.0528955745697,2.04459718704224,2.02261438846588,2.03069039344788,2.01383838653564,2.01621078968048,2.01531639575958,2.02288718535521
"2007","05",2007-05-16 12:00:00,2.00601958274841,2.01504468917847,2.0214752469744,2.03322678565979,2.01511518955231,2.02457279205322,2.03592041015625,2.03208198547363,2.03274920463562,2.02847560882568,2.02032760620117,2.03468718528748,2.0223975944519,2.0119671966428
"2007","06",2007-06-16 00:00:00,1.93994318962097,1.94757863680522,1.91220620132628,1.90924279212952,1.89918079853058,1.97946719169617,1.96779438972473,1.95729320526123,1.96730719089508,1.92192439079285,2.01603159427643,1.99173159122467,2.06018159866333,1.94731551353062
"2007","07",2007-07-16 12:00:00,1.87378200054169,1.85852267742157,1.85867238044739,1.85515519618988,1.81416039466858,1.90923359394073,1.88786999702454,1.87449320316315,1.88105759143829,1.84353799819946,1.92144320487976,1.87020919799805,1.91140120983124,1.88298654110632
"2007","08",2007-08-16 12:00:00,1.87375280380249,1.87969799836477,1.90704191866375,1.88730440139771,1.88947080612183,1.89230880737305,1.88416800022125,1.88565000534058,1.88070600509644,1.87052400588989,1.91004760742188,1.87601200580597,1.91349400520325,1.89456018109188
"2007","09",2007-09-16 00:00:00,1.89383359909058,1.89274667898814,1.89409048216684,1.91527440547943,1.92662041187286,1.90047040462494,1.9039640045166,1.90092879772186,1.90557879924774,1.91827159404755,1.8930419921875,1.91345039844513,1.91692600250244,1.89663280393476
"2007","10",2007-10-16 12:00:00,1.89682839870453,1.90663069089254,1.92965811207181,1.92846240997314,1.93904279232025,1.91687439918518,1.91596879959106,1.92166680335999,1.91766441345215,1.92537719726563,1.90956879138947,1.91216880321503,1.91750159740448,1.89357028609124
"2007","11",2007-11-16 00:00:00,2.02283998012543,2.05135469436645,2.07908141045343,2.06664880752563,2.07511919975281,1.98443640232086,1.99939679145813,2.02504403591156,2.01681400775909,2.07633997917175,1.96768440246582,2.03151878833771,1.98359239578247,2.0108931922467
"2007","12",2007-12-16 12:00:00,2.08904440879822,2.11882066726685,2.06665427344186,2.09654040336609,2.10035879135132,2.03806599617004,2.08507078170776,2.08224959373474,2.13028442382813,2.1824792098999,2.1144372177124,2.24713681221008,2.20514400482178,2.05945786026037
"2008","01",2008-01-16 12:00:00,2.11683359146118,2.13299271265666,2.10241379056658,2.0951296043396,2.12974200248718,2.06543561935425,2.10657521247864,2.06405359268188,2.06102200508118,2.15515398979187,2.09761518478394,2.149381980896,2.17076240539551,2.07625879305545
"2008","02",2008-02-15 12:00:00,2.0198975944519,2.03096799850464,2.06597951480321,2.05856598854065,2.05647438049316,2.00905517578125,2.04019319534302,2.03805000305176,2.02149478435516,2.03725638389587,1.99634958267212,2.00498600959778,1.98063961029053,1.99495532802332
"2008","03",2008-03-16 12:00:00,2.0814852142334,2.11564466158549,2.12304286729722,2.10640121459961,2.10896679878235,2.07085720062256,2.10645240783691,2.10964761734009,2.08292680740356,2.10226439476013,2.06205400466919,2.08465000152588,2.08874079704285,2.06141393206944
"2008","04",2008-04-16 00:00:00,2.04832841873169,2.05783936182658,2.07039713859558,2.07727918624878,2.06724279403687,2.06901799201965,2.07284600257874,2.07741478919983,2.07458199501038,2.07980800628662,2.08640198707581,2.06607560157776,2.07732281684875,2.04334421024144
"2008","05",2008-05-16 12:00:00,2.00537081241608,2.00693600177765,2.01406716165088,2.02836721420288,1.99963642120361,2.0490664100647,2.04177241802216,2.04832078933716,2.07094319343567,2.04782680511475,2.0726863861084,2.08245279312134,2.07258960723877,2.02625337382343
"2008","06",2008-06-16 00:00:00,1.9679136133194,1.95656533241272,1.97030429613023,1.95974120616913,1.92847519874573,1.98934558868408,1.98585360050201,1.98450520515442,1.99274479866028,1.94393599510193,2.01630759239197,1.98818599224091,2.02058522224426,1.98032374025505
"2008","07",2008-07-16 12:00:00,1.89764118671417,1.87813667456309,1.87878477005731,1.89130321025848,1.88434599876404,1.92753719329834,1.91020320415497,1.88734000682831,1.9158951997757,1.89613279342651,1.95823600769043,1.92288358688354,1.95388959407806,1.91924036217627
"2008","08",2008-08-16 12:00:00,1.89596840381622,1.86755735874176,1.89465380282629,1.90189239501953,1.90784759998322,1.9204659986496,1.88906640529633,1.89067359924316,1.9173140001297,1.90128960132599,1.93363160610199,1.90090320110321,1.91787439823151,1.91371766651902
"2008","09",2008-09-16 00:00:00,1.92666360378265,1.9311813433965,1.92900239285969,1.95059202194214,1.96153919696808,1.92849598884583,1.93182720661163,1.94138239383698,1.95347361564636,1.96436280727386,1.96182079792023,1.94877440452576,1.94328080177307,1.92527887197298
"2008","10",2008-10-16 12:00:00,1.99690201282501,1.99258800347646,2.01041428248088,2.01299598693848,2.00950679779053,1.96651640892029,1.97516160011292,1.99012160301208,1.9910231924057,1.98708680152893,1.96454760551453,1.95988320350647,1.95546799182892,1.9842807522444
"2008","11",2008-11-16 00:00:00,2.06811880111694,2.07544468243917,2.09727094286964,2.08652039527893,2.10429880142212,2.02584519863129,2.03781761169434,2.07834761619568,2.05798000335693,2.0827979850769,2.01578999042511,2.05219921112061,2.02523878097534,2.07483720779419
"2008","12",2008-12-16 12:00:00,2.1156992149353,2.14018135070801,2.1323142959958,2.12058999061584,2.14191161155701,2.05340759277344,2.0960179901123,2.1177560043335,2.0901416015625,2.14339840888977,2.08538001060486,2.11375720024109,2.11613120079041,2.12620233375335
"2009","01",2009-01-16 12:00:00,2.16054960250854,2.16306133270264,2.15457286153521,2.16155638694763,2.15714080810547,2.14156558990478,2.13838043212891,2.13711197853088,2.17422840118408,2.22192642211914,2.16716359138489,2.26357642173767,2.21884119033813,2.13524384587725
"2009","02",2009-02-15 00:00:00,2.11433958053589,2.13329531351725,2.13043477421715,2.11152400016785,2.09664638519287,2.11478600502014,2.14431719779968,2.13982398986816,2.08697758674622,2.102584400177,2.0934303855896,2.10320839881897,2.13113638877869,2.10654924740301
"2009","03",2009-03-16 12:00:00,2.10723678588867,2.10626532236735,2.10903477668762,2.08920121192932,2.09193199157715,2.10754399299622,2.12588562011719,2.10686800003052,2.08634958267212,2.08998320579529,2.12104640960693,2.11365522384644,2.1401132106781,2.07710439913741
"2009","04",2009-04-16 00:00:00,2.03531559944153,2.03733867009481,2.06584617069789,2.06309399604797,2.04765079498291,2.0602331829071,2.06552998542786,2.07428000450134,2.05968158721924,2.05754680633545,2.07194118499756,2.05246918678284,2.04299481391907,2.03426037102102
"2009","05",2009-05-16 12:00:00,1.98587319374084,1.99532668590546,2.02608380998884,2.02336280345917,1.98767640590668,2.01050960063934,2.00374719619751,2.02194478988647,2.03297922134399,2.00458920955658,2.02662480354309,2.02438840866089,2.02554758071899,1.99000316468355
"2009","06",2009-06-16 00:00:00,1.94678680419922,1.9435706615448,1.95622238658723,1.9419588136673,1.92068479537964,1.97225960254669,1.96284279346466,1.94976919651031,1.94020640850067,1.92777640342712,1.9398379945755,1.92470320224762,1.92829359531403,1.95985187102701
"2009","07",2009-07-16 12:00:00,NA,NA,NA,NA,NA,NA,NA,NA,NA,NA,NA,NA,NA,NA
"2009","08",2009-08-16 12:00:00,NA,NA,NA,NA,NA,NA,NA,NA,NA,NA,NA,NA,NA,NA
"2009","09",2009-09-16 00:00:00,NA,NA,NA,NA,NA,NA,NA,NA,NA,NA,NA,NA,NA,NA
"2009","10",2009-10-16 12:00:00,NA,NA,NA,NA,NA,NA,NA,NA,NA,NA,NA,NA,NA,NA
"2009","11",2009-11-16 00:00:00,NA,NA,NA,NA,NA,NA,NA,NA,NA,NA,NA,NA,NA,NA
"2009","12",2009-12-16 12:00:00,NA,NA,NA,NA,NA,NA,NA,NA,NA,NA,NA,NA,NA,NA
"2010","01",2010-01-16 12:00:00,NA,NA,NA,NA,NA,NA,NA,NA,NA,NA,NA,NA,NA,NA
