Year,Month,PrecipTRMM1,PrecipTRMM2,PrecipTRMM3,PrecipTRMM4,PrecipTRMM5,PrecipTRMM6,PrecipTRMM7,PrecipTRMM8,PrecipTRMM9,PrecipTRMM10,PrecipTRMM11,PrecipTRMM12,PrecipTRMM13,PrecipTRMM14
1998,1,0.00096,0.00202,0.00416,0.04255,0.00177,0.00472,0.00583,0.01106,0.05888,0.03558,0.02341,0.04569,0.02662,0.00456
1998,2,0.00159,0.0068,0.00534,0.00926,0.00611,0.00037,0.00191,0.00472,0.00439,0.01201,0.00025,0.00639,0.00055,0.00061
1998,3,0.00256,0.01315,0.01623,0.03699,0.02481,0.00064,0.00422,0.01539,0.01387,0.0202,0.0082,0.01943,0.01617,0.00078
1998,4,0.03585,0.05297,0.06726,0.16725,0.13224,0.00636,0.00869,0.07585,0.15285,0.07991,0.10322,0.07856,0.08635,0.01368
1998,5,0.17194,0.29682,0.30258,0.28424,0.34641,0.23923,0.27685,0.25968,0.26549,0.33885,0.28269,0.31187,0.27563,0.11258
1998,6,1.6725,1.41584,1.2519,0.8855,0.39344,1.20416,1.11751,1.09999,0.86187,0.50605,0.74572,0.47447,0.44674,0.88474
1998,7,1.43764,1.2451,0.90693,0.55567,0.28469,0.82834,0.5803,0.61496,0.3761,0.38634,0.35556,0.39686,0.38836,0.99371
1998,8,0.59402,0.50908,0.41851,0.50127,0.27169,0.43602,0.41077,0.3947,0.40431,0.28242,0.29821,0.21459,0.23203,0.59732
1998,9,0.93056,0.70633,0.6848,0.67142,0.50143,0.64006,0.60636,0.61337,0.4775,0.44134,0.35572,0.33419,0.29784,0.60123
1998,10,0.48028,0.64175,0.56667,0.56448,0.58673,0.41771,0.53033,0.45627,0.32373,0.39482,0.28202,0.22291,0.20352,0.34772
1998,11,0.11011,0.17388,0.16882,0.21976,0.33866,0.13252,0.2129,0.30431,0.33428,0.31521,0.34398,0.26367,0.1768,0.09294
1998,12,0.06004,0.08161,0.09506,0.19931,0.32184,0.08069,0.12397,0.1367,0.25044,0.23504,0.32421,0.24284,0.40771,0.01292
1999,1,0.00176,0.00186,0.00166,0.01513,0.0143,0.01732,0.00064,0.00492,0.01883,0.02568,0.01768,0.02531,0.01983,0.00229
1999,2,0.00297,0.00544,0.0091,0.04705,0.12819,0.00068,0.00919,0.01262,0.02018,0.05048,0.01098,0.04124,0.03463,0.00231
1999,3,0.00257,0.02236,0.03695,0.04932,0.04322,0.00051,0.0028,0.01407,0.037711693,0.04404,0.00935,0.04383,0.00734,0.00045
1999,4,0.03979,0.11602,0.13909,0.32199,0.26115,0.00717,0.05114,0.08414,0.17328645,0.25053,0.07176,0.09645,0.05066,0.02
1999,5,0.73397,0.65172,0.63575,0.66095,0.56315,0.78041,0.55757,0.54126,0.396265122,0.47504,0.44422,0.46195,0.47851,0.37308
1999,6,1.18151,0.88343,0.8369,0.67203,0.55899,0.75925,0.49842,0.5753,0.438286416,0.4402,0.37727,0.30707,0.34125,0.91152
1999,7,1.87436,1.2911,0.91001,0.66762,0.33545,1.28066,1.03972,0.8568,0.654319586,0.36115,0.60929,0.40965,0.48455,1.40704
1999,8,0.68297,0.44436,0.28864,0.29758,0.13609,0.31101,0.22588,0.22123,0.251776701,0.19153,0.20704,0.19749,0.17339,0.33542
1999,9,0.26528,0.12668,0.08137,0.16738,0.09141,0.16027,0.14361,0.11708,0.166804684,0.15526,0.14121,0.15649,0.12925,0.20332
1999,10,0.58695,0.62288,0.64323,0.84873,0.79102,0.39702,0.40546,0.43637,0.499186009,0.56866,0.41119,0.39874,0.35972,0.34417
1999,11,0.06836,0.11672,0.12635,0.19972,0.17857,0.05922,0.09761,0.09712,0.1498776,0.12266,0.11944,0.10333,0.10225,0.00833
1999,12,0.00987,0.00458,0.00757,0.0228,0.01699,0.00604,0.0224,0.01968,0.035236895,0.03805,0.05679,0.051,0.10255,0.00085
2000,1,0.0159,0.01255,0.01185,0.03027,0.0187,0.02901,0.03383,0.0227,0.035105847,0.02575,0.04158,0.05213,0.15069,0.00494
2000,2,0.00251,0.01187,0.04475,0.15725,0.22917,0.00073,0.01858,0.01668,0.053593751,0.10722,0.03324,0.05261,0.0667,0.00202
2000,3,0.00238,0.00353,0.01161,0.07241,0.0413,0.00306,0.00876,0.0051,0.01585211,0.06603,0.00234,0.05219,0.02353,0.00102
2000,4,0.08862,0.13233,0.12707,0.17894,0.21034,0.0712,0.0956,0.11142,0.121908853,0.19228,0.06998,0.20192,0.18733,0.04873
2000,5,0.35013,0.2666,0.20364,0.2115,0.07342,0.28214,0.22589,0.23866,0.252961184,0.18671,0.23089,0.25452,0.26732,0.26309
2000,6,1.44702,1.16698,0.87399,0.77577,0.47825,1.12824,1.00832,0.87293,0.665270842,0.52774,0.55587,0.4456,0.44283,1.01865
2000,7,1.07761,0.76993,0.50425,0.40945,0.15283,0.68152,0.48077,0.46244,0.311960688,0.22811,0.20049,0.24099,0.18232,1.04955
2000,8,0.84059,0.84543,0.61524,0.71138,0.55368,0.6437,0.55121,0.66771,0.461345761,0.46502,0.46953,0.43164,0.31372,0.78136
2000,9,0.22786,0.25278,0.2033,0.39235,0.31149,0.30425,0.35489,0.26591,0.414328105,0.30945,0.31833,0.2699,0.24421,0.26624
2000,10,0.28921,0.36386,0.32394,0.29132,0.19552,0.21071,0.19752,0.30183,0.295244439,0.24491,0.27558,0.19534,0.1934,0.22205
2000,11,0.03526,0.20187,0.21619,0.22366,0.2048,0.06436,0.25369,0.24972,0.214742184,0.19075,0.19126,0.18642,0.13215,0.01153
2000,12,0.03408,0.09641,0.08205,0.06623,0.12816,0.02945,0.07838,0.06048,0.055206651,0.04825,0.03532,0.01547,0.01081,0.00307
2001,1,0.00371,0.01449,0.02219,0.03139,0.0406,0.00285,0.00517,0.02079,0.05125,0.06068,0.05998,0.10055,0.11107,0.00443
2001,2,0.00317,0.01943,0.07423,0.12062,0.04755,0.00045,0.0182,0.21989,0.11507,0.049,0.07795,0.09566,0.0554,0.00049
2001,3,0.00156,0.00146,0.00486,0.01158,0.01659,0.00043,0.00093,0.00765,0.0122,0.015,0.00427,0.0028,0.00393,0.00096
2001,4,0.15465,0.27373,0.38778,0.41581,0.33149,0.10536,0.14657,0.18744,0.28093,0.34543,0.19921,0.29128,0.28761,0.09494
2001,5,0.36883,0.49505,0.46721,0.47894,0.23597,0.33656,0.45216,0.50973,0.5532,0.38796,0.4848,0.40786,0.41309,0.16472
2001,6,1.18133,0.923,0.89053,0.8271,0.26961,0.88993,0.91509,0.99635,0.86626,0.57203,0.68091,0.56793,0.51333,0.55316
2001,7,1.00392,0.78298,0.62518,0.56057,0.33105,1.14745,0.97416,0.70432,0.73213,0.54828,0.59378,0.64119,0.49043,0.72807
2001,8,0.54086,0.43553,0.30984,0.21701,0.19825,0.3707,0.30297,0.26065,0.25741,0.21486,0.24314,0.23238,0.21355,0.42045
2001,9,0.2926,0.23559,0.24234,0.34839,0.3987,0.32795,0.34435,0.30791,0.24716,0.35141,0.25555,0.28662,0.31585,0.22779
2001,10,0.31494,0.30141,0.35511,0.36917,0.2655,0.20394,0.21973,0.25788,0.32421,0.37735,0.2425,0.28767,0.18621,0.15293
2001,11,0.14599,0.17252,0.24943,0.26389,0.19688,0.10699,0.15126,0.21519,0.21403,0.11069,0.14536,0.12716,0.15667,0.04721
2001,12,0.01498,0.00425,0.00347,0.03163,0.06054,0.02028,0.01153,0.00817,0.02292,0.04633,0.01574,0.03034,0.04322,0.0039
2002,1,0.00203,0.00522,0.00481,0.01002,0.01213,0.00249,0.001,0.00414412,0.00284,0.0105,0.00951,0.00488,0.01558,0.00325
2002,2,0.00594,0.00539,0.01344,0.05841,0.03336,0.00684,0.00988,0.02002,0.06124,0.05809,0.09657,0.04397,0.03548,0.01413
2002,3,0.00348,0.011,0.02196,0.05189,0.05764,0.00079,0.00196,0.0295,0.06399,0.02523,0.04706,0.02966,0.02434,0.00065
2002,4,0.04563,0.0918,0.11353,0.16015,0.15231,0.03766,0.05165,0.10427,0.10468,0.15395,0.05399,0.11455,0.0765,0.02651
2002,5,0.42736,0.51953,0.59956,0.57884,0.30545,0.37066,0.47969,0.60942,0.66461,0.15395,0.54364,0.70544,0.54104,0.22269
2002,6,0.87771,0.75223,0.69342,0.50724,0.16768,0.85354,0.73594,0.68792,0.52396,0.37205,0.47465,0.43395,0.45623,0.70524
2002,7,0.51311,0.48366,0.478,0.34527,0.10462,0.34652,0.3885,0.40237,0.36349,0.22752,0.21225,0.20316,0.137,0.38155
2002,8,0.53207,0.57044,0.58625,0.43574,0.15928,0.49311,0.47773,0.44275,0.39794,0.26042,0.42258,0.41287,0.42929,0.51978
2002,9,0.21697,0.14224,0.1255,0.12817,0.07605,0.1919,0.14493,0.09674,0.09864,0.09192,0.04494,0.05144,0.02292,0.14718
2002,10,0.75405,0.81282,0.94593,0.7253,0.49325,0.55591,0.57767,0.69642,0.67484,0.49157,0.4405,0.35692,0.36397,0.38609
2002,11,0.09593,0.18995,0.22071,0.26224,0.29652,0.082,0.09442,0.17073,0.24439,0.26353,0.18804,0.23055,0.21653,0.03969
2002,12,0.00483,0.00498,0.01323,0.01225,0.01069,0.0046,0.00441,0.01718,0.01213,0.01019,0.00519,0.02221,0.01621,0.00158
2003,1,0.00814,0.00467,0.00121,0.00642,0.00683,0.00269,0.01872,0.00745,0.00402,0.00973,0.00626,0.00809,0.01591,0.00058
2003,2,0.00919,0.06717,0.18229,0.24073,0.11384,0.00353,0.01501,0.10705,0.14741,0.088,0.08506,0.10614,0.11228,0.00527
2003,3,0.00551,0.00852,0.05335,0.14042,0.09409,0.00117,0.00311,0.03171,0.06545,0.10624,0.03756,0.0346,0.01719,0.01265
2003,4,0.09037,0.1922,0.19867,0.22697,0.17547,0.02808,0.04719,0.12113,0.14182,0.18093,0.08659,0.21521,0.12836,0.05154
2003,5,0.03087,0.09568,0.16743,0.19102,0.07765,0.02116,0.06705,0.20062,0.20403,0.17218,0.1105,0.11793,0.09076,0.01365
2003,6,1.57506,1.23778,0.89494,0.62736,0.23618,1.06873,0.93651,0.77254,0.59934,0.48286,0.61886,0.53212,0.54929,0.80119
2003,7,0.96978,0.89817045,0.72338,0.628,0.203,0.92414,0.91089,0.78519,0.55139,0.45725,0.50486,0.43908,0.39138,0.71305
2003,8,0.57905,0.40092,0.39839,0.43647,0.14708,0.40316,0.4116,0.34,0.33974,0.26912,0.19775,0.19136,0.10877,0.4137
2003,9,0.20527,0.17289,0.15944,0.1389,0.04291,0.18812,0.17085,0.18989,0.16814,0.14343,0.10397,0.13753,0.12919,0.17873
2003,10,0.28612,0.32036,0.56291,0.76977,0.58021,0.37542,0.44787,0.48456,0.55257,0.46303,0.43613,0.38012,0.34885,0.2019
2003,11,0.08279,0.16479,0.13302,0.14389,0.15959,0.06616,0.13624,0.14575,0.13865,0.1044,0.14327,0.14014,0.20441,0.0185
2003,12,0.00266,0.00546,0.00077,0.01353,0.00712,0.00109,0.01323,0.00847,0.00769,0.00719,0.00513,0.00515,0.01428,0.00402
2004,1,0.00162,0.00657,0.00955,0.02245,0.00884,0.00131,0.00595,0.01735,0.01647,0.02181,0.00844,0.00954,0.01364,0.00044
2004,2,0.00209,0.00458,0.00281,0.02093,0.01441,0.00039,0.00046,0.01124,0.03387,0.04225,0.00196,0.03526,0.01696,0.00042
2004,3,0.01514,0.03223,0.02061,0.09398,0.09536,0.00713,0.03644,0.03789,0.06584,0.13308,0.03869,0.05162,0.0319,0.00848
2004,4,0.04474,0.11853,0.12847,0.12795,0.14734,0.01232,0.08942,0.11716,0.07876,0.15639,0.0789,0.12835,0.06489,0.02801
2004,5,0.72178,0.81693,0.89343,0.82216,0.52316,0.60016,0.48763,0.70144,0.63627,0.65403,0.65233,0.62424,0.48814,0.35258
2004,6,0.97154,0.94089,0.85558,0.66297,0.37691,0.77678,0.59723,0.58046,0.54795,0.51208,0.42167,0.5715,0.48814,0.61277
2004,7,0.82253,0.60435,0.49002,0.40767,0.21903,0.47494,0.60901,0.52946,0.49504,0.30972,0.41053,0.38651,0.37135,0.65554
2004,8,0.73738,0.57615,0.48144,0.32813,0.13692,0.44445,0.46834,0.40551,0.29792,0.22152,0.28273,0.18835,0.14374,0.50964
2004,9,0.18205,0.23029,0.21641,0.27,0.29264,0.30557,0.22026,0.23563,0.25175,0.26539,0.23097,0.28562,0.29932,0.23474
2004,10,0.38358,0.44665,0.53162,0.5165,0.29855,0.33365,0.36267,0.33,0.30412,0.3131,0.26518,0.29521,0.2762,0.14055
2004,11,0.14889,0.15679,0.19953,0.1678,0.15356,0.06661,0.08939,0.14222,0.15539,0.10608,0.15608,0.1784,0.17679,0.06218
2004,12,0.00292,0.00109,0.00431,0.01025,0.01988,0.0014,0.00016,0.00138,0.00539,0.02359,0.00338,0.02791,0.0246,0.00079
2005,1,0.00383,0.03892,0.05298,0.06677,0.01736,0.00292,0.02785,0.09377,0.05045,0.06977,0.04019,0.04664,0.0184,0.00355
2005,2,0.00152,0.00251,0.00162,0.0207,0.01632,0.00109,0.00165,0.00463,0.02155,0.0495,0.01638,0.03879,0.01714,0.00066
2005,3,0.00234,0.00354,0.01741,0.04832,0.04902,0.00061,0.00008,0.00288,0.01168,0.03585,0.00107,0.02099,0.01076,0.00113
2005,4,0.09776,0.13582,0.18676,0.31069,0.38118,0.06446,0.11051,0.23013,0.42923,0.35269,0.51793,0.36799,0.26546,0.07179
2005,5,0.0918,0.12252,0.17005,0.2632,0.19677,0.08321,0.27204,0.2239,0.27789,0.2589,0.26672,0.32998,0.25811,0.06988
2005,6,0.94081,0.79414,0.7767,0.65812,0.28038,0.75503,0.68502,0.54087,0.51585,0.30262,0.43824,0.33695,0.33435,0.72609
2005,7,0.86309,0.8251,0.77548,0.64041,0.26149,0.7469,0.76701,0.73014,0.63592,0.42539,0.6377,0.6779,0.53857,0.95234
2005,8,0.52342,0.40206,0.27698,0.22652,0.0845,0.2909,0.43423,0.29106,0.18317,0.13263,0.227,0.10458,0.1189,0.44862
2005,9,0.37748,0.37432,0.43892,0.36908,0.19708,0.40344,0.42323,0.38899,0.40843,0.22136,0.37281,0.2554,0.22702,0.39558
2005,10,0.22989,0.30627,0.34762,0.41304,0.29208,0.22221,0.36154,0.35857,0.33426,0.36688,0.27563,0.28989,0.25636,0.18961
2005,11,0.13282,0.30341,0.28559,0.4097,0.4506,0.14438,0.21271,0.28748,0.50062,0.43665,0.52961,0.35645,0.37254,0.02181
2005,12,0.01691,0.02788,0.02447,0.10705,0.16771,0.02708,0.06222,0.05443,0.12056,0.2056,0.12958,0.24561,0.13882,0.01093
2006,1,0.00787,0.01527,0.00823,0.01088,0.04802,0.00748,0.01364,0.01301,0.02366,0.06702,0.02455,0.07682,0.05891,0.00405
2006,2,0.00165,0.00428,0.00104,0.01499,0.01393,0.00026,0.00152,0.00078,0.00213,0.00448,0.00025,0.00144,0.00044,0.00096
2006,3,0.00428,0.04401,0.07911,0.12904,0.09739,0.00225,0.00178,0.02904,0.06179,0.10105,0.01586,0.06528,0.03054,0.01955
2006,4,0.0181,0.02692,0.0715,0.12639,0.11409,0.00275,0.00134,0.00262,0.06862,0.11263,0.0289,0.01812,0.01058,0.01663
2006,5,0.65698,0.66727,0.69571,0.57178,0.3104,0.4801,0.51532,0.63158,0.5089,0.56823,0.48684,0.54343,0.51629,0.3872
2006,6,0.96351,0.95297,0.84468,0.60593,0.19252,0.62534,0.62033,0.65365,0.5167,0.30228,0.45979,0.29595,0.31945,0.60057
2006,7,0.86317,0.81028,0.84468,0.63499,0.23022,0.50973,0.49459,0.54727,0.41747,0.353,0.35012,0.36179,0.31969,0.58908
2006,8,0.57427,0.61371,0.61545,0.51724,0.16885,0.39908,0.39413,0.40892,0.4797,0.36609,0.30139,0.3889,0.30381,0.50045
2006,9,0.61113,0.66658,0.66935,0.5873,0.38175,0.46513,0.46893,0.40998,0.51238,0.39539,0.50395,0.36318,0.42818,0.42485
2006,10,0.39397,0.49773,0.58884,0.8295,0.72353,0.29196,0.45077,0.52085,0.63888,0.58006,0.31394,0.36318,0.29771,0.21484
2006,11,0.24105,0.21391,0.36668,0.43671,0.30067,0.212,0.20743,0.34111,0.40642,0.28967,0.28884,0.25919,0.19091,0.13634
2006,12,0.00334,0.00096,0.00056,0.00779,0.01374,0.00379,0.01303,0.00486,0.00543,0.01419,0.01631,0.01707,0.01932,0.00077
2007,1,0.00266,0.0014,0.00177,0.00191,0.00221,0.00171,0.00097,0.00038,0.0089,0.00315,0.00087,0.01054,0.00175,0.00076
2007,2,0.00338,0.00725,0.00237,0.0392,0.03579,0.01841,0.00901,0.01883,0.06518,0.02776,0.02394,0.04528,0.04086,0.00276
2007,3,0.00682,0.01271,0.0162,0.02747,0.02884,0.0027,0.01052,0.01842,0.03704,0.05863,0.02663,0.02294,0.0109,0.00391
2007,4,0.10926,0.14344,0.17802,0.30144,0.3027,0.02993,0.04055,0.07716,0.18797,0.22797,0.08979,0.23177,0.10848,0.0588
2007,5,0.21127,0.44947,0.42497,0.33763,0.2323,0.22205,0.40475,0.5122,0.38064,0.28593,0.31177,0.36702,0.28759,0.12549
2007,6,1.25669,1.21918,1.04878,0.75953,0.40735,1.06676,1.21419,1.07618,0.84118,0.58424,0.73426,0.55769,0.57536,0.85678
2007,7,0.8451,1.19809,1.17771,0.91069,0.36387,0.75276,0.7466,0.82157,0.69809,0.63481,0.52342,0.58387,0.42853,0.73217
2007,8,0.91239,0.88174,0.70679,0.61469,0.26372,0.96261,0.87601,0.70909,0.6819,0.56118,0.46359,0.37024,0.36697,0.80128
2007,9,0.81425,0.72425,0.74657,0.63921,0.37097,0.47635,0.59297,0.5752,0.45929,0.42546,0.33532,0.31773,0.38728,0.69053
2007,10,0.23529,0.40586,0.5332,0.53991,0.43526,0.2646,0.40013,0.42271,0.35742,0.34692,0.27369,0.2882,0.22497,0.19053
2007,11,0.08941,0.17749,0.17255,0.22276,0.24499,0.07448,0.11422,0.13015,0.17214,0.18716,0.14382,0.1522,0.06691,0.07221
2007,12,0.00697,0.01149,0.0297,0.03317,0.02248,0.00738,0.00782,0.01265,0.04308,0.02409,0.12419,0.08906,0.28304,0.00259
2008,1,0.0017,0.00239,0.00855,0.01047,0.01997,0.00059,0.00839,0.00991,0.00114,0.0097,0.00085,0.00037,0.0008,0.00062
2008,2,0.01534,0.01747,0.04072,0.06731,0.06747,0.01875,0.0136,0.02688,0.0862,0.11131,0.00988,0.15155,0.13394,0.00929
2008,3,0.41957,0.36626,0.358,0.40052,0.40555,0.21093,0.32184,0.33959,0.44336,0.48894,0.36487,0.55585,0.4811,0.18953
2008,4,0.08515,0.1564,0.21733,0.24789,0.20987,0.02102,0.03338,0.08988,0.10494,0.14809,0.12018,0.12485,0.10154,0.03744
2008,5,0.10881,0.13799,0.15258,0.19086,0.1345,0.10524,0.1322,0.18654,0.1993,0.18631,0.14183,0.17857,0.1887,0.08531
2008,6,1.11984,0.91883,0.77242,0.56854,0.12582,0.81358,0.67127,0.57548,0.54601,0.37267,0.45557,0.4142,0.33054,0.63256
2008,7,0.74573,0.71113,0.59083,0.64667,0.24537,0.89833,0.82789,0.76709,0.67542,0.4244,0.72113,0.46244,0.45742,0.59749
2008,8,0.66016,0.44595,0.37526,0.3675,0.21364,0.41234,0.45305,0.40162,0.32302,0.30421,0.30979,0.2599,0.32064,0.65737
2008,9,0.33449,0.39425,0.40625,0.44555,0.21852,0.25526,0.30185,0.30266,0.24146,0.18271,0.1559,0.14201,0.13568,0.35033
2008,10,0.38438,0.70567,0.67547,0.51814,0.43374,0.52286,0.6167,0.51189,0.50863,0.59492,0.3907,0.42783,0.35672,0.12139
2008,11,0.08347,0.05001,0.05314,0.16219,0.28387,0.08166,0.02905,0.08139,0.1696,0.20062,0.19127,0.15892,0.19301,0.06475
2008,12,0.0304,0.02321,0.02373,0.08237,0.06513,0.01944,0.06664,0.04324,0.05074,0.0478,0.10366,0.06893,0.21961,0.01028
2009,1,0.00429,0.01636,0.00584,0.0157,0.01048,0.00045,0.01479,0.00445,0.00287,0.01819,0.00535,0.01534,0.01339,0.00046
2009,2,0.0021,0.00778,0.00228,0.01445,0.01057,0.0007,0.00601,0.00911,0.02673,0.01341,0.00464,0.01833,0.01477,0.00032
2009,3,0.0152,0.03646,0.0483,0.07314,0.06738,0.01653,0.03925,0.03215,0.03895,0.04675,0.02057,0.01754,0.0062,0.01992
2009,4,0.06653,0.0951,0.16586,0.2165,0.21663,0.02963,0.04574,0.07342,0.16264,0.2784,0.14154,0.21306,0.149,0.03512
2009,5,0.3099,0.27089,0.3785,0.46368,0.25221,0.25609,0.35424,0.51639,0.40877,0.34064,0.22507,0.30603,0.29958,0.14053
2009,6,0.72975,0.94912,0.81005,0.50451,0.19975,0.94243,0.89997,0.95486,0.44983,0.38822,0.36635,0.35933,0.39679,0.55842
2009,7,1.61319,1.60481,1.15547,0.61124,0.28817,1.07549,0.90488,0.74425,0.50403,0.33179,0.44229,0.27103,0.2466,1.1558
2009,8,0.62823,0.44279,0.3167,0.2325,0.12118,0.44794,0.47984,0.3463,0.26844,0.20228,0.24294,0.21765,0.21918,0.4442
2009,9,0.51238,0.46385,0.46723,0.38359,0.22127,0.53243,0.40195,0.39608,0.37245,0.28786,0.31342,0.22653,0.16728,0.54232
2009,10,0.1828,0.24983,0.20688,0.28525,0.21184,0.18072,0.23732,0.29146,0.29149,0.2682,0.25802,0.23995,0.16061,0.24709
2009,11,0.38055,0.59385,0.45885,0.5163,0.45158,0.3814,0.52326,0.48151,0.49477,0.42229,0.29058,0.32433,0.26289,0.19278
2009,12,0.10002,0.09928,0.0395,0.08478,0.06789,0.10205,0.11717,0.10573,0.12003,0.09277,0.16508,0.1271,0.24996,0.04687
2010,1,0.01966,0.01598,0.0179,0.06971,0.13422,0.06433,0.05942,0.03797,0.08015,0.13797,0.03596,0.0502,0.00538,0.01981
2010,2,0.00102,0.00258,0.00073,0.00261,0.00878,0.00025,0.00031,0.00094,0.00034,0.0132,0.00013,0.00175,0.00422,0.00032
2010,3,0.00457,0.006,0.02086,0.10478,0.08356,0.00094,0.00136,0.00245,0.023,0.05628,0.01644,0.003,0.00485,0.00376
2010,4,0.11436,0.1769,0.21558,0.20082,0.18716,0.19886,0.17112,0.12422,0.19539,0.10296,0.16503,0.07509,0.04787,0.05859
2010,5,0.18441,0.21967,0.30246,0.37398,0.24712,0.14627,0.15186,0.16761,0.21545,0.29637,0.17407,0.29591,0.28112,0.09736
2010,6,0.99898,1.10566,1.14944,0.92431,0.33486,0.88963,0.95369,0.95861,0.90261,0.6947,0.64068,0.62243,0.56844,0.69588
2010,7,1.3892,1.05222,0.87535,0.83386,0.34759,1.19895,0.92192,0.79918,0.75133,0.50387,0.57742,0.49949,0.47946,1.14802
2010,8,0.74055,0.50258,0.3526,0.37458,0.17634,0.70939,0.60803,0.52583,0.51512,0.36428,0.40879,0.42151,0.37259,0.64925
2010,9,0.67502,0.38173,0.44412,0.42446,0.21037,0.35104,0.22525,0.23544,0.22265,0.24316,0.20017,0.23148,0.23497,0.50173
2010,10,0.61356,0.58674,0.65825,0.58148,0.46045,0.40818,0.45568,0.42671,0.35973,0.38923,0.20444,0.19801,0.11914,0.31851
2010,11,0.41328,0.38132,0.3953,0.39542,0.40778,0.29591,0.33004,0.2938,0.39415,0.41175,0.39584,0.40015,0.47879,0.2712
2010,12,0.05824,0.07495,0.05284,0.15677,0.19123,0.17142,0.16343,0.16433,0.14197,0.13613,0.19267,0.19913,0.25804,0.02669
2011,1,0.00359,0.00307,0.00242,0.02987,0.03002,0.00219,0.00039,0.02675,0.01763,0.06307,0.00629,0.04257,0.01698,0.00034
2011,2,0.00537,0.01499,0.09037,0.12758,0.13166,0.00084,0.00506,0.02901,0.03735,0.12323,0.04664,0.04099,0.04149,0.00242
2011,3,0.00098,0.00708,0.02558,0.06211,0.03805,0.00033,0.00025,0.00656,0.02891,0.04543,0.0071,0.01925,0.01074,0.00116
2011,4,0.13847,0.18161,0.19306,0.20767,0.21885,0.0419,0.10974,0.12341,0.12333,0.19061,0.09768,0.19056,0.10258,0.08259
2011,5,0.12017,0.13784,0.27607,0.33502,0.14217,0.09415,0.12432,0.20063,0.20834,0.34476,0.18191,0.27217,0.18611,0.05009
2011,6,1.06523,1.14862,1.02864,0.7162,0.32924,0.70994,0.66844,0.663,0.4584,0.31227,0.3469,0.16672,0.15728,0.6443
2011,7,1.29542,1.08177,0.74531,0.57744,0.18022,1.12205,0.9996,0.85886,0.57625,0.36859,0.52105,0.35678,0.35733,0.94514
2011,8,1.00791,0.84929,0.71177,0.61692,0.20537,0.95353,0.85546,0.78509,0.71483,0.36824,0.43242,0.35453,0.37538,0.79039
2011,9,0.57445,0.531,0.4949,0.43077,0.19312,0.4994,0.50756,0.45891,0.39128,0.28712,0.30594,0.24167,0.2772,0.37446
2011,10,0.33775,0.33672,0.351,0.28924,0.22517,0.31549,0.32247,0.33156,0.31904,0.27292,0.32224,0.35558,0.28939,0.17327
2011,11,0.18062,0.18303,0.22378,0.27562,0.315,0.27982,0.31289,0.3152,0.2096,0.26552,0.22277,0.26824,0.29189,0.06484
2011,12,0.01793,0.03029,0.02672,0.1549,0.17696,0.02252,0.09627,0.03713,0.08489,0.0799,0.02615,0.0589,0.02909,0.00133
2012,1,0.00138,0.00286,0.00326,0.02944,0.01346,0.01632,0.01524,0.01943,0.03679,0.01362,0.03753,0.02638,0.02288,0.00279
2012,2,0.00261,0.01383,0.01452,0.05171,0.02092,0.00022,0.00515,0.05269,0.03332,0.04796,0.01526,0.04388,0.00289,0.00034
2012,3,0.00531,0.01491,0.04737,0.1298,0.06682,0.00295,0.03007,0.07246,0.16601,0.08182,0.1155,0.0626,0.04132,0.00057
2012,4,0.13063,0.17727,0.3298,0.40199,0.27591,0.12622,0.08092,0.17015,0.12154,0.3208,0.0746,0.21313,0.10709,0.09051
2012,5,0.05419,0.09526,0.14477,0.17546,0.13648,0.0314,0.05063,0.05628,0.1074,0.07949,0.03247,0.05578,0.04452,0.01868
2012,6,1.02603,0.9279,0.74631,0.51759,0.14919,0.82474,0.68823,0.67204,0.50712,0.33465,0.40926,0.32235,0.36269,0.73798
2012,7,0.70682,0.60498,0.4679,0.45391,0.20365,0.44949,0.46626,0.43648,0.45531,0.37219,0.28786,0.36014,0.25928,0.61748
2012,8,1.1677,0.7876,0.55407,0.51978,0.23954,0.90687,0.94839,0.5894,0.39456,0.33744,0.33277,0.2952,0.30379,0.79989
2012,9,0.43188,0.34798,0.25037,0.27667,0.11166,0.25515,0.28017,0.24032,0.22798,0.16452,0.15393,0.11062,0.12687,0.27596
2012,10,0.29579,0.33315,0.33623,0.39339,0.28093,0.31619,0.25639,0.28287,0.37368,0.32391,0.32903,0.33423,0.26932,0.14083
2012,11,0.12918,0.1702,0.23752,0.25832,0.21379,0.07743,0.08924,0.15179,0.20455,0.29392,0.14985,0.19033,0.10516,0.09029
2012,12,0.00586,0.02264,0.01246,0.04945,0.07172,0.0032,0.05518,0.07569,0.13205,0.08457,0.13435,0.15095,0.12533,0.00232
2013,1,0.00151,0.00175,0.00565,0.02859,0.01196,0.00042,0.00198,0.05888,0.12554,0.08187,0.10774,0.13892,0.23911,0.00007
2013,2,0.06013,0.07109,0.08352,0.14526,0.08228,0.08425,0.06831,0.13778,0.08268,0.07049,0.10806,0.07807,0.05595,0.01971
2013,3,0.06388,0.08736,0.05601,0.06194,0.10616,0.09304,0.15627,0.08061,0.06202,0.05471,0.09973,0.05365,0.0637,0.00625
2013,4,0.04748,0.07233,0.04593,0.15417,0.12513,0.04283,0.12324,0.05214,0.03866,0.09638,0.01465,0.01105,0.00923,0.03318
2013,5,0.2566,0.23935,0.22798,0.33069,0.20693,0.25387,0.2507,0.24329,0.26697,0.352489181,0.19033,0.36239,0.3591,0.15042
2013,6,1.4977,1.5451,1.42276,1.36663,0.6195,1.16012,1.22651,1.31265,1.1785,0.808244723,0.80456,0.74372,0.60753,0.79502
2013,7,1.46011,1.46514,1.15828,0.94663,0.33972,0.63823,0.78784,0.77236,0.58351,0.44087,0.35248,0.36694,0.32259,1.06654
2013,8,0.64018,0.54375,0.44979,0.4607,0.18487,0.31089,0.37946,0.39437,0.47602,0.39875,0.38663,0.43246,0.36203,0.46158
2013,9,0.39412,0.32366,0.25493,0.30964,0.22083,0.4101,0.35497,0.42593,0.35061,0.32314,0.38208,0.35311,0.32856,0.41882
2013,10,0.27983,0.32829,0.34268,0.32141,0.21961,0.22914,0.32073,0.31273,0.24483,0.195,0.17532,0.14044,0.07578,0.17751
2013,11,0.11738,0.18783,0.25026,0.32544,0.32101,0.08053,0.13759,0.17182,0.19684,0.25773,0.102,0.13791,0.11462,0.03648
2013,12,0.02127,0.0285,0.07124,0.1216,0.05139,0.00889,0.03861,0.08726,0.13365,0.1632,0.12208,0.20058,0.15051,0.00328
2014,1,0.00439,0.01971,0.0041,0.02269,0.04285,0.00259,0.01053,0.01992,0.04847,0.03868,0.03251,0.03226,0.01669,0.00164
2014,2,0.00359,0.01773,0.00889,0.05575,0.03488,0.00163,0.02459,0.01707,0.01468,0.06778,0.00581,0.0292,0.00503,0.0027
2014,3,0.00187,0.00395,0.02105,0.07757,0.05847,0.00009,0.0005,0.00905,0.07768,0.06049,0.02202,0.03011,0.02145,0.00958
2014,4,0.06293,0.13462,0.13744,0.26165,0.22994,0.01465,0.08047,0.11393,0.1824,0.13257,0.18125,0.08984,0.07177,0.03919
2014,5,0.2759,0.39253,0.39191,0.30106,0.21548,0.16758,0.29028,0.3792,0.48114,0.22825,0.43169,0.30802,0.2394,0.16566
2014,6,0.71743,0.79466,0.72657,0.54095,0.22431,0.40157,0.46382,0.57359,0.37581,0.34515,0.3474,0.32509,0.30856,0.38097
2014,7,1.26043,1.30774,0.92575,0.61297,0.22771,0.78417,0.82581,0.72076,0.50234,0.31254,0.34137,0.24434,0.14587,1.01646
2014,8,1.07135,0.921,0.87982,0.69326,0.51882,0.75689,0.78746,0.8588,0.57329,0.47579,0.51753,0.38471,0.34788,0.84526
2014,9,0.41707,0.36333,0.34133,0.29475,0.19931,0.23949,0.2646,0.27715,0.36603,0.22659,0.3134,0.26405,0.22445,0.33056
2014,10,0.35158,0.48387,0.56245,0.56676,0.43554,0.34702,0.45177,0.42782,0.47667,0.38831,0.27713,0.32448,0.2659,0.24472
2014,11,0.09944,0.1831,0.17554,0.159,0.22942,0.04756,0.1589,0.16703,0.12315,0.17234,0.19027,0.18196,0.19,0.03539
2014,12,0.05632,0.03653,0.02902,0.09979,0.1054,0.08042,0.12255,0.0876,0.11592,0.14186,0.11438,0.15494,0.17556,0.02151
2015,1,0.0022,0.0032,0.00146,0.00999,0.00381,0.0043,0.0047,0.00472,0.01755,0.01728,0.00281,0.00399,0.00176,0.00096
2015,2,0.0012,0.00243,0.00183,0.03087,0.01759,0.00091,0.00039,0.00134,0.00756,0.02138,0.00224,0.00586,0.00127,0.00208
2015,3,0.03307,0.03707,0.05589,0.12248,0.07082,0.01878,0.01157,0.03536,0.04912,0.08241,0.01003,0.02578,0.01324,0.04006
2015,4,0.1794,0.2342,0.29863,0.26535,0.33401,0.12523,0.16767,0.22172,0.21221,0.2574,0.17032,0.18912,0.22094,0.05552
2015,5,0.27669,0.35804,0.36108,0.35302,0.39027,0.34914,0.31806,0.30841,0.29482,0.328,0.16449,0.14303,0.1546,0.17235
2015,6,0.99352,0.959,0.82787,0.73229,0.43618,0.65788,0.5675,0.61744,0.56181,0.48701,0.44525,0.31731,0.27875,0.69741
2015,7,1.12813,1.06384,0.71655,0.48674,0.1374,0.56807,0.6388,0.70024,0.54315,0.31928,0.32174,0.33378,0.30018,0.6113
2015,8,0.55872,0.48268,0.35494,0.26781,0.1221,0.2484,0.2435,0.22424,0.0961,0.0993,0.14223,0.11226,0.13605,0.4425
2015,9,0.40105,0.39603,0.37746,0.38585,0.33302,0.38643,0.30271,0.3165,0.0961,0.36105,0.15639,0.29093,0.24028,0.32245
2015,10,0.32033,0.4054,0.44157,0.59037,0.48052,0.34849,0.40586,0.56739,0.57278,0.50623,0.35428,0.38307,0.27681,0.1595
2015,11,0.17124,0.28224,0.34351,0.3234,0.38764,0.15756,0.26666,0.26223,0.27563,0.32179,0.21456,0.28993,0.21683,0.08753
2015,12,0.02216,0.05038,0.05005,0.1402,0.19905,0.03559,0.12742,0.18871,0.24368,0.24427,0.2509,0.31296,0.37091,0.00117
