time,latitude,longitude,ektrx,ektry
UTC,degrees_north,degrees_east,kg m-1 s-1,kg m-1 s-1
1969-12-15T06:00:00Z,11.5,75.5,5026.6943,5282.264
1969-12-15T12:00:00Z,11.5,75.5,-32.27356,826.20966
1969-12-15T18:00:00Z,11.5,75.5,5570.203,5837.603
1969-12-16T00:00:00Z,11.5,75.5,3832.1636,4529.717
1969-12-16T06:00:00Z,11.5,75.5,4156.419,4870.0947
1969-12-16T12:00:00Z,11.5,75.5,5024.703,4829.7695
1969-12-16T18:00:00Z,11.5,75.5,8991.472,19310.941
1969-12-17T00:00:00Z,11.5,75.5,6230.25,5650.458
1969-12-17T06:00:00Z,11.5,75.5,18.749975,-80.46261
1969-12-17T12:00:00Z,11.5,75.5,3037.248,2205.2373
1969-12-17T18:00:00Z,11.5,75.5,9260.844,10316.523
1969-12-18T00:00:00Z,11.5,75.5,8358.067,8672.949
1969-12-18T06:00:00Z,11.5,75.5,5339.426,5376.7515
1969-12-18T12:00:00Z,11.5,75.5,3094.9888,3732.5615
1969-12-18T18:00:00Z,11.5,75.5,6010.839,7909.5474
1969-12-19T00:00:00Z,11.5,75.5,4579.707,4682.865
1969-12-19T06:00:00Z,11.5,75.5,3047.2097,2851.3743
1969-12-19T12:00:00Z,11.5,75.5,1928.3485,2460.8333
1969-12-19T18:00:00Z,11.5,75.5,4086.4556,4168.221
1969-12-20T00:00:00Z,11.5,75.5,3786.3342,5415.849
1969-12-20T06:00:00Z,11.5,75.5,3719.7742,2906.4617
1969-12-20T12:00:00Z,11.5,75.5,5139.891,163.04074
1969-12-20T18:00:00Z,11.5,75.5,6879.1104,9675.97
1969-12-21T00:00:00Z,11.5,75.5,5287.389,6688.9106
1969-12-21T06:00:00Z,11.5,75.5,5363.6567,7846.517
1969-12-21T12:00:00Z,11.5,75.5,8777.504,3881.3584
1969-12-21T18:00:00Z,11.5,75.5,7474.066,13661.317
1969-12-22T00:00:00Z,11.5,75.5,5609.271,4793.0166
1969-12-22T06:00:00Z,11.5,75.5,7798.533,12938.274
1969-12-22T12:00:00Z,11.5,75.5,3487.7449,3639.735
1969-12-22T18:00:00Z,11.5,75.5,6470.3364,11490.374
1969-12-23T00:00:00Z,11.5,75.5,432.8223,8136.0586
1969-12-23T06:00:00Z,11.5,75.5,3261.9468,6590.3647
1969-12-23T12:00:00Z,11.5,75.5,1504.8761,1170.685
1969-12-23T18:00:00Z,11.5,75.5,5160.0156,9688.821
1969-12-24T00:00:00Z,11.5,75.5,2987.92,5317.026
1969-12-24T06:00:00Z,11.5,75.5,2822.5684,8511.492
1969-12-24T12:00:00Z,11.5,75.5,-4809.2363,19933.008
1969-12-24T18:00:00Z,11.5,75.5,10003.534,15316.683
1969-12-25T00:00:00Z,11.5,75.5,7188.183,13088.871
1969-12-25T06:00:00Z,11.5,75.5,3626.8342,5375.582
1969-12-25T12:00:00Z,11.5,75.5,172.48428,580.7854
1969-12-25T18:00:00Z,11.5,75.5,1948.7792,6738.1924
1969-12-26T00:00:00Z,11.5,75.5,1627.5388,6100.874
1969-12-26T06:00:00Z,11.5,75.5,2228.635,6727.343
1969-12-26T12:00:00Z,11.5,75.5,3065.7515,1084.3827
1969-12-26T18:00:00Z,11.5,75.5,5186.1636,8477.068
1969-12-27T00:00:00Z,11.5,75.5,2391.539,5105.5063
1969-12-27T06:00:00Z,11.5,75.5,4904.6567,6161.6353
1969-12-27T12:00:00Z,11.5,75.5,3811.7603,3218.502
1969-12-27T18:00:00Z,11.5,75.5,4934.394,9224.986
1969-12-28T00:00:00Z,11.5,75.5,2356.172,11422.204
1969-12-28T06:00:00Z,11.5,75.5,4316.584,7500.877
1969-12-28T12:00:00Z,11.5,75.5,1731.5315,949.0979
1969-12-28T18:00:00Z,11.5,75.5,5170.4863,9951.583
1969-12-29T00:00:00Z,11.5,75.5,3957.3875,8846.326
1969-12-29T06:00:00Z,11.5,75.5,2237.6753,12703.632
1969-12-29T12:00:00Z,11.5,75.5,5212.637,4867.102
1969-12-29T18:00:00Z,11.5,75.5,7699.1396,14947.751
1969-12-30T00:00:00Z,11.5,75.5,3616.9158,3412.3901
1969-12-30T06:00:00Z,11.5,75.5,6295.277,13300.883
1969-12-30T12:00:00Z,11.5,75.5,3834.4377,2309.3489
1969-12-30T18:00:00Z,11.5,75.5,7069.084,9389.247
1969-12-31T00:00:00Z,11.5,75.5,5869.261,11583.497
1969-12-31T06:00:00Z,11.5,75.5,5033.7134,8379.299
1969-12-31T12:00:00Z,11.5,75.5,4259.142,6048.9307
1969-12-31T18:00:00Z,11.5,75.5,6120.583,11698.624
1970-01-01T00:00:00Z,11.5,75.5,1513.8694,4356.8633
1970-01-01T06:00:00Z,11.5,75.5,778.1513,3968.6216
1970-01-01T12:00:00Z,11.5,75.5,2252.4382,847.46246
1970-01-01T18:00:00Z,11.5,75.5,1108.1057,3113.9153
1970-01-02T00:00:00Z,11.5,75.5,5073.7295,11379.211
1970-01-02T06:00:00Z,11.5,75.5,5163.029,6291.4697
1970-01-02T12:00:00Z,11.5,75.5,3373.177,4753.73
1970-01-02T18:00:00Z,11.5,75.5,5503.6396,3316.281
1970-01-03T00:00:00Z,11.5,75.5,4799.101,6332.1924
1970-01-03T06:00:00Z,11.5,75.5,2719.1208,4024.4836
1970-01-03T12:00:00Z,11.5,75.5,1847.3118,1516.0802
1970-01-03T18:00:00Z,11.5,75.5,2114.5918,2078.1409
1970-01-04T00:00:00Z,11.5,75.5,1909.189,1995.5925
1970-01-04T06:00:00Z,11.5,75.5,2032.1627,1939.4069
1970-01-04T12:00:00Z,11.5,75.5,700.7726,-1176.9647
1970-01-04T18:00:00Z,11.5,75.5,700.7726,-1176.9647
1970-01-05T00:00:00Z,11.5,75.5,3393.044,2249.339
1970-01-05T06:00:00Z,11.5,75.5,4267.0415,3496.7053
1970-01-05T12:00:00Z,11.5,75.5,1216.0535,-681.9777
1970-01-05T18:00:00Z,11.5,75.5,4579.0537,3095.1594
1970-01-06T00:00:00Z,11.5,75.5,35754.895,-7720.5073
1970-01-06T06:00:00Z,11.5,75.5,3161.6208,3749.5935
1970-01-06T12:00:00Z,11.5,75.5,2978.7607,1811.2555
1970-01-06T18:00:00Z,11.5,75.5,4358.3174,3582.808
1970-01-07T00:00:00Z,11.5,75.5,7535.6997,10733.112
1970-01-07T06:00:00Z,11.5,75.5,10020.526,15943.556
1970-01-07T12:00:00Z,11.5,75.5,1328.788,5268.442
1970-01-07T18:00:00Z,11.5,75.5,8044.241,9187.823
1970-01-08T00:00:00Z,11.5,75.5,2240.3328,6556.6416
1970-01-08T06:00:00Z,11.5,75.5,4829.9233,7148.098
1970-01-08T12:00:00Z,11.5,75.5,1233.4023,264.9859
1970-01-08T18:00:00Z,11.5,75.5,3160.6191,4862.785
1970-01-09T00:00:00Z,11.5,75.5,4038.336,3539.9255
1970-01-09T06:00:00Z,11.5,75.5,5018.9395,6065.6577
1970-01-09T12:00:00Z,11.5,75.5,1484.7057,694.63336
1970-01-09T18:00:00Z,11.5,75.5,2369.0017,2138.899
1970-01-10T00:00:00Z,11.5,75.5,1494.624,747.2246
1970-01-10T06:00:00Z,11.5,75.5,2386.0225,2347.3462
1970-01-10T12:00:00Z,11.5,75.5,827.54083,3465.505
1970-01-10T18:00:00Z,11.5,75.5,1197.8804,2415.1614
1970-01-11T00:00:00Z,11.5,75.5,3482.5793,5589.644
1970-01-11T06:00:00Z,11.5,75.5,3482.5793,5589.644
1970-01-11T12:00:00Z,11.5,75.5,1526.7002,-281.42596
1970-01-11T18:00:00Z,11.5,75.5,2987.747,2024.8135
1970-01-12T00:00:00Z,11.5,75.5,3307.1096,2569.1646
1970-01-12T06:00:00Z,11.5,75.5,3691.7905,4332.327
1970-01-12T12:00:00Z,11.5,75.5,-114.72544,-879.4652
1970-01-12T18:00:00Z,11.5,75.5,326.23254,1576.5764
1970-01-13T00:00:00Z,11.5,75.5,2547.4353,5123.286
1970-01-13T06:00:00Z,11.5,75.5,4923.4453,3657.4536
1970-01-13T12:00:00Z,11.5,75.5,3144.4177,1409.866
1970-01-13T18:00:00Z,11.5,75.5,7582.626,6046.1045
1970-01-14T00:00:00Z,11.5,75.5,4991.1143,7173.113
1970-01-14T06:00:00Z,11.5,75.5,5137.472,3538.8801
1970-01-14T12:00:00Z,11.5,75.5,749.17365,-344.82797
1970-01-14T18:00:00Z,11.5,75.5,3729.7573,4535.8154
1970-01-15T00:00:00Z,11.5,75.5,4314.9204,4907.3247
1970-01-15T06:00:00Z,11.5,75.5,3252.741,2899.4097
1970-01-15T12:00:00Z,11.5,75.5,3488.0154,-808.47217
1970-01-15T18:00:00Z,11.5,75.5,3372.412,3066.7886
1970-01-16T00:00:00Z,11.5,75.5,2826.0083,2115.7214
1970-01-16T06:00:00Z,11.5,75.5,3695.11,2943.2656
1970-01-16T12:00:00Z,11.5,75.5,1346.5936,-74.165085
1970-01-16T18:00:00Z,11.5,75.5,1299.0254,1324.5509
1970-01-17T00:00:00Z,11.5,75.5,2374.978,1500.7346
1970-01-17T06:00:00Z,11.5,75.5,4081.9348,4263.872
1970-01-17T12:00:00Z,11.5,75.5,2354.3633,-699.7287
1970-01-17T18:00:00Z,11.5,75.5,6172.76,3740.3533
1970-01-18T00:00:00Z,11.5,75.5,3911.784,1630.8827
1970-01-18T06:00:00Z,11.5,75.5,5618.3955,5703.0444
1970-01-18T12:00:00Z,11.5,75.5,3144.5728,1276.4884
1970-01-18T18:00:00Z,11.5,75.5,6220.155,5030.8887
1970-01-19T00:00:00Z,11.5,75.5,2592.8972,2276.6448
1970-01-19T06:00:00Z,11.5,75.5,3298.763,3806.6938
1970-01-19T12:00:00Z,11.5,75.5,954.31726,-782.98224
1970-01-19T18:00:00Z,11.5,75.5,4679.755,5994.128
1970-01-20T00:00:00Z,11.5,75.5,1318.8687,1658.1251
1970-01-20T06:00:00Z,11.5,75.5,2752.1726,2752.1846
1970-01-20T12:00:00Z,11.5,75.5,-236.93921,125.32807
1970-01-20T18:00:00Z,11.5,75.5,665.9286,512.1498
1970-01-21T00:00:00Z,11.5,75.5,-463.75696,1804.4631
1970-01-21T06:00:00Z,11.5,75.5,-248.65047,351.7891
1970-01-21T12:00:00Z,11.5,75.5,-873.68,-810.8356
1970-01-21T18:00:00Z,11.5,75.5,591.4213,1686.9169
1970-01-22T00:00:00Z,11.5,75.5,140.5928,1065.458
1970-01-22T06:00:00Z,11.5,75.5,520.6525,-127.40838
1970-01-22T12:00:00Z,11.5,75.5,-3670.2783,-7688.0728
1970-01-22T18:00:00Z,11.5,75.5,-1915.3054,3666.4055
1970-01-23T00:00:00Z,11.5,75.5,458.86816,-38.737736
1970-01-23T06:00:00Z,11.5,75.5,506.51553,122.114784
1970-01-23T12:00:00Z,11.5,75.5,-2504.6885,-1221.3623
1970-01-23T18:00:00Z,11.5,75.5,855.8699,654.5929
1970-01-24T00:00:00Z,11.5,75.5,1436.017,462.3467
1970-01-24T06:00:00Z,11.5,75.5,1154.212,-440.26794
1970-01-24T12:00:00Z,11.5,75.5,-3120.7026,-1829.5776
1970-01-24T18:00:00Z,11.5,75.5,914.6123,1017.47217
1970-01-25T00:00:00Z,11.5,75.5,-639.10754,523.5851
1970-01-25T06:00:00Z,11.5,75.5,231.80322,260.61774
1970-01-25T12:00:00Z,11.5,75.5,-1532.3103,-592.2907
1970-01-25T18:00:00Z,11.5,75.5,81.98081,269.09277
1970-01-26T00:00:00Z,11.5,75.5,40.674015,289.23346
1970-01-26T06:00:00Z,11.5,75.5,405.65884,854.5216
1970-01-26T12:00:00Z,11.5,75.5,-673.59985,-471.6474
1970-01-26T18:00:00Z,11.5,75.5,-462.6388,-81.78162
1970-01-27T00:00:00Z,11.5,75.5,47.827873,538.06647
1970-01-27T06:00:00Z,11.5,75.5,16.62383,-19.02192
1970-01-27T12:00:00Z,11.5,75.5,-3275.865,-1802.3386
1970-01-27T18:00:00Z,11.5,75.5,-145.5434,-106.41507
1970-01-28T00:00:00Z,11.5,75.5,-324.61554,-357.29965
1970-01-28T06:00:00Z,11.5,75.5,614.8835,-501.54773
1970-01-28T12:00:00Z,11.5,75.5,-3448.5793,-6513.575
1970-01-28T18:00:00Z,11.5,75.5,300.6184,225.38725
1970-01-29T00:00:00Z,11.5,75.5,-298.21585,969.5883
1970-01-29T06:00:00Z,11.5,75.5,1142.5273,845.67645
1970-01-29T12:00:00Z,11.5,75.5,57.012623,-101.0529
1970-01-29T18:00:00Z,11.5,75.5,2032.1888,1890.5458
1970-01-30T00:00:00Z,11.5,75.5,2343.5044,4311.194
1970-01-30T06:00:00Z,11.5,75.5,1784.312,2580.222
1970-01-30T12:00:00Z,11.5,75.5,419.95935,-482.09497
1970-01-30T18:00:00Z,11.5,75.5,2855.5781,1432.6298
1970-01-31T00:00:00Z,11.5,75.5,403.1901,1062.0509
1970-01-31T06:00:00Z,11.5,75.5,1561.569,990.4243
1970-01-31T12:00:00Z,11.5,75.5,901.4194,670.47345
1970-01-31T18:00:00Z,11.5,75.5,946.1312,539.86383
1970-02-01T00:00:00Z,11.5,75.5,2407.7063,2445.7095
1970-02-01T06:00:00Z,11.5,75.5,2407.7063,2445.7095
1970-02-01T12:00:00Z,11.5,75.5,-179.72832,-276.3193
1970-02-01T18:00:00Z,11.5,75.5,5726.438,1699.44
1970-02-02T00:00:00Z,11.5,75.5,1653.7356,1942.4987
1970-02-02T06:00:00Z,11.5,75.5,-21310.842,13411.039
1970-02-02T12:00:00Z,11.5,75.5,2045.6813,-1173.5671
1970-02-02T18:00:00Z,11.5,75.5,2566.1416,2678.6975
1970-02-03T00:00:00Z,11.5,75.5,-58.322063,915.9865
1970-02-03T06:00:00Z,11.5,75.5,2820.56,2852.8613
1970-02-03T12:00:00Z,11.5,75.5,-7310.354,-1457.2253
1970-02-03T18:00:00Z,11.5,75.5,-901.5743,149.77274
1970-02-04T00:00:00Z,11.5,75.5,748.14484,4673.9204
1970-02-04T06:00:00Z,11.5,75.5,1973.3357,2529.6475
1970-02-04T12:00:00Z,11.5,75.5,213.73026,-402.2044
1970-02-04T18:00:00Z,11.5,75.5,2475.5356,4078.3787
1970-02-05T00:00:00Z,11.5,75.5,3457.8809,-677.13416
1970-02-05T06:00:00Z,11.5,75.5,3431.462,1542.5476
1970-02-05T12:00:00Z,11.5,75.5,1177.9127,-241.00119
1970-02-05T18:00:00Z,11.5,75.5,3820.9895,3219.8357
1970-02-06T00:00:00Z,11.5,75.5,3765.1294,8604.959
1970-02-06T06:00:00Z,11.5,75.5,1153.7659,1200.558
1970-02-06T12:00:00Z,11.5,75.5,1162.6171,-2204.2031
1970-02-06T18:00:00Z,11.5,75.5,5462.0586,7107.8486
1970-02-07T00:00:00Z,11.5,75.5,8045.3086,7721.631
1970-02-07T06:00:00Z,11.5,75.5,5205.676,3455.173
1970-02-07T12:00:00Z,11.5,75.5,4345.3,-195.78868
1970-02-07T18:00:00Z,11.5,75.5,3836.5525,4577.164
1970-02-08T00:00:00Z,11.5,75.5,1019.585,4123.969
1970-02-08T06:00:00Z,11.5,75.5,3859.595,5771.9893
1970-02-08T12:00:00Z,11.5,75.5,1273.0801,-92.24914
1970-02-08T18:00:00Z,11.5,75.5,4772.289,6955.5938
1970-02-09T00:00:00Z,11.5,75.5,5663.723,7108.429
1970-02-09T06:00:00Z,11.5,75.5,4395.314,8083.025
1970-02-09T12:00:00Z,11.5,75.5,35.679268,15.991779
1970-02-09T18:00:00Z,11.5,75.5,1269.62,3435.313
1970-02-10T00:00:00Z,11.5,75.5,3359.5696,4978.5645
1970-02-10T06:00:00Z,11.5,75.5,2939.9421,4981.3574
1970-02-10T12:00:00Z,11.5,75.5,2549.3855,-571.786
1970-02-10T18:00:00Z,11.5,75.5,3427.1187,2488.8718
1970-02-11T00:00:00Z,11.5,75.5,4008.7234,2785.8972
1970-02-11T06:00:00Z,11.5,75.5,2407.239,5685.677
1970-02-11T12:00:00Z,11.5,75.5,-799.60376,-1446.3256
1970-02-11T18:00:00Z,11.5,75.5,1137.5421,1310.0018
1970-02-12T00:00:00Z,11.5,75.5,1318.182,1345.2571
1970-02-12T06:00:00Z,11.5,75.5,2296.112,1949.8168
1970-02-12T12:00:00Z,11.5,75.5,596.78326,-641.1762
1970-02-12T18:00:00Z,11.5,75.5,1710.987,2456.4739
1970-02-13T00:00:00Z,11.5,75.5,506.0827,3554.5498
1970-02-13T06:00:00Z,11.5,75.5,2659.4656,2011.7445
1970-02-13T12:00:00Z,11.5,75.5,4287.4844,-3324.5027
1970-02-13T18:00:00Z,11.5,75.5,3573.5989,1395.8462
1970-02-14T00:00:00Z,11.5,75.5,2803.6228,3947.2651
1970-02-14T06:00:00Z,11.5,75.5,1073.6416,1089.6896
1970-02-14T12:00:00Z,11.5,75.5,154.11191,410.73285
1970-02-14T18:00:00Z,11.5,75.5,2044.8922,1781.0149
1970-02-15T00:00:00Z,11.5,75.5,3846.392,3054.3247
1970-02-15T06:00:00Z,11.5,75.5,4534.816,3666.4785
1970-02-15T12:00:00Z,11.5,75.5,1098.7059,-542.3122
1970-02-15T18:00:00Z,11.5,75.5,2641.2625,2973.4072
1970-02-16T00:00:00Z,11.5,75.5,2407.5083,4095.8735
1970-02-16T06:00:00Z,11.5,75.5,2346.351,1567.194
1970-02-16T12:00:00Z,11.5,75.5,1556.5034,-1326.8191
1970-02-16T18:00:00Z,11.5,75.5,2350.7634,2893.4604
1970-02-17T00:00:00Z,11.5,75.5,2011.2894,1847.149
1970-02-17T06:00:00Z,11.5,75.5,2250.173,2530.876
1970-02-17T12:00:00Z,11.5,75.5,228.77443,-1541.6437
1970-02-17T18:00:00Z,11.5,75.5,351.8756,-159.60504
1970-02-18T00:00:00Z,11.5,75.5,1340.5238,486.55267
1970-02-18T06:00:00Z,11.5,75.5,872.8,663.5118
1970-02-18T12:00:00Z,11.5,75.5,-535.6422,115.87221
1970-02-18T18:00:00Z,11.5,75.5,1303.5988,726.3734
1970-02-19T00:00:00Z,11.5,75.5,1013.75195,2130.5686
1970-02-19T06:00:00Z,11.5,75.5,286.68228,1485.1622
1970-02-19T12:00:00Z,11.5,75.5,315.97098,-553.3043
1970-02-19T18:00:00Z,11.5,75.5,1595.4303,1618.8181
1970-02-20T00:00:00Z,11.5,75.5,806.3061,1305.4321
1970-02-20T06:00:00Z,11.5,75.5,362.42163,143.18234
1970-02-20T12:00:00Z,11.5,75.5,-600.71783,-490.2132
1970-02-20T18:00:00Z,11.5,75.5,202.29083,322.53073
1970-02-21T00:00:00Z,11.5,75.5,-411.2092,157.03209
1970-02-21T06:00:00Z,11.5,75.5,-591.5314,-3153.128
1970-02-21T12:00:00Z,11.5,75.5,-1448.9424,-2362.423
1970-02-21T18:00:00Z,11.5,75.5,39.558113,-1498.1536
1970-02-22T00:00:00Z,11.5,75.5,-290.66998,70.44675
1970-02-22T06:00:00Z,11.5,75.5,-436.14667,-103.80122
1970-02-22T12:00:00Z,11.5,75.5,12301.397,-60264.793
1970-02-22T18:00:00Z,11.5,75.5,-811.2453,-1330.5127
1970-02-23T00:00:00Z,11.5,75.5,250.12689,-571.4851
1970-02-23T06:00:00Z,11.5,75.5,-191.16443,34.815224
1970-02-23T12:00:00Z,11.5,75.5,-10700.707,-7542.527
1970-02-23T18:00:00Z,11.5,75.5,-841.43933,-188.95857
1970-02-24T00:00:00Z,11.5,75.5,-853.73065,403.9238
1970-02-24T06:00:00Z,11.5,75.5,1.4473791,161.99216
1970-02-24T12:00:00Z,11.5,75.5,4562.5894,-3081.4932
1970-02-24T18:00:00Z,11.5,75.5,6338.177,334.91473
1970-02-25T00:00:00Z,11.5,75.5,1487.943,789.9192
1970-02-25T06:00:00Z,11.5,75.5,470.04468,-102.56771
1970-02-25T12:00:00Z,11.5,75.5,-1885.0767,-3581.514
1970-02-25T18:00:00Z,11.5,75.5,0.9328697,-382.56937
1970-02-26T00:00:00Z,11.5,75.5,-569.6146,125.435295
1970-02-26T06:00:00Z,11.5,75.5,202.10718,-68.27481
1970-02-26T12:00:00Z,11.5,75.5,-4078.5928,-7030.119
1970-02-26T18:00:00Z,11.5,75.5,-91.242615,-360.8995
1970-02-27T00:00:00Z,11.5,75.5,815.1504,507.64072
1970-02-27T06:00:00Z,11.5,75.5,27.727491,74.52094
1970-02-27T12:00:00Z,11.5,75.5,-1095.315,-3588.995
1970-02-27T18:00:00Z,11.5,75.5,94.68225,-165.15514
1970-02-28T00:00:00Z,11.5,75.5,684.98505,712.5722
1970-02-28T06:00:00Z,11.5,75.5,528.7283,89.527565
1970-02-28T12:00:00Z,11.5,75.5,4295.636,-5458.6406
1970-02-28T18:00:00Z,11.5,75.5,1474.4738,-92.29962
1970-03-01T00:00:00Z,11.5,75.5,891.92267,727.81836
1970-03-01T06:00:00Z,11.5,75.5,395.86987,-67.76897
1970-03-01T12:00:00Z,11.5,75.5,315.48074,-1706.8657
1970-03-01T18:00:00Z,11.5,75.5,258.08957,227.95224
1970-03-02T00:00:00Z,11.5,75.5,851.0298,745.3422
1970-03-02T06:00:00Z,11.5,75.5,-115.90955,-155.41058
1970-03-02T12:00:00Z,11.5,75.5,-13841.685,-3241.741
1970-03-02T18:00:00Z,11.5,75.5,-524.2326,-831.8625
1970-03-03T00:00:00Z,11.5,75.5,-5.377835,-129.77504
1970-03-03T06:00:00Z,11.5,75.5,-79.029976,-935.99207
1970-03-03T12:00:00Z,11.5,75.5,-21441.125,-20472.428
1970-03-03T18:00:00Z,11.5,75.5,-1738.3469,-654.6173
1970-03-04T00:00:00Z,11.5,75.5,-1370.0049,-1771.0759
1970-03-04T06:00:00Z,11.5,75.5,-5123.1157,-1371.988
1970-03-04T12:00:00Z,11.5,75.5,-26376.305,-17928.348
1970-03-04T18:00:00Z,11.5,75.5,-2803.7893,-1368.7837
1970-03-05T00:00:00Z,11.5,75.5,-20025.908,-269.61313
1970-03-05T06:00:00Z,11.5,75.5,-1611.7899,163.60144
1970-03-05T12:00:00Z,11.5,75.5,-5552.0176,-23928.516
1970-03-05T18:00:00Z,11.5,75.5,-2027.883,-851.3348
1970-03-06T00:00:00Z,11.5,75.5,-1628.9258,-433.9593
1970-03-06T06:00:00Z,11.5,75.5,-1548.5239,664.8478
1970-03-06T12:00:00Z,11.5,75.5,-2097.0193,-1388.9601
1970-03-06T18:00:00Z,11.5,75.5,-2520.0007,-820.2636
1970-03-07T00:00:00Z,11.5,75.5,-3894.2722,-10297.158
1970-03-07T06:00:00Z,11.5,75.5,-133.75732,55.098026
1970-03-07T12:00:00Z,11.5,75.5,-3974.5532,-4025.8174
1970-03-07T18:00:00Z,11.5,75.5,-1875.8047,567.2794
1970-03-08T00:00:00Z,11.5,75.5,432.3171,-537.30743
1970-03-08T06:00:00Z,11.5,75.5,282.44302,227.5287
1970-03-08T12:00:00Z,11.5,75.5,-5296.514,-12208.621
1970-03-08T18:00:00Z,11.5,75.5,131.67981,-263.0922
1970-03-09T00:00:00Z,11.5,75.5,1492.206,-601.44965
1970-03-09T06:00:00Z,11.5,75.5,790.6385,605.76715
1970-03-09T12:00:00Z,11.5,75.5,494.16962,-641.6481
1970-03-09T18:00:00Z,11.5,75.5,118.775444,-140.93546
1970-03-10T00:00:00Z,11.5,75.5,-2591.7397,-133.61136
1970-03-10T06:00:00Z,11.5,75.5,-840.84796,382.79068
1970-03-10T12:00:00Z,11.5,75.5,-17321.482,-4845.0356
1970-03-10T18:00:00Z,11.5,75.5,-846.4899,-1090.2863
1970-03-11T00:00:00Z,11.5,75.5,-736.3973,-42.48891
1970-03-11T06:00:00Z,11.5,75.5,-2487.6338,64.85018
1970-03-11T12:00:00Z,11.5,75.5,-11588.42,-11933.687
1970-03-11T18:00:00Z,11.5,75.5,-1208.0878,-1549.7401
1970-03-12T00:00:00Z,11.5,75.5,-3411.827,-2600.6125
1970-03-12T06:00:00Z,11.5,75.5,-1327.7351,-1077.7487
1970-03-12T12:00:00Z,11.5,75.5,-14947.906,-32327.238
1970-03-12T18:00:00Z,11.5,75.5,-946.47473,-824.0911
1970-03-13T00:00:00Z,11.5,75.5,-1381.1063,-836.1739
1970-03-13T06:00:00Z,11.5,75.5,-569.3844,-13.840829
1970-03-13T12:00:00Z,11.5,75.5,1096.8883,-27694.766
1970-03-13T18:00:00Z,11.5,75.5,-876.54987,-2008.1385
1970-03-14T00:00:00Z,11.5,75.5,-355.63947,-170.14958
1970-03-14T06:00:00Z,11.5,75.5,-803.26434,396.68814
1970-03-14T12:00:00Z,11.5,75.5,-2837.0186,-4054.3281
1970-03-14T18:00:00Z,11.5,75.5,84.17277,-450.8426
1970-03-15T00:00:00Z,11.5,75.5,138.8491,-402.68124
1970-03-15T06:00:00Z,11.5,75.5,-4.6695414,-5.199466
1970-03-15T12:00:00Z,11.5,75.5,4378.62,-21633.03
1970-03-15T18:00:00Z,11.5,75.5,4378.62,-21633.03
1970-03-16T00:00:00Z,11.5,75.5,60.25225,83.97938
1970-03-16T06:00:00Z,11.5,75.5,-74.666084,-77.65684
1970-03-16T12:00:00Z,11.5,75.5,-5692.838,-11613.686
1970-03-16T18:00:00Z,11.5,75.5,4827.289,-15893.238
1970-03-17T00:00:00Z,11.5,75.5,-129.06706,-1307.4148
1970-03-17T06:00:00Z,11.5,75.5,-450.1509,-874.62964
1970-03-17T12:00:00Z,11.5,75.5,-4698.848,-11901.122
1970-03-17T18:00:00Z,11.5,75.5,-4698.848,-11901.122
1970-03-18T00:00:00Z,11.5,75.5,-143.60394,-4716.8774
1970-03-18T06:00:00Z,11.5,75.5,-73.69061,-469.1654
1970-03-18T12:00:00Z,11.5,75.5,-1217.6512,-45055.098
1970-03-18T18:00:00Z,11.5,75.5,539.9499,-573.9521
1970-03-19T00:00:00Z,11.5,75.5,502.58563,-1204.795
1970-03-19T06:00:00Z,11.5,75.5,-325.76428,-930.9408
1970-03-19T12:00:00Z,11.5,75.5,-5070.3535,-16347.539
1970-03-19T18:00:00Z,11.5,75.5,999.45404,-949.3689
1970-03-20T00:00:00Z,11.5,75.5,1061.1472,-877.8077
1970-03-20T06:00:00Z,11.5,75.5,274.6701,-184.88498
1970-03-20T12:00:00Z,11.5,75.5,-719.32745,-3673.368
1970-03-20T18:00:00Z,11.5,75.5,461.4357,-281.12415
1970-03-21T00:00:00Z,11.5,75.5,26.536564,153.61386
1970-03-21T06:00:00Z,11.5,75.5,-64.29193,-150.07074
1970-03-21T12:00:00Z,11.5,75.5,-669.2865,-496.39902
1970-03-21T18:00:00Z,11.5,75.5,929.25854,-100.03702
1970-03-22T00:00:00Z,11.5,75.5,3621.2915,-167.9839
1970-03-22T06:00:00Z,11.5,75.5,1417.272,-976.4882
1970-03-22T12:00:00Z,11.5,75.5,-6916.734,-18130.998
1970-03-22T18:00:00Z,11.5,75.5,201.49861,-491.33234
1970-03-23T00:00:00Z,11.5,75.5,-40.341194,-339.0034
1970-03-23T06:00:00Z,11.5,75.5,-32.04419,-717.67737
1970-03-23T12:00:00Z,11.5,75.5,-15355.195,-3485.3892
1970-03-23T18:00:00Z,11.5,75.5,670.57245,-589.1078
1970-03-24T00:00:00Z,11.5,75.5,-395.24484,-879.9672
1970-03-24T06:00:00Z,11.5,75.5,-202.33438,-2827.315
1970-03-24T12:00:00Z,11.5,75.5,1279.6865,-13677.367
1970-03-24T18:00:00Z,11.5,75.5,84.56824,-131.6984
1970-03-25T00:00:00Z,11.5,75.5,734.41516,-466.51282
1970-03-25T06:00:00Z,11.5,75.5,621.8284,-236.38313
1970-03-25T12:00:00Z,11.5,75.5,621.8284,-236.38313
1970-03-25T18:00:00Z,11.5,75.5,140.39934,-528.9705
1970-03-26T00:00:00Z,11.5,75.5,115.074776,938.7704
1970-03-26T06:00:00Z,11.5,75.5,222.84387,-2.1737742
1970-03-26T12:00:00Z,11.5,75.5,-3575.394,-15066.278
1970-03-26T18:00:00Z,11.5,75.5,3470.933,-2415.6997
1970-03-27T00:00:00Z,11.5,75.5,62.447067,-384.1759
1970-03-27T06:00:00Z,11.5,75.5,48.261017,-244.08235
1970-03-27T12:00:00Z,11.5,75.5,-11358.765,-13496.495
1970-03-27T18:00:00Z,11.5,75.5,-160.00383,-599.8864
1970-03-28T00:00:00Z,11.5,75.5,11.431273,-12.643037
1970-03-28T06:00:00Z,11.5,75.5,192.33464,-1093.41
1970-03-28T12:00:00Z,11.5,75.5,-779.2849,-2165.8853
1970-03-28T18:00:00Z,11.5,75.5,-267.51703,-539.4892
1970-03-29T00:00:00Z,11.5,75.5,-1727.638,660.1454
1970-03-29T06:00:00Z,11.5,75.5,-1727.638,660.1454
1970-03-29T12:00:00Z,11.5,75.5,-9577.565,-23553.09
1970-03-29T18:00:00Z,11.5,75.5,582.60394,-2359.8865
1970-03-30T00:00:00Z,11.5,75.5,-614.38367,-303.59027
1970-03-30T06:00:00Z,11.5,75.5,-1465.9963,-1980.4194
1970-03-30T12:00:00Z,11.5,75.5,-8892.612,-4103.1074
1970-03-30T18:00:00Z,11.5,75.5,-584.5922,-1515.8065
1970-03-31T00:00:00Z,11.5,75.5,-2208.7322,-2551.6545
1970-03-31T06:00:00Z,11.5,75.5,1.9367968,-440.97537
1970-03-31T12:00:00Z,11.5,75.5,-10422.515,-6423.028
1970-03-31T18:00:00Z,11.5,75.5,-1641.8063,-1325.7156
1970-04-01T00:00:00Z,11.5,75.5,-1280.9208,-325.8117
1970-04-01T06:00:00Z,11.5,75.5,-2875.117,-499.58105
1970-04-01T12:00:00Z,11.5,75.5,-41224.78,-21460.016
1970-04-01T18:00:00Z,11.5,75.5,-3182.794,-7140.9214
1970-04-02T00:00:00Z,11.5,75.5,-5967.381,-3153.3533
1970-04-02T06:00:00Z,11.5,75.5,-3216.363,-5189.382
1970-04-02T12:00:00Z,11.5,75.5,-24368.223,-32016.463
1970-04-02T18:00:00Z,11.5,75.5,-6265.366,-20971.096
1970-04-03T00:00:00Z,11.5,75.5,-2108.204,-2779.5527
1970-04-03T06:00:00Z,11.5,75.5,223.42284,-7734.8354
1970-04-03T12:00:00Z,11.5,75.5,-8386.623,-33911.098
1970-04-03T18:00:00Z,11.5,75.5,393.4641,-1140.8529
1970-04-04T00:00:00Z,11.5,75.5,1661.2694,1083.8474
1970-04-04T06:00:00Z,11.5,75.5,179.38222,236.5341
1970-04-04T12:00:00Z,11.5,75.5,-3228.5476,-9806.5625
1970-04-04T18:00:00Z,11.5,75.5,2081.337,-5592.6562
1970-04-05T00:00:00Z,11.5,75.5,1510.4646,-534.54926
1970-04-05T06:00:00Z,11.5,75.5,1304.9547,1690.4097
1970-04-05T12:00:00Z,11.5,75.5,712.8599,-698.77576
1970-04-05T18:00:00Z,11.5,75.5,1730.4087,1575.085
1970-04-06T00:00:00Z,11.5,75.5,905.2384,972.76776
1970-04-06T06:00:00Z,11.5,75.5,905.2384,972.76776
1970-04-06T12:00:00Z,11.5,75.5,173.51903,-358.68747
1970-04-06T18:00:00Z,11.5,75.5,231.18411,468.2496
1970-04-07T00:00:00Z,11.5,75.5,64.195564,0.5493467
1970-04-07T06:00:00Z,11.5,75.5,172.42953,-169.22365
1970-04-07T12:00:00Z,11.5,75.5,-3848.7334,-4416.4
1970-04-07T18:00:00Z,11.5,75.5,320.347,-5.6579866
1970-04-08T00:00:00Z,11.5,75.5,-167.65654,-173.94957
1970-04-08T06:00:00Z,11.5,75.5,364.29803,-566.5015
1970-04-08T12:00:00Z,11.5,75.5,-6276.642,-20207.965
1970-04-08T18:00:00Z,11.5,75.5,51.172577,-941.7745
1970-04-09T00:00:00Z,11.5,75.5,-1150.1953,-2674.3325
1970-04-09T06:00:00Z,11.5,75.5,-1405.3695,-830.4282
1970-04-09T12:00:00Z,11.5,75.5,-15080.104,-26625.783
1970-04-09T18:00:00Z,11.5,75.5,-3072.619,-4599.446
1970-04-10T00:00:00Z,11.5,75.5,-1542.8201,-2438.9167
1970-04-10T06:00:00Z,11.5,75.5,-1039.2404,-2255.3733
1970-04-10T12:00:00Z,11.5,75.5,-39662.53,-37649.77
1970-04-10T18:00:00Z,11.5,75.5,-1895.7291,-2738.284
1970-04-11T00:00:00Z,11.5,75.5,-4653.116,-1819.3546
1970-04-11T06:00:00Z,11.5,75.5,-2223.9487,-1534.6947
1970-04-11T12:00:00Z,11.5,75.5,-5179.942,-1639.1798
1970-04-11T18:00:00Z,11.5,75.5,-40.597904,-307.6846
1970-04-12T00:00:00Z,11.5,75.5,-137.00322,80.65921
1970-04-12T06:00:00Z,11.5,75.5,239.54037,-384.13852
1970-04-12T12:00:00Z,11.5,75.5,-3617.9695,-5586.8804
1970-04-12T18:00:00Z,11.5,75.5,3762.2197,-1803.8364
1970-04-13T00:00:00Z,11.5,75.5,-182.06198,-13.496424
1970-04-13T06:00:00Z,11.5,75.5,581.5218,-274.21164
1970-04-13T12:00:00Z,11.5,75.5,-50.425518,17.47044
1970-04-13T18:00:00Z,11.5,75.5,-347.24045,-2597.9648
1970-04-14T00:00:00Z,11.5,75.5,-261.77496,-962.4719
1970-04-14T06:00:00Z,11.5,75.5,561.89716,-398.62155
1970-04-14T12:00:00Z,11.5,75.5,-1635.6031,-7101.009
1970-04-14T18:00:00Z,11.5,75.5,195.49883,55.729908
1970-04-15T00:00:00Z,11.5,75.5,-142.55046,286.67645
1970-04-15T06:00:00Z,11.5,75.5,61.83351,-1230.5538
1970-04-15T12:00:00Z,11.5,75.5,2837.5696,-2306.5217
1970-04-15T18:00:00Z,11.5,75.5,712.23676,-71.40092
1970-04-16T00:00:00Z,11.5,75.5,-121.71569,69.35454
1970-04-16T06:00:00Z,11.5,75.5,43.61097,-255.2842
1970-04-16T12:00:00Z,11.5,75.5,-10291.855,-16044.548
1970-04-16T18:00:00Z,11.5,75.5,-86.50113,-582.9173
1970-04-17T00:00:00Z,11.5,75.5,-63.33074,-776.1241
1970-04-17T06:00:00Z,11.5,75.5,-223.37138,-857.3051
1970-04-17T12:00:00Z,11.5,75.5,-23807.84,-25532.357
1970-04-17T18:00:00Z,11.5,75.5,-2519.7559,-735.72205
1970-04-18T00:00:00Z,11.5,75.5,-77.65146,-702.9676
1970-04-18T06:00:00Z,11.5,75.5,-4610.288,-3613.684
1970-04-18T12:00:00Z,11.5,75.5,-8364.997,-14588.764
1970-04-18T18:00:00Z,11.5,75.5,-3012.0452,-1683.617
1970-04-19T00:00:00Z,11.5,75.5,-2683.965,-1048.145
1970-04-19T06:00:00Z,11.5,75.5,-2035.4607,-14273.5
1970-04-19T12:00:00Z,11.5,75.5,-34361.883,-19120.006
1970-04-19T18:00:00Z,11.5,75.5,-416.52988,-1499.9504
1970-04-20T00:00:00Z,11.5,75.5,59.076042,-171.4455
1970-04-20T06:00:00Z,11.5,75.5,-285.38104,-261.91724
1970-04-20T12:00:00Z,11.5,75.5,-22929.1,-35362.45
1970-04-20T18:00:00Z,11.5,75.5,-58.193413,-1804.0443
1970-04-21T00:00:00Z,11.5,75.5,-1604.8397,-2330.9133
1970-04-21T06:00:00Z,11.5,75.5,-1349.5459,-1748.0181
1970-04-21T12:00:00Z,11.5,75.5,-19407.352,-22471.072
1970-04-21T18:00:00Z,11.5,75.5,125.52836,-1613.556
1970-04-22T00:00:00Z,11.5,75.5,-2651.9297,-618.5984
1970-04-22T06:00:00Z,11.5,75.5,-207.97932,-413.6303
1970-04-22T12:00:00Z,11.5,75.5,-9684.304,-22629.016
1970-04-22T18:00:00Z,11.5,75.5,-2696.1816,-3085.828
1970-04-23T00:00:00Z,11.5,75.5,-144.20908,-920.52954
1970-04-23T06:00:00Z,11.5,75.5,-261.09952,-838.1027
1970-04-23T12:00:00Z,11.5,75.5,-12069.467,-12148.319
1970-04-23T18:00:00Z,11.5,75.5,-1127.9636,-2528.523
1970-04-24T00:00:00Z,11.5,75.5,6536.1235,-3517.4792
1970-04-24T06:00:00Z,11.5,75.5,731.5868,-769.67145
1970-04-24T12:00:00Z,11.5,75.5,-21612.297,-34270.22
1970-04-24T18:00:00Z,11.5,75.5,-400.55716,-898.14984
1970-04-25T00:00:00Z,11.5,75.5,-65.759766,-850.6415
1970-04-25T06:00:00Z,11.5,75.5,-237.54755,-454.7089
1970-04-25T12:00:00Z,11.5,75.5,-12074.446,-20418.164
1970-04-25T18:00:00Z,11.5,75.5,-3446.7307,-975.0779
1970-04-26T00:00:00Z,11.5,75.5,-1136.5845,-2049.4028
1970-04-26T06:00:00Z,11.5,75.5,-2294.4614,-3191.8113
1970-04-26T12:00:00Z,11.5,75.5,-16982.049,-10227.385
1970-04-26T18:00:00Z,11.5,75.5,-374.82736,-1681.4617
1970-04-27T00:00:00Z,11.5,75.5,-1162.6216,-1863.4498
1970-04-27T06:00:00Z,11.5,75.5,-4555.9893,-7221.0435
1970-04-27T12:00:00Z,11.5,75.5,-25638.074,-33329.14
1970-04-27T18:00:00Z,11.5,75.5,-7468.4834,-6816.5156
1970-04-28T00:00:00Z,11.5,75.5,-5647.195,-4782.151
1970-04-28T06:00:00Z,11.5,75.5,-4189.4233,-5212.273
1970-04-28T12:00:00Z,11.5,75.5,-32409.887,-23139.2
1970-04-28T18:00:00Z,11.5,75.5,-2560.1184,-1361.3776
1970-04-29T00:00:00Z,11.5,75.5,-1611.7881,-1230.9758
1970-04-29T06:00:00Z,11.5,75.5,-4367.658,-3177.7717
1970-04-29T12:00:00Z,11.5,75.5,-24700.44,-17294.443
1970-04-29T18:00:00Z,11.5,75.5,-548.1238,-2342.6057
1970-04-30T00:00:00Z,11.5,75.5,-3331.0166,-1901.8926
1970-04-30T06:00:00Z,11.5,75.5,-4822.1094,-2853.5964
1970-04-30T12:00:00Z,11.5,75.5,-7951.9717,-3659.819
1970-04-30T18:00:00Z,11.5,75.5,-1793.8737,-2279.5164
1970-05-01T00:00:00Z,11.5,75.5,-5304.7314,-2347.9216
1970-05-01T06:00:00Z,11.5,75.5,-9170.068,-5752.6514
1970-05-01T12:00:00Z,11.5,75.5,-53565.023,-54149.855
1970-05-01T18:00:00Z,11.5,75.5,-3325.0269,-21733.895
1970-05-02T00:00:00Z,11.5,75.5,-6875.629,-3728.953
1970-05-02T06:00:00Z,11.5,75.5,-7998.2856,-7616.63
1970-05-02T12:00:00Z,11.5,75.5,-4206.672,-1157.1232
1970-05-02T18:00:00Z,11.5,75.5,-2529.527,-3341.6797
1970-05-03T00:00:00Z,11.5,75.5,-3102.6501,-1969.4099
1970-05-03T06:00:00Z,11.5,75.5,-5723.3296,-3621.8538
1970-05-03T12:00:00Z,11.5,75.5,-22920.635,-22073.285
1970-05-03T18:00:00Z,11.5,75.5,-2606.1946,-4306.711
1970-05-04T00:00:00Z,11.5,75.5,1696.2102,-11828.702
1970-05-04T06:00:00Z,11.5,75.5,-1488.2638,-13855.811
1970-05-04T12:00:00Z,11.5,75.5,-15241.096,-28192.553
1970-05-04T18:00:00Z,11.5,75.5,-816.71436,-3012.8127
1970-05-05T00:00:00Z,11.5,75.5,-7420.8584,-2495.4482
1970-05-05T06:00:00Z,11.5,75.5,-13842.024,-6342.7046
1970-05-05T12:00:00Z,11.5,75.5,-34892.527,-24582.482
1970-05-05T18:00:00Z,11.5,75.5,-4260.837,-5966.766
1970-05-06T00:00:00Z,11.5,75.5,-11113.451,-8092.569
1970-05-06T06:00:00Z,11.5,75.5,3257.339,-5680.616
1970-05-06T12:00:00Z,11.5,75.5,-27401.871,-19294.438
1970-05-06T18:00:00Z,11.5,75.5,-3199.7766,-5532.7104
1970-05-07T00:00:00Z,11.5,75.5,-4241.4844,-2615.6582
1970-05-07T06:00:00Z,11.5,75.5,-6948.718,-5268.173
1970-05-07T12:00:00Z,11.5,75.5,-22050.479,-64747.777
1970-05-07T18:00:00Z,11.5,75.5,-6041.7646,-8645.851
1970-05-08T00:00:00Z,11.5,75.5,-9435.189,-5399.3335
1970-05-08T06:00:00Z,11.5,75.5,-11837.567,-10395.158
1970-05-08T12:00:00Z,11.5,75.5,-33967.414,-27364.832
1970-05-08T18:00:00Z,11.5,75.5,-1092.2208,-4075.3506
1970-05-09T00:00:00Z,11.5,75.5,-5142.5137,-2935.2786
1970-05-09T06:00:00Z,11.5,75.5,275.1229,-6685.9434
1970-05-09T12:00:00Z,11.5,75.5,-14430.295,-28745.84
1970-05-09T18:00:00Z,11.5,75.5,-2283.4875,-2821.8513
1970-05-10T00:00:00Z,11.5,75.5,-1104.9882,-1824.8617
1970-05-10T06:00:00Z,11.5,75.5,-1360.2067,-2130.498
1970-05-10T12:00:00Z,11.5,75.5,-11737.807,-14203.832
1970-05-10T18:00:00Z,11.5,75.5,-2494.532,-863.14484
1970-05-11T00:00:00Z,11.5,75.5,-773.2071,-2078.4778
1970-05-11T06:00:00Z,11.5,75.5,-2374.25,-4294.506
1970-05-11T12:00:00Z,11.5,75.5,-19449.13,-24982.064
1970-05-11T18:00:00Z,11.5,75.5,-1359.3209,-1541.1072
1970-05-12T00:00:00Z,11.5,75.5,-719.75995,-1915.1207
1970-05-12T06:00:00Z,11.5,75.5,-1076.285,-1914.1964
1970-05-12T12:00:00Z,11.5,75.5,-9272.747,-20731.555
1970-05-12T18:00:00Z,11.5,75.5,-1118.2511,-1831.4916
1970-05-13T00:00:00Z,11.5,75.5,-2818.6565,-2696.1084
1970-05-13T06:00:00Z,11.5,75.5,-2818.6565,-2696.1084
1970-05-13T12:00:00Z,11.5,75.5,-20379.936,-23448.314
1970-05-13T18:00:00Z,11.5,75.5,-2115.9155,-1466.2167
1970-05-14T00:00:00Z,11.5,75.5,-1437.1498,-1232.5365
1970-05-14T06:00:00Z,11.5,75.5,-2834.2842,-6448.5454
1970-05-14T12:00:00Z,11.5,75.5,-30754.309,-29649.463
1970-05-14T18:00:00Z,11.5,75.5,-5238.972,-4653.3535
1970-05-15T00:00:00Z,11.5,75.5,-5742.236,-5748.6284
1970-05-15T06:00:00Z,11.5,75.5,-11077.532,-9606.965
1970-05-15T12:00:00Z,11.5,75.5,-29207.9,-28154.885
1970-05-15T18:00:00Z,11.5,75.5,-2108.553,-2657.4966
1970-05-16T00:00:00Z,11.5,75.5,-4963.2075,-3141.5063
1970-05-16T06:00:00Z,11.5,75.5,-5967.3447,-5968.582
1970-05-16T12:00:00Z,11.5,75.5,-31172.104,-31503.908
1970-05-16T18:00:00Z,11.5,75.5,-7175.8237,-10495.54
1970-05-17T00:00:00Z,11.5,75.5,-8497.292,-6620.4863
1970-05-17T06:00:00Z,11.5,75.5,-12720.077,-7438.715
1970-05-17T12:00:00Z,11.5,75.5,-3930.53,-12571.037
1970-05-17T18:00:00Z,11.5,75.5,-795.11523,-2676.9053
1970-05-18T00:00:00Z,11.5,75.5,-2390.005,-1688.4594
1970-05-18T06:00:00Z,11.5,75.5,-1890.2559,-2455.3157
1970-05-18T12:00:00Z,11.5,75.5,-8323.067,-23130.49
1970-05-18T18:00:00Z,11.5,75.5,-215.66275,-4123.82
1970-05-19T00:00:00Z,11.5,75.5,-5782.8843,-3722.8289
1970-05-19T06:00:00Z,11.5,75.5,-5350.06,-5559.089
1970-05-19T12:00:00Z,11.5,75.5,-17764.092,-6019.0874
1970-05-19T18:00:00Z,11.5,75.5,-7567.061,-9846.739
1970-05-20T00:00:00Z,11.5,75.5,-7010.866,-2136.307
1970-05-20T06:00:00Z,11.5,75.5,-5406.572,-5419.68
1970-05-20T12:00:00Z,11.5,75.5,-46565.457,-35363.95
1970-05-20T18:00:00Z,11.5,75.5,-8507.152,-9590.568
1970-05-21T00:00:00Z,11.5,75.5,-11289.575,-7782.9766
1970-05-21T06:00:00Z,11.5,75.5,-8695.381,-3959.7324
1970-05-21T12:00:00Z,11.5,75.5,-12419.053,-10697.147
1970-05-21T18:00:00Z,11.5,75.5,-399.1034,-1152.6075
1970-05-22T00:00:00Z,11.5,75.5,-603.4512,-9.629717
1970-05-22T06:00:00Z,11.5,75.5,-2387.9377,-2374.3252
1970-05-22T12:00:00Z,11.5,75.5,-7870.272,-12409.788
1970-05-22T18:00:00Z,11.5,75.5,-227.29356,-379.52432
1970-05-23T00:00:00Z,11.5,75.5,-1241.8434,-276.0581
1970-05-23T06:00:00Z,11.5,75.5,-1166.058,13.926513
1970-05-23T12:00:00Z,11.5,75.5,-1623.352,-927.5308
1970-05-23T18:00:00Z,11.5,75.5,-828.02277,-569.05383
1970-05-24T00:00:00Z,11.5,75.5,-1354.1201,-646.0052
1970-05-24T06:00:00Z,11.5,75.5,-1414.035,-2610.779
1970-05-24T12:00:00Z,11.5,75.5,-1665.8478,-1967.29
1970-05-24T18:00:00Z,11.5,75.5,-2239.504,-1396.4968
1970-05-25T00:00:00Z,11.5,75.5,-2666.6042,-1759.8167
1970-05-25T06:00:00Z,11.5,75.5,-2594.2283,-2540.3823
1970-05-25T12:00:00Z,11.5,75.5,-20556.08,-25373.111
1970-05-25T18:00:00Z,11.5,75.5,-2162.3286,-4992.576
1970-05-26T00:00:00Z,11.5,75.5,195.52792,-1053.6511
1970-05-26T06:00:00Z,11.5,75.5,1819.8947,-2468.983
1970-05-26T12:00:00Z,11.5,75.5,-30136.842,-26459.4
1970-05-26T18:00:00Z,11.5,75.5,-836.11774,-2103.846
1970-05-27T00:00:00Z,11.5,75.5,614.2843,-2785.8235
1970-05-27T06:00:00Z,11.5,75.5,114.21358,-8490.815
1970-05-27T12:00:00Z,11.5,75.5,-14245.864,-21896.68
1970-05-27T18:00:00Z,11.5,75.5,-153.41057,-3656.6003
1970-05-28T00:00:00Z,11.5,75.5,379.7987,-15016.426
1970-05-28T06:00:00Z,11.5,75.5,-52.00055,-14765.143
1970-05-28T12:00:00Z,11.5,75.5,6281.049,-38021.13
1970-05-28T18:00:00Z,11.5,75.5,164.18878,-7089.4834
1970-05-29T00:00:00Z,11.5,75.5,2429.329,-10514.035
1970-05-29T06:00:00Z,11.5,75.5,1497.3313,-8009.972
1970-05-29T12:00:00Z,11.5,75.5,-8541.416,-23762.697
1970-05-29T18:00:00Z,11.5,75.5,-178.06053,-5141.9844
1970-05-30T00:00:00Z,11.5,75.5,3516.3965,-8765.911
1970-05-30T06:00:00Z,11.5,75.5,53.603706,-4195.366
1970-05-30T12:00:00Z,11.5,75.5,-2118.817,-9970.976
1970-05-30T18:00:00Z,11.5,75.5,988.3783,-1365.6752
1970-05-31T00:00:00Z,11.5,75.5,-2188.7441,-2928.1003
1970-05-31T06:00:00Z,11.5,75.5,-591.77405,-2364.7295
1970-05-31T12:00:00Z,11.5,75.5,-854.1817,-7236.1934
1970-05-31T18:00:00Z,11.5,75.5,827.4205,-549.24414
1970-06-01T00:00:00Z,11.5,75.5,-195.42076,-1114.1895
1970-06-01T06:00:00Z,11.5,75.5,340.54367,-182.5337
1970-06-01T12:00:00Z,11.5,75.5,1037.7804,-998.5018
1970-06-01T18:00:00Z,11.5,75.5,-311.40707,-848.469
1970-06-02T00:00:00Z,11.5,75.5,-216.20888,-748.1767
1970-06-02T06:00:00Z,11.5,75.5,537.3634,-1721.2222
1970-06-02T12:00:00Z,11.5,75.5,-9555.525,-5946.0874
1970-06-02T18:00:00Z,11.5,75.5,-284.85687,-1483.5996
1970-06-03T00:00:00Z,11.5,75.5,-495.15732,-1467.258
1970-06-03T06:00:00Z,11.5,75.5,-4269.76,-3435.7498
1970-06-03T12:00:00Z,11.5,75.5,-4954.2944,-9163.461
1970-06-03T18:00:00Z,11.5,75.5,-426.7199,-1514.2847
1970-06-04T00:00:00Z,11.5,75.5,-4103.871,-3681.4304
1970-06-04T06:00:00Z,11.5,75.5,-6610.351,-7242.6147
1970-06-04T12:00:00Z,11.5,75.5,-4839.3945,-11435.777
1970-06-04T18:00:00Z,11.5,75.5,-4109.626,-10060.621
1970-06-05T00:00:00Z,11.5,75.5,-3860.3286,-11375.823
1970-06-05T06:00:00Z,11.5,75.5,-1756.7161,-10171.094
1970-06-05T12:00:00Z,11.5,75.5,-8097.597,-20209.812
1970-06-05T18:00:00Z,11.5,75.5,-1245.7607,-3627.8528
1970-06-06T00:00:00Z,11.5,75.5,-11534.118,-12388.308
1970-06-06T06:00:00Z,11.5,75.5,-2942.4053,-5116.9697
1970-06-06T12:00:00Z,11.5,75.5,-12382.122,-20183.115
1970-06-06T18:00:00Z,11.5,75.5,-1847.2064,-5889.495
1970-06-07T00:00:00Z,11.5,75.5,-5005.1904,-8820.013
1970-06-07T06:00:00Z,11.5,75.5,-3732.6912,-4948.8164
1970-06-07T12:00:00Z,11.5,75.5,-19552.834,-37552.9
1970-06-07T18:00:00Z,11.5,75.5,-8134.128,-8811.6045
1970-06-08T00:00:00Z,11.5,75.5,-4701.5073,-11624.492
1970-06-08T06:00:00Z,11.5,75.5,-8844.3955,-9634.204
1970-06-08T12:00:00Z,11.5,75.5,-9399.11,-15832.82
1970-06-08T18:00:00Z,11.5,75.5,-1435.4008,-3956.9316
1970-06-09T00:00:00Z,11.5,75.5,-2573.303,-5426.4985
1970-06-09T06:00:00Z,11.5,75.5,-2855.6843,-8834.673
1970-06-09T12:00:00Z,11.5,75.5,-6837.0996,-24981.213
1970-06-09T18:00:00Z,11.5,75.5,-1119.4065,-3844.382
1970-06-10T00:00:00Z,11.5,75.5,-1096.46,-6257.6704
1970-06-10T06:00:00Z,11.5,75.5,-1493.7025,-7722.924
1970-06-10T12:00:00Z,11.5,75.5,-9918.527,-21873.037
1970-06-10T18:00:00Z,11.5,75.5,-195.38025,-4088.3425
1970-06-11T00:00:00Z,11.5,75.5,-1998.7195,-7321.268
1970-06-11T06:00:00Z,11.5,75.5,-3133.3096,-8804.763
1970-06-11T12:00:00Z,11.5,75.5,-9845.748,-17382.607
1970-06-11T18:00:00Z,11.5,75.5,-1428.9978,-7287.0913
1970-06-12T00:00:00Z,11.5,75.5,-1533.8619,-6635.135
1970-06-12T06:00:00Z,11.5,75.5,-580.85815,-6708.222
1970-06-12T12:00:00Z,11.5,75.5,-24655.787,-42018.305
1970-06-12T18:00:00Z,11.5,75.5,-4188.1606,-9757.6045
1970-06-13T00:00:00Z,11.5,75.5,-7100.0293,-15210.487
1970-06-13T06:00:00Z,11.5,75.5,-6052.2817,-9157.697
1970-06-13T12:00:00Z,11.5,75.5,-19471.64,-33043.79
1970-06-13T18:00:00Z,11.5,75.5,-3042.5771,-7899.9146
1970-06-14T00:00:00Z,11.5,75.5,-5585.18,-18436.646
1970-06-14T06:00:00Z,11.5,75.5,-13385.299,-14857.761
1970-06-14T12:00:00Z,11.5,75.5,-5041.862,-10990.787
1970-06-14T18:00:00Z,11.5,75.5,-1363.7036,-2524.1204
1970-06-15T00:00:00Z,11.5,75.5,12706.643,-54310.67
1970-06-15T06:00:00Z,11.5,75.5,-1634.6375,-8968.131
1970-06-15T12:00:00Z,11.5,75.5,-1810.4318,-9422.431
1970-06-15T18:00:00Z,11.5,75.5,-1810.4318,-9422.431
1970-06-16T00:00:00Z,11.5,75.5,1216.3749,-2684.6245
1970-06-16T06:00:00Z,11.5,75.5,40.336937,-6227.228
1970-06-16T12:00:00Z,11.5,75.5,-3407.6917,-11337.111
1970-06-16T18:00:00Z,11.5,75.5,301.199,-3934.7664
1970-06-17T00:00:00Z,11.5,75.5,-492.63156,-4720.719
1970-06-17T06:00:00Z,11.5,75.5,-840.5943,-5298.3647
1970-06-17T12:00:00Z,11.5,75.5,-3999.3433,-12688.986
1970-06-17T18:00:00Z,11.5,75.5,-806.49805,-3693.305
1970-06-18T00:00:00Z,11.5,75.5,-99.89719,-3865.8738
1970-06-18T06:00:00Z,11.5,75.5,-201.5465,-1351.2146
1970-06-18T12:00:00Z,11.5,75.5,-12465.596,-14784.426
1970-06-18T18:00:00Z,11.5,75.5,-1101.4225,-2137.5464
1970-06-19T00:00:00Z,11.5,75.5,-2916.1606,-4826.42
1970-06-19T06:00:00Z,11.5,75.5,-1416.1263,-2532.181
1970-06-19T12:00:00Z,11.5,75.5,-7893.168,-13577.851
1970-06-19T18:00:00Z,11.5,75.5,69.460846,-1144.027
1970-06-20T00:00:00Z,11.5,75.5,-764.19885,-1153.1333
1970-06-20T06:00:00Z,11.5,75.5,-1112.5675,-1664.4445
1970-06-20T12:00:00Z,11.5,75.5,-16028.48,-13438.597
1970-06-20T18:00:00Z,11.5,75.5,-3052.5547,-1607.2948
1970-06-21T00:00:00Z,11.5,75.5,-782.79346,-972.63654
1970-06-21T06:00:00Z,11.5,75.5,-608.5322,-798.5913
1970-06-21T12:00:00Z,11.5,75.5,-5196.2314,-10480.854
1970-06-21T18:00:00Z,11.5,75.5,-94.02989,-1861.0737
1970-06-22T00:00:00Z,11.5,75.5,-2826.6208,-3728.0198
1970-06-22T06:00:00Z,11.5,75.5,-851.6307,-2159.4087
1970-06-22T12:00:00Z,11.5,75.5,-5558.8403,-10558.336
1970-06-22T18:00:00Z,11.5,75.5,-57.116955,-1152.428
1970-06-23T00:00:00Z,11.5,75.5,-2973.0735,-4451.081
1970-06-23T06:00:00Z,11.5,75.5,-3200.077,-4805.061
1970-06-23T12:00:00Z,11.5,75.5,-11136.244,-17503.553
1970-06-23T18:00:00Z,11.5,75.5,174.72081,-1356.7742
1970-06-24T00:00:00Z,11.5,75.5,-1584.3094,-2173.6167
1970-06-24T06:00:00Z,11.5,75.5,-5938.3545,-3684.7507
1970-06-24T12:00:00Z,11.5,75.5,-11626.612,-11471.9
1970-06-24T18:00:00Z,11.5,75.5,-926.1578,-2402.2185
1970-06-25T00:00:00Z,11.5,75.5,-863.0489,-2127.449
1970-06-25T06:00:00Z,11.5,75.5,-3888.5525,-3774.0496
1970-06-25T12:00:00Z,11.5,75.5,-6115.2373,-6437.632
1970-06-25T18:00:00Z,11.5,75.5,-1021.6567,-3021.925
1970-06-26T00:00:00Z,11.5,75.5,-1188.8743,-2753.3374
1970-06-26T06:00:00Z,11.5,75.5,-2861.0278,-3371.3757
1970-06-26T12:00:00Z,11.5,75.5,-11921.764,-12286.073
1970-06-26T18:00:00Z,11.5,75.5,-1923.322,-2945.2786
1970-06-27T00:00:00Z,11.5,75.5,-1691.6489,-2671.845
1970-06-27T06:00:00Z,11.5,75.5,-2354.1995,-1779.6255
1970-06-27T12:00:00Z,11.5,75.5,-1489.6672,-3691.581
1970-06-27T18:00:00Z,11.5,75.5,-879.76056,-2534.7087
1970-06-28T00:00:00Z,11.5,75.5,3064.2217,-6722.854
1970-06-28T06:00:00Z,11.5,75.5,-4321.8086,-5088.8936
1970-06-28T12:00:00Z,11.5,75.5,-25928.922,-21842.79
1970-06-28T18:00:00Z,11.5,75.5,-4100.325,-13016.284
1970-06-29T00:00:00Z,11.5,75.5,-4711.5005,-5299.958
1970-06-29T06:00:00Z,11.5,75.5,-2852.3845,-3687.618
1970-06-29T12:00:00Z,11.5,75.5,-10024.707,-7911.4497
1970-06-29T18:00:00Z,11.5,75.5,-2868.5945,-3059.6726
1970-06-30T00:00:00Z,11.5,75.5,-3560.2224,-4675.1626
1970-06-30T06:00:00Z,11.5,75.5,-3060.7646,-3433.1992
1970-06-30T12:00:00Z,11.5,75.5,-13248.407,-17620.502
1970-06-30T18:00:00Z,11.5,75.5,-366.41193,-3256.1733
1970-07-01T00:00:00Z,11.5,75.5,-1820.2764,-4273.3574
1970-07-01T06:00:00Z,11.5,75.5,-1820.2764,-4273.3574
1970-07-01T12:00:00Z,11.5,75.5,-6581.3374,-10871.106
1970-07-01T18:00:00Z,11.5,75.5,45.661156,-1393.2076
1970-07-02T00:00:00Z,11.5,75.5,-266.81506,-2555.9434
1970-07-02T06:00:00Z,11.5,75.5,-168.02086,-3653.3967
1970-07-02T12:00:00Z,11.5,75.5,-4200.7563,-7575.42
1970-07-02T18:00:00Z,11.5,75.5,-435.88513,-1250.4608
1970-07-03T00:00:00Z,11.5,75.5,169.24919,-1150.3422
1970-07-03T06:00:00Z,11.5,75.5,223.41525,-1644.8597
1970-07-03T12:00:00Z,11.5,75.5,-866.1004,-3600.4182
1970-07-03T18:00:00Z,11.5,75.5,-183.10768,-2627.6028
1970-07-04T00:00:00Z,11.5,75.5,315.79865,-1380.069
1970-07-04T06:00:00Z,11.5,75.5,2.1069608,-3181.712
1970-07-04T12:00:00Z,11.5,75.5,-2575.8772,-6501.244
1970-07-04T18:00:00Z,11.5,75.5,-4440.1636,-9447.28
1970-07-05T00:00:00Z,11.5,75.5,-1656.4319,-4068.5955
1970-07-05T06:00:00Z,11.5,75.5,-2844.2593,-4262.7266
1970-07-05T12:00:00Z,11.5,75.5,-2738.6707,-5572.9185
1970-07-05T18:00:00Z,11.5,75.5,-99.740616,-1763.2513
1970-07-06T00:00:00Z,11.5,75.5,-1614.6554,-4855.857
1970-07-06T06:00:00Z,11.5,75.5,-2508.877,-5543.0674
1970-07-06T12:00:00Z,11.5,75.5,-10793.406,-16251.821
1970-07-06T18:00:00Z,11.5,75.5,-3712.131,-7954.199
1970-07-07T00:00:00Z,11.5,75.5,-4474.331,-12272.273
1970-07-07T06:00:00Z,11.5,75.5,-10337.793,-19665.34
1970-07-07T12:00:00Z,11.5,75.5,-15457.609,-25750.246
1970-07-07T18:00:00Z,11.5,75.5,-4342.947,-10973.969
1970-07-08T00:00:00Z,11.5,75.5,-4425.8613,-16706.496
1970-07-08T06:00:00Z,11.5,75.5,-4571.7256,-12031.489
1970-07-08T12:00:00Z,11.5,75.5,-6047.8374,-16301.304
1970-07-08T18:00:00Z,11.5,75.5,-143.56781,-5418.5103
1970-07-09T00:00:00Z,11.5,75.5,-766.026,-6520.861
1970-07-09T06:00:00Z,11.5,75.5,-475.00824,-6228.61
1970-07-09T12:00:00Z,11.5,75.5,-1557.95,-13475.21
1970-07-09T18:00:00Z,11.5,75.5,1880.8726,-5288.2866
1970-07-10T00:00:00Z,11.5,75.5,672.2619,-6516.6304
1970-07-10T06:00:00Z,11.5,75.5,-2316.9307,-8145.8706
1970-07-10T12:00:00Z,11.5,75.5,-1563.8461,-10623.617
1970-07-10T18:00:00Z,11.5,75.5,-2832.0244,-7621.308
1970-07-11T00:00:00Z,11.5,75.5,-200.66054,-7769.5015
1970-07-11T06:00:00Z,11.5,75.5,-2532.7625,-8773.58
1970-07-11T12:00:00Z,11.5,75.5,-1021.07385,-4651.1704
1970-07-11T18:00:00Z,11.5,75.5,1415.3347,-3022.401
1970-07-12T00:00:00Z,11.5,75.5,981.5159,-2550.4026
1970-07-12T06:00:00Z,11.5,75.5,-252.0262,-2793.8616
1970-07-12T12:00:00Z,11.5,75.5,-5313.582,-10807.6875
1970-07-12T18:00:00Z,11.5,75.5,319.00354,-1694.0146
1970-07-13T00:00:00Z,11.5,75.5,-21.47006,-2076.211
1970-07-13T06:00:00Z,11.5,75.5,179.91481,-639.93555
1970-07-13T12:00:00Z,11.5,75.5,-1660.4116,-6976.072
1970-07-13T18:00:00Z,11.5,75.5,151.52159,-1125.0834
1970-07-14T00:00:00Z,11.5,75.5,-1259.6207,-1541.5504
1970-07-14T06:00:00Z,11.5,75.5,-1041.31,-4076.6484
1970-07-14T12:00:00Z,11.5,75.5,-3477.044,-11972.611
1970-07-14T18:00:00Z,11.5,75.5,-3477.044,-11972.611
1970-07-15T00:00:00Z,11.5,75.5,-1923.0709,-3818.402
1970-07-15T06:00:00Z,11.5,75.5,-374.04575,-3689.2773
1970-07-15T12:00:00Z,11.5,75.5,-11491.866,-18088.514
1970-07-15T18:00:00Z,11.5,75.5,113.00537,-2029.5802
1970-07-16T00:00:00Z,11.5,75.5,-20.337166,-4450.6514
1970-07-16T06:00:00Z,11.5,75.5,360.7456,-2437.553
1970-07-16T12:00:00Z,11.5,75.5,-1575.9656,-8231.164
1970-07-16T18:00:00Z,11.5,75.5,1805.4718,-1113.0828
1970-07-17T00:00:00Z,11.5,75.5,740.34595,-1482.0663
1970-07-17T06:00:00Z,11.5,75.5,451.69043,-1210.747
1970-07-17T12:00:00Z,11.5,75.5,-2774.5486,-5468.138
1970-07-17T18:00:00Z,11.5,75.5,237.39468,-1152.9053
1970-07-18T00:00:00Z,11.5,75.5,-309.25552,-1379.4691
1970-07-18T06:00:00Z,11.5,75.5,300.03732,-1856.9023
1970-07-18T12:00:00Z,11.5,75.5,-3750.0947,-9710.012
1970-07-18T18:00:00Z,11.5,75.5,9.376543,-1096.2988
1970-07-19T00:00:00Z,11.5,75.5,-2453.7861,-5374.756
1970-07-19T06:00:00Z,11.5,75.5,-1952.7173,-4814.1978
1970-07-19T12:00:00Z,11.5,75.5,-5613.6924,-10575.782
1970-07-19T18:00:00Z,11.5,75.5,-1207.859,-2816.8943
1970-07-20T00:00:00Z,11.5,75.5,-3278.264,-6979.177
1970-07-20T06:00:00Z,11.5,75.5,-2369.0706,-5888.29
1970-07-20T12:00:00Z,11.5,75.5,-17255.043,-25670.367
1970-07-20T18:00:00Z,11.5,75.5,-1640.3705,-5203.0977
1970-07-21T00:00:00Z,11.5,75.5,-300.26447,-2228.2183
1970-07-21T06:00:00Z,11.5,75.5,-614.3403,-3945.1248
1970-07-21T12:00:00Z,11.5,75.5,-3693.2659,-9565.975
1970-07-21T18:00:00Z,11.5,75.5,372.5832,-606.3354
1970-07-22T00:00:00Z,11.5,75.5,247.01552,-1058.7827
1970-07-22T06:00:00Z,11.5,75.5,559.6554,-871.1884
1970-07-22T12:00:00Z,11.5,75.5,-2961.1392,-3532.0098
1970-07-22T18:00:00Z,11.5,75.5,750.60284,-1341.476
1970-07-23T00:00:00Z,11.5,75.5,101.7381,-758.6813
1970-07-23T06:00:00Z,11.5,75.5,-7.375456,-728.91376
1970-07-23T12:00:00Z,11.5,75.5,-656.645,-4990.558
1970-07-23T18:00:00Z,11.5,75.5,1772.3307,-175.25539
1970-07-24T00:00:00Z,11.5,75.5,1059.6746,-1413.0719
1970-07-24T06:00:00Z,11.5,75.5,822.3826,-991.30505
1970-07-24T12:00:00Z,11.5,75.5,-762.0356,-5207.502
1970-07-24T18:00:00Z,11.5,75.5,943.0774,-1438.0768
1970-07-25T00:00:00Z,11.5,75.5,341.79123,-292.2106
1970-07-25T06:00:00Z,11.5,75.5,-44.901535,-1344.8564
1970-07-25T12:00:00Z,11.5,75.5,-3404.6,-4905.3926
1970-07-25T18:00:00Z,11.5,75.5,-183.37129,-1687.2197
1970-07-26T00:00:00Z,11.5,75.5,-987.9923,-3577.622
1970-07-26T06:00:00Z,11.5,75.5,-1057.9325,-3475.9084
1970-07-26T12:00:00Z,11.5,75.5,-1224.2417,-5387.975
1970-07-26T18:00:00Z,11.5,75.5,193.89052,-946.10443
1970-07-27T00:00:00Z,11.5,75.5,-75.58661,-4009.9563
1970-07-27T06:00:00Z,11.5,75.5,510.8249,-4006.3103
1970-07-27T12:00:00Z,11.5,75.5,-3420.8677,-11470.732
1970-07-27T18:00:00Z,11.5,75.5,1120.4803,-4453.8726
1970-07-28T00:00:00Z,11.5,75.5,1145.5154,-4423.325
1970-07-28T06:00:00Z,11.5,75.5,2796.4128,-3602.9807
1970-07-28T12:00:00Z,11.5,75.5,-2989.8894,-18763.043
1970-07-28T18:00:00Z,11.5,75.5,-1531.9388,-8986.772
1970-07-29T00:00:00Z,11.5,75.5,349.09125,-4784.9004
1970-07-29T06:00:00Z,11.5,75.5,962.6714,-7076.5127
1970-07-29T12:00:00Z,11.5,75.5,-9023.733,-21803.023
1970-07-29T18:00:00Z,11.5,75.5,1007.70874,-9600.508
1970-07-30T00:00:00Z,11.5,75.5,-362.0205,-8350.071
1970-07-30T06:00:00Z,11.5,75.5,-1461.1023,-3724.899
1970-07-30T12:00:00Z,11.5,75.5,-7640.2925,-12844.272
1970-07-30T18:00:00Z,11.5,75.5,-7640.2925,-12844.272
1970-07-31T00:00:00Z,11.5,75.5,-439.40103,-2734.4456
1970-07-31T06:00:00Z,11.5,75.5,-643.47015,-4036.7468
1970-07-31T12:00:00Z,11.5,75.5,-11272.507,-17038.467
1970-07-31T18:00:00Z,11.5,75.5,-5186.644,-12560.779
1970-08-01T00:00:00Z,11.5,75.5,-9056.653,-17962.17
1970-08-01T06:00:00Z,11.5,75.5,-1763.2682,-4918.9233
1970-08-01T12:00:00Z,11.5,75.5,-11875.802,-20269.78
1970-08-01T18:00:00Z,11.5,75.5,333.30978,-2158.9412
1970-08-02T00:00:00Z,11.5,75.5,-506.92065,-2804.3142
1970-08-02T06:00:00Z,11.5,75.5,-2582.3613,-4283.861
1970-08-02T12:00:00Z,11.5,75.5,-11941.291,-22304.615
1970-08-02T18:00:00Z,11.5,75.5,-826.40155,-3173.5881
1970-08-03T00:00:00Z,11.5,75.5,279.74008,-5239.5576
1970-08-03T06:00:00Z,11.5,75.5,-2339.527,-6946.0376
1970-08-03T12:00:00Z,11.5,75.5,-10470.0625,-16166.979
1970-08-03T18:00:00Z,11.5,75.5,57.545025,-2386.674
1970-08-04T00:00:00Z,11.5,75.5,-1294.6051,-4039.5686
1970-08-04T06:00:00Z,11.5,75.5,-664.6858,-3998.0723
1970-08-04T12:00:00Z,11.5,75.5,-9500.204,-14248.745
1970-08-04T18:00:00Z,11.5,75.5,-119.74334,-1788.0011
1970-08-05T00:00:00Z,11.5,75.5,-274.14728,-2943.322
1970-08-05T06:00:00Z,11.5,75.5,-1404.6448,-2145.339
1970-08-05T12:00:00Z,11.5,75.5,2089.4841,-3572.7485
1970-08-05T18:00:00Z,11.5,75.5,719.1523,-2297.4104
1970-08-06T00:00:00Z,11.5,75.5,1657.771,-4131.199
1970-08-06T06:00:00Z,11.5,75.5,654.43756,-4731.3784
1970-08-06T12:00:00Z,11.5,75.5,-6506.161,-20353.621
1970-08-06T18:00:00Z,11.5,75.5,796.4914,-3158.587
1970-08-07T00:00:00Z,11.5,75.5,-9.769076,-3584.2656
1970-08-07T06:00:00Z,11.5,75.5,-2763.5437,-4519.607
1970-08-07T12:00:00Z,11.5,75.5,-17823.37,-24689.143
1970-08-07T18:00:00Z,11.5,75.5,53.25725,-3764.1902
1970-08-08T00:00:00Z,11.5,75.5,-2249.8445,-7819.004
1970-08-08T06:00:00Z,11.5,75.5,-2752.0247,-5338.29
1970-08-08T12:00:00Z,11.5,75.5,-11404.373,-18242.715
1970-08-08T18:00:00Z,11.5,75.5,344.14026,-2903.0469
1970-08-09T00:00:00Z,11.5,75.5,-642.0274,-1705.1031
1970-08-09T06:00:00Z,11.5,75.5,669.6523,-1958.9004
1970-08-09T12:00:00Z,11.5,75.5,-384.4321,-4934.2856
1970-08-09T18:00:00Z,11.5,75.5,337.38318,-674.18634
1970-08-10T00:00:00Z,11.5,75.5,100.38361,-1833.9774
1970-08-10T06:00:00Z,11.5,75.5,-1248.4838,-2757.7078
1970-08-10T12:00:00Z,11.5,75.5,-7967.77,-16735.371
1970-08-10T18:00:00Z,11.5,75.5,-99.825676,-2028.5863
1970-08-11T00:00:00Z,11.5,75.5,-872.7883,-3756.8691
1970-08-11T06:00:00Z,11.5,75.5,-53.272728,-1903.4767
1970-08-11T12:00:00Z,11.5,75.5,-9384.468,-10912.44
1970-08-11T18:00:00Z,11.5,75.5,-10263.22,-2422.081
1970-08-12T00:00:00Z,11.5,75.5,NaN,NaN
1970-08-12T06:00:00Z,11.5,75.5,-710.95874,-1638.3909
1970-08-12T12:00:00Z,11.5,75.5,-5496.8804,-13325.3545
1970-08-12T18:00:00Z,11.5,75.5,215.10399,-1408.4509
1970-08-13T00:00:00Z,11.5,75.5,-309.1614,-2720.1912
1970-08-13T06:00:00Z,11.5,75.5,-431.56204,-2086.0679
1970-08-13T12:00:00Z,11.5,75.5,-2653.7126,-2985.5408
1970-08-13T18:00:00Z,11.5,75.5,671.84766,-991.2912
1970-08-14T00:00:00Z,11.5,75.5,-261.51193,-3242.4739
1970-08-14T06:00:00Z,11.5,75.5,-244.79817,-1961.7958
1970-08-14T12:00:00Z,11.5,75.5,-3577.9988,-6776.354
1970-08-14T18:00:00Z,11.5,75.5,466.16547,-1410.6906
1970-08-15T00:00:00Z,11.5,75.5,-2170.0503,-5925.591
1970-08-15T06:00:00Z,11.5,75.5,923.4058,-1736.4685
1970-08-15T12:00:00Z,11.5,75.5,-4550.815,-14079.178
1970-08-15T18:00:00Z,11.5,75.5,137.22101,-2605.09
1970-08-16T00:00:00Z,11.5,75.5,-6232.102,-8180.8076
1970-08-16T06:00:00Z,11.5,75.5,-1442.2625,-3881.3616
1970-08-16T12:00:00Z,11.5,75.5,-5106.698,-12663.937
1970-08-16T18:00:00Z,11.5,75.5,-1154.0731,-5818.507
1970-08-17T00:00:00Z,11.5,75.5,-7503.763,-12941.121
1970-08-17T06:00:00Z,11.5,75.5,-5862.339,-7335.0474
1970-08-17T12:00:00Z,11.5,75.5,-13512.63,-24858.723
1970-08-17T18:00:00Z,11.5,75.5,-2360.5054,-10855.933
1970-08-18T00:00:00Z,11.5,75.5,-5829.0347,-11346.56
1970-08-18T06:00:00Z,11.5,75.5,-6057.044,-12262.96
1970-08-18T12:00:00Z,11.5,75.5,-9557.85,-12545.536
1970-08-18T18:00:00Z,11.5,75.5,-1235.1764,-10312.377
1970-08-19T00:00:00Z,11.5,75.5,-1652.9562,-12459.648
1970-08-19T06:00:00Z,11.5,75.5,-4586.223,-12227.702
1970-08-19T12:00:00Z,11.5,75.5,-12650.538,-23347.816
1970-08-19T18:00:00Z,11.5,75.5,1537.6536,-7958.8228
1970-08-20T00:00:00Z,11.5,75.5,-1546.515,-10600.5625
1970-08-20T06:00:00Z,11.5,75.5,-1117.7522,-8575.976
1970-08-20T12:00:00Z,11.5,75.5,-5118.9893,-9670.499
1970-08-20T18:00:00Z,11.5,75.5,691.23553,-3719.4116
1970-08-21T00:00:00Z,11.5,75.5,-372.38513,-1452.4943
1970-08-21T06:00:00Z,11.5,75.5,-30.69094,-2617.2026
1970-08-21T12:00:00Z,11.5,75.5,192.44464,-3413.9473
1970-08-21T18:00:00Z,11.5,75.5,1314.8196,-1589.8235
1970-08-22T00:00:00Z,11.5,75.5,667.2836,-1878.7032
1970-08-22T06:00:00Z,11.5,75.5,587.9029,-566.108
1970-08-22T12:00:00Z,11.5,75.5,-962.1924,-3245.6985
1970-08-22T18:00:00Z,11.5,75.5,1038.65,-558.68353
1970-08-23T00:00:00Z,11.5,75.5,963.8213,-932.0926
1970-08-23T06:00:00Z,11.5,75.5,243.25798,-617.86426
1970-08-23T12:00:00Z,11.5,75.5,-2154.633,-1694.0645
1970-08-23T18:00:00Z,11.5,75.5,430.7544,-394.76865
1970-08-24T00:00:00Z,11.5,75.5,-290.73444,-1120.5071
1970-08-24T06:00:00Z,11.5,75.5,-351.14423,-630.01227
1970-08-24T12:00:00Z,11.5,75.5,-13972.752,-14689.55
1970-08-24T18:00:00Z,11.5,75.5,-654.7144,-3685.2866
1970-08-25T00:00:00Z,11.5,75.5,-6.7209716,-565.5524
1970-08-25T06:00:00Z,11.5,75.5,-1594.6796,-2613.2651
1970-08-25T12:00:00Z,11.5,75.5,-7638.2935,-9575.685
1970-08-25T18:00:00Z,11.5,75.5,158.65042,-2390.9697
1970-08-26T00:00:00Z,11.5,75.5,-240.70348,-1593.0433
1970-08-26T06:00:00Z,11.5,75.5,430.54572,-815.5138
1970-08-26T12:00:00Z,11.5,75.5,-11294.167,-12654.451
1970-08-26T18:00:00Z,11.5,75.5,-365.4378,-1228.8888
1970-08-27T00:00:00Z,11.5,75.5,-950.8789,-1658.916
1970-08-27T06:00:00Z,11.5,75.5,-2787.3154,-2810.3447
1970-08-27T12:00:00Z,11.5,75.5,-11059.863,-10155.694
1970-08-27T18:00:00Z,11.5,75.5,327.92426,-1822.4713
1970-08-28T00:00:00Z,11.5,75.5,-404.85043,-1859.5673
1970-08-28T06:00:00Z,11.5,75.5,-945.9039,-2591.2056
1970-08-28T12:00:00Z,11.5,75.5,-7115.9375,-10066.746
1970-08-28T18:00:00Z,11.5,75.5,254.91669,-3339.8188
1970-08-29T00:00:00Z,11.5,75.5,995.23566,-1479.8495
1970-08-29T06:00:00Z,11.5,75.5,995.23566,-1479.8495
1970-08-29T12:00:00Z,11.5,75.5,-7029.881,-7689.9854
1970-08-29T18:00:00Z,11.5,75.5,305.13394,-340.78366
1970-08-30T00:00:00Z,11.5,75.5,934.33075,-1147.2478
1970-08-30T06:00:00Z,11.5,75.5,934.33075,-1147.2478
1970-08-30T12:00:00Z,11.5,75.5,-8336.114,-9824.047
1970-08-30T18:00:00Z,11.5,75.5,439.13742,-1430.9508
1970-08-31T00:00:00Z,11.5,75.5,388.49405,-1199.7653
1970-08-31T06:00:00Z,11.5,75.5,388.49405,-1199.7653
1970-08-31T12:00:00Z,11.5,75.5,-6419.5283,-6406.442
1970-08-31T18:00:00Z,11.5,75.5,162.75859,-1615.0535
1970-09-01T00:00:00Z,11.5,75.5,-63.208797,-1205.1965
1970-09-01T06:00:00Z,11.5,75.5,121.97007,-6593.776
1970-09-01T12:00:00Z,11.5,75.5,-11465.802,-9552.183
1970-09-01T18:00:00Z,11.5,75.5,109.65936,-1906.6835
1970-09-02T00:00:00Z,11.5,75.5,-705.52826,-2267.0608
1970-09-02T06:00:00Z,11.5,75.5,-705.52826,-2267.0608
1970-09-02T12:00:00Z,11.5,75.5,-11135.217,-12754.345
1970-09-02T18:00:00Z,11.5,75.5,-327.0961,-1622.7401
1970-09-03T00:00:00Z,11.5,75.5,-558.77893,-3019.849
1970-09-03T06:00:00Z,11.5,75.5,-2774.166,-3705.926
1970-09-03T12:00:00Z,11.5,75.5,-18013.13,-19360.777
1970-09-03T18:00:00Z,11.5,75.5,6.293706,-1093.878
1970-09-04T00:00:00Z,11.5,75.5,-598.31244,-868.8536
1970-09-04T06:00:00Z,11.5,75.5,-3180.2925,-4261.48
1970-09-04T12:00:00Z,11.5,75.5,-7824.8506,-7287.3706
1970-09-04T18:00:00Z,11.5,75.5,-664.08167,-2236.202
1970-09-05T00:00:00Z,11.5,75.5,-1376.905,-2315.288
1970-09-05T06:00:00Z,11.5,75.5,-1412.5094,-3260.3845
1970-09-05T12:00:00Z,11.5,75.5,-10801.919,-12065.603
1970-09-05T18:00:00Z,11.5,75.5,-2517.2222,-11855.351
1970-09-06T00:00:00Z,11.5,75.5,-7030.1157,-9563.8125
1970-09-06T06:00:00Z,11.5,75.5,-1766.9329,-3867.0408
1970-09-06T12:00:00Z,11.5,75.5,-1585.8344,-11646.637
1970-09-06T18:00:00Z,11.5,75.5,-209.75632,-518.11835
1970-09-07T00:00:00Z,11.5,75.5,236.24988,-879.3547
1970-09-07T06:00:00Z,11.5,75.5,757.8026,-2158.178
1970-09-07T12:00:00Z,11.5,75.5,-7714.3535,-9095.067
1970-09-07T18:00:00Z,11.5,75.5,-1228.1356,-824.6183
1970-09-08T00:00:00Z,11.5,75.5,-1563.3002,-968.562
1970-09-08T06:00:00Z,11.5,75.5,-407.3914,-1809.618
1970-09-08T12:00:00Z,11.5,75.5,-2239.0076,-2161.328
1970-09-08T18:00:00Z,11.5,75.5,333.4942,-824.5234
1970-09-09T00:00:00Z,11.5,75.5,-2163.3667,-1109.981
1970-09-09T06:00:00Z,11.5,75.5,-1405.6589,-770.51276
1970-09-09T12:00:00Z,11.5,75.5,-17521.465,-10435.139
1970-09-09T18:00:00Z,11.5,75.5,-1384.8876,-7105.327
1970-09-10T00:00:00Z,11.5,75.5,-297.50485,-1211.2218
1970-09-10T06:00:00Z,11.5,75.5,-920.6562,-1331.6614
1970-09-10T12:00:00Z,11.5,75.5,-147.27783,-1632.6849
1970-09-10T18:00:00Z,11.5,75.5,-168.06435,-356.64505
1970-09-11T00:00:00Z,11.5,75.5,-830.91547,721.11536
1970-09-11T06:00:00Z,11.5,75.5,-59.885166,-259.35443
1970-09-11T12:00:00Z,11.5,75.5,-337.2096,-14.7153635
1970-09-11T18:00:00Z,11.5,75.5,-671.6276,-133.70093
1970-09-12T00:00:00Z,11.5,75.5,-331.257,-1.6114808
1970-09-12T06:00:00Z,11.5,75.5,-1101.3341,-1324.0964
1970-09-12T12:00:00Z,11.5,75.5,-11832.825,-5856.083
1970-09-12T18:00:00Z,11.5,75.5,-229.56001,-2285.2395
1970-09-13T00:00:00Z,11.5,75.5,-612.85565,-529.9293
1970-09-13T06:00:00Z,11.5,75.5,-5591.9414,-2576.337
1970-09-13T12:00:00Z,11.5,75.5,-7489.735,-24834.61
1970-09-13T18:00:00Z,11.5,75.5,797.07184,-4744.398
1970-09-14T00:00:00Z,11.5,75.5,-436.56885,-1671.3694
1970-09-14T06:00:00Z,11.5,75.5,-383.06754,-711.66187
1970-09-14T12:00:00Z,11.5,75.5,-3215.1,-3541.356
1970-09-14T18:00:00Z,11.5,75.5,36.860744,358.78293
1970-09-15T00:00:00Z,11.5,75.5,4720.071,-16642.326
1970-09-15T06:00:00Z,11.5,75.5,-416.1259,-3328.5854
1970-09-15T12:00:00Z,11.5,75.5,-5567.5464,-3947.8083
1970-09-15T18:00:00Z,11.5,75.5,-486.53214,-569.2264
1970-09-16T00:00:00Z,11.5,75.5,-405.04788,-881.9119
1970-09-16T06:00:00Z,11.5,75.5,424.1229,-1284.5542
1970-09-16T12:00:00Z,11.5,75.5,-915.4435,-3119.1372
1970-09-16T18:00:00Z,11.5,75.5,347.5578,-248.37202
1970-09-17T00:00:00Z,11.5,75.5,-461.07803,-1206.2472
1970-09-17T06:00:00Z,11.5,75.5,-696.1506,-1714.7643
1970-09-17T12:00:00Z,11.5,75.5,-1435.8204,-8507.32
1970-09-17T18:00:00Z,11.5,75.5,-17.755661,-100.07715
1970-09-18T00:00:00Z,11.5,75.5,-109.19138,-723.5438
1970-09-18T06:00:00Z,11.5,75.5,-66.73959,-591.98553
1970-09-18T12:00:00Z,11.5,75.5,-9844.488,-11338.677
1970-09-18T18:00:00Z,11.5,75.5,-432.1655,-2645.1245
1970-09-19T00:00:00Z,11.5,75.5,-268.8155,-2148.8225
1970-09-19T06:00:00Z,11.5,75.5,-4170.6436,-4092.46
1970-09-19T12:00:00Z,11.5,75.5,-18014.473,-17842.102
1970-09-19T18:00:00Z,11.5,75.5,-1579.6615,-2686.5913
1970-09-20T00:00:00Z,11.5,75.5,-4622.015,-4970.4893
1970-09-20T06:00:00Z,11.5,75.5,-3808.391,-3705.366
1970-09-20T12:00:00Z,11.5,75.5,-1338.6036,-4689.4653
1970-09-20T18:00:00Z,11.5,75.5,-615.1331,-1924.7408
1970-09-21T00:00:00Z,11.5,75.5,-1932.7839,-5480.443
1970-09-21T06:00:00Z,11.5,75.5,-3756.198,-8296.105
1970-09-21T12:00:00Z,11.5,75.5,-12566.346,-23980.375
1970-09-21T18:00:00Z,11.5,75.5,-3437.6262,-8513.495
1970-09-22T00:00:00Z,11.5,75.5,-648.4498,-3821.6968
1970-09-22T06:00:00Z,11.5,75.5,-1980.3243,-5032.77
1970-09-22T12:00:00Z,11.5,75.5,-8493.462,-15576.435
1970-09-22T18:00:00Z,11.5,75.5,-854.3877,-3472.632
1970-09-23T00:00:00Z,11.5,75.5,-446.01273,-1863.7417
1970-09-23T06:00:00Z,11.5,75.5,-1598.3271,-2010.0872
1970-09-23T12:00:00Z,11.5,75.5,-7234.8433,-9990.17
1970-09-23T18:00:00Z,11.5,75.5,-787.70575,-2674.187
1970-09-24T00:00:00Z,11.5,75.5,-797.9778,-1329.6569
1970-09-24T06:00:00Z,11.5,75.5,-989.862,-1187.7052
1970-09-24T12:00:00Z,11.5,75.5,-8964.789,-8127.071
1970-09-24T18:00:00Z,11.5,75.5,-213.17014,-1352.6191
1970-09-25T00:00:00Z,11.5,75.5,-21.29186,-382.90955
1970-09-25T06:00:00Z,11.5,75.5,-1878.3152,-1416.5859
1970-09-25T12:00:00Z,11.5,75.5,-10320.604,-5041.9043
1970-09-25T18:00:00Z,11.5,75.5,-617.6478,-1019.4203
1970-09-26T00:00:00Z,11.5,75.5,-55.496548,-75.678925
1970-09-26T06:00:00Z,11.5,75.5,-483.86386,-91.10298
1970-09-26T12:00:00Z,11.5,75.5,-6410.0376,-3368.3188
1970-09-26T18:00:00Z,11.5,75.5,-6410.0376,-3368.3188
1970-09-27T00:00:00Z,11.5,75.5,5.188696,21.680855
1970-09-27T06:00:00Z,11.5,75.5,-0.2070657,-2.4982727
1970-09-27T12:00:00Z,11.5,75.5,-10587.28,-3900.9756
1970-09-27T18:00:00Z,11.5,75.5,-682.1701,-357.23953
1970-09-28T00:00:00Z,11.5,75.5,21.796284,-187.73172
1970-09-28T06:00:00Z,11.5,75.5,-264.65927,-588.80383
1970-09-28T12:00:00Z,11.5,75.5,-10494.657,-17078.488
1970-09-28T18:00:00Z,11.5,75.5,-500.16165,-1196.1138
1970-09-29T00:00:00Z,11.5,75.5,-3759.4353,-3804.3809
1970-09-29T06:00:00Z,11.5,75.5,-3322.8677,-1484.7617
1970-09-29T12:00:00Z,11.5,75.5,-24788.906,-17063.88
1970-09-29T18:00:00Z,11.5,75.5,-2675.7534,-2812.9583
1970-09-30T00:00:00Z,11.5,75.5,-3945.4434,-3526.1128
1970-09-30T06:00:00Z,11.5,75.5,-4169.7983,-1602.5066
1970-09-30T12:00:00Z,11.5,75.5,-18702.254,-12970.98
1970-09-30T18:00:00Z,11.5,75.5,-332.83694,-2330.3062
1970-10-01T00:00:00Z,11.5,75.5,-2457.6482,-2030.2771
1970-10-01T06:00:00Z,11.5,75.5,-2946.5125,-1770.4198
1970-10-01T12:00:00Z,11.5,75.5,-27698.518,-11651.658
1970-10-01T18:00:00Z,11.5,75.5,-5128.174,-7038.2295
1970-10-02T00:00:00Z,11.5,75.5,-143.31992,-333.16556
1970-10-02T06:00:00Z,11.5,75.5,-8344.261,-3239.5056
1970-10-02T12:00:00Z,11.5,75.5,-4091.1643,-3866.431
1970-10-02T18:00:00Z,11.5,75.5,-1150.8046,-1667.8108
1970-10-03T00:00:00Z,11.5,75.5,150.39763,-186.30746
1970-10-03T06:00:00Z,11.5,75.5,-1353.7035,-409.47144
1970-10-03T12:00:00Z,11.5,75.5,-8013.6562,-9465.371
1970-10-03T18:00:00Z,11.5,75.5,-258.83444,-394.6246
1970-10-04T00:00:00Z,11.5,75.5,-530.62775,-1221.0896
1970-10-04T06:00:00Z,11.5,75.5,-4082.0764,-3316.6128
1970-10-04T12:00:00Z,11.5,75.5,-15490.876,-6586.4517
1970-10-04T18:00:00Z,11.5,75.5,-830.88293,-1179.5513
1970-10-05T00:00:00Z,11.5,75.5,-3349.533,-2908.2434
1970-10-05T06:00:00Z,11.5,75.5,-5538.4087,-3366.1914
1970-10-05T12:00:00Z,11.5,75.5,-22777.38,-33953.043
1970-10-05T18:00:00Z,11.5,75.5,-208.99666,-713.68475
1970-10-06T00:00:00Z,11.5,75.5,68.27484,271.7521
1970-10-06T06:00:00Z,11.5,75.5,-870.608,-516.4455
1970-10-06T12:00:00Z,11.5,75.5,-5464.2065,-2688.058
1970-10-06T18:00:00Z,11.5,75.5,-1.899295,-80.08215
1970-10-07T00:00:00Z,11.5,75.5,-17.27264,-5.9531355
1970-10-07T06:00:00Z,11.5,75.5,-17.27264,-5.9531355
1970-10-07T12:00:00Z,11.5,75.5,-5303.6406,-3032.6614
1970-10-07T18:00:00Z,11.5,75.5,-214.74533,-266.9827
1970-10-08T00:00:00Z,11.5,75.5,-4198.6865,-2280.0615
1970-10-08T06:00:00Z,11.5,75.5,-3656.4448,-2861.5957
1970-10-08T12:00:00Z,11.5,75.5,-11808.624,-9344.586
1970-10-08T18:00:00Z,11.5,75.5,-3098.1804,-1855.7811
1970-10-09T00:00:00Z,11.5,75.5,-7638.721,-9998.141
1970-10-09T06:00:00Z,11.5,75.5,-4301.1035,-2581.4946
1970-10-09T12:00:00Z,11.5,75.5,-10526.7,-8078.1484
1970-10-09T18:00:00Z,11.5,75.5,-437.76868,-5692.895
1970-10-10T00:00:00Z,11.5,75.5,-1837.8312,-4435.457
1970-10-10T06:00:00Z,11.5,75.5,-1632.9994,-2705.8706
1970-10-10T12:00:00Z,11.5,75.5,-2922.6914,-6811.2207
1970-10-10T18:00:00Z,11.5,75.5,859.5925,-1568.5345
1970-10-11T00:00:00Z,11.5,75.5,1088.0907,-2416.6746
1970-10-11T06:00:00Z,11.5,75.5,945.10956,-1054.3564
1970-10-11T12:00:00Z,11.5,75.5,41.82951,-791.3177
1970-10-11T18:00:00Z,11.5,75.5,576.3909,249.5638
1970-10-12T00:00:00Z,11.5,75.5,160.03926,185.86758
1970-10-12T06:00:00Z,11.5,75.5,-21.196688,185.0561
1970-10-12T12:00:00Z,11.5,75.5,-1764.9644,-96.37904
1970-10-12T18:00:00Z,11.5,75.5,-17.742912,73.44751
1970-10-13T00:00:00Z,11.5,75.5,-85.236626,81.416214
1970-10-13T06:00:00Z,11.5,75.5,-266.41537,-176.97798
1970-10-13T12:00:00Z,11.5,75.5,-959.1145,-328.8577
1970-10-13T18:00:00Z,11.5,75.5,-77.61282,-458.25565
1970-10-14T00:00:00Z,11.5,75.5,-914.7036,-813.9379
1970-10-14T06:00:00Z,11.5,75.5,-89.89039,-1613.9348
1970-10-14T12:00:00Z,11.5,75.5,-10136.221,-14782.046
1970-10-14T18:00:00Z,11.5,75.5,805.16486,-1051.7296
1970-10-15T00:00:00Z,11.5,75.5,-1396.2094,-1373.3206
1970-10-15T06:00:00Z,11.5,75.5,-449.752,-1788.8522
1970-10-15T12:00:00Z,11.5,75.5,-3358.9758,-5383.385
1970-10-15T18:00:00Z,11.5,75.5,218.8641,-383.0115
1970-10-16T00:00:00Z,11.5,75.5,3.3380518,-92.91888
1970-10-16T06:00:00Z,11.5,75.5,-693.23505,-557.758
1970-10-16T12:00:00Z,11.5,75.5,483.7576,-1415.2223
1970-10-16T18:00:00Z,11.5,75.5,715.13983,1144.9215
1970-10-17T00:00:00Z,11.5,75.5,161.02783,154.59492
1970-10-17T06:00:00Z,11.5,75.5,-311.37292,-757.6473
1970-10-17T12:00:00Z,11.5,75.5,146.48007,-654.1765
1970-10-17T18:00:00Z,11.5,75.5,667.3268,5.6144953
1970-10-18T00:00:00Z,11.5,75.5,630.775,120.60178
1970-10-18T06:00:00Z,11.5,75.5,760.87103,-621.9638
1970-10-18T12:00:00Z,11.5,75.5,760.87103,-621.9638
1970-10-18T18:00:00Z,11.5,75.5,732.809,-563.78296
1970-10-19T00:00:00Z,11.5,75.5,161.40407,-1040.5823
1970-10-19T06:00:00Z,11.5,75.5,333.60492,-253.25597
1970-10-19T12:00:00Z,11.5,75.5,-1488.836,-7499.671
1970-10-19T18:00:00Z,11.5,75.5,-349.16278,-1895.2422
1970-10-20T00:00:00Z,11.5,75.5,-267.15457,-1315.0541
1970-10-20T06:00:00Z,11.5,75.5,448.37442,-808.49603
1970-10-20T12:00:00Z,11.5,75.5,-802.78265,-3719.9158
1970-10-20T18:00:00Z,11.5,75.5,177.50398,-236.21732
1970-10-21T00:00:00Z,11.5,75.5,-1086.111,-2061.3345
1970-10-21T06:00:00Z,11.5,75.5,-951.79596,-2499.1233
1970-10-21T12:00:00Z,11.5,75.5,-1644.6362,-4762.381
1970-10-21T18:00:00Z,11.5,75.5,-123.33619,-1106.2208
1970-10-22T00:00:00Z,11.5,75.5,-852.3844,-1191.4631
1970-10-22T06:00:00Z,11.5,75.5,-12138.976,-1048.8533
1970-10-22T12:00:00Z,11.5,75.5,-4113.586,-5492.152
1970-10-22T18:00:00Z,11.5,75.5,-552.28284,-1034.8932
1970-10-23T00:00:00Z,11.5,75.5,-1084.3491,-1700.285
1970-10-23T06:00:00Z,11.5,75.5,-1033.4252,-913.5923
1970-10-23T12:00:00Z,11.5,75.5,-7423.948,-12167.136
1970-10-23T18:00:00Z,11.5,75.5,-660.0497,-1151.157
1970-10-24T00:00:00Z,11.5,75.5,-353.49353,-894.24054
1970-10-24T06:00:00Z,11.5,75.5,-151.69966,-569.49133
1970-10-24T12:00:00Z,11.5,75.5,-3972.7673,-3915.0537
1970-10-24T18:00:00Z,11.5,75.5,-47.75896,-205.19106
1970-10-25T00:00:00Z,11.5,75.5,167.61098,-106.0962
1970-10-25T06:00:00Z,11.5,75.5,167.61098,-106.0962
1970-10-25T12:00:00Z,11.5,75.5,-2397.2664,-2258.6013
1970-10-25T18:00:00Z,11.5,75.5,472.59036,476.34232
1970-10-26T00:00:00Z,11.5,75.5,260.45734,164.99474
1970-10-26T06:00:00Z,11.5,75.5,103.62452,-116.58503
1970-10-26T12:00:00Z,11.5,75.5,-2193.2231,-2733.1196
1970-10-26T18:00:00Z,11.5,75.5,-131.21988,-538.5753
1970-10-27T00:00:00Z,11.5,75.5,110.77481,137.53717
1970-10-27T06:00:00Z,11.5,75.5,57.60345,38.220463
1970-10-27T12:00:00Z,11.5,75.5,57.60345,38.220463
1970-10-27T18:00:00Z,11.5,75.5,231.87286,-121.602104
1970-10-28T00:00:00Z,11.5,75.5,97.50917,259.76596
1970-10-28T06:00:00Z,11.5,75.5,-24.19186,-151.61961
1970-10-28T12:00:00Z,11.5,75.5,-2281.7192,-2360.826
1970-10-28T18:00:00Z,11.5,75.5,356.70294,-38.31456
1970-10-29T00:00:00Z,11.5,75.5,-161.7459,266.89484
1970-10-29T06:00:00Z,11.5,75.5,47.1491,-274.0864
1970-10-29T12:00:00Z,11.5,75.5,-1237.2357,-901.15643
1970-10-29T18:00:00Z,11.5,75.5,1914.9855,844.7816
1970-10-30T00:00:00Z,11.5,75.5,1011.2763,196.57014
1970-10-30T06:00:00Z,11.5,75.5,1011.2763,196.57014
1970-10-30T12:00:00Z,11.5,75.5,-608.1739,132.55478
1970-10-30T18:00:00Z,11.5,75.5,1846.3832,1129.4634
1970-10-31T00:00:00Z,11.5,75.5,2539.9119,2351.5432
1970-10-31T06:00:00Z,11.5,75.5,1147.574,1243.9056
1970-10-31T12:00:00Z,11.5,75.5,-55.306744,-38.08481
1970-10-31T18:00:00Z,11.5,75.5,1398.58,1353.829
1970-11-01T00:00:00Z,11.5,75.5,1398.58,1353.829
1970-11-01T06:00:00Z,11.5,75.5,650.8378,-264.76248
1970-11-01T12:00:00Z,11.5,75.5,-474.89804,-768.32245
1970-11-01T18:00:00Z,11.5,75.5,1189.7056,684.16376
1970-11-02T00:00:00Z,11.5,75.5,195.6673,124.450874
1970-11-02T06:00:00Z,11.5,75.5,1297.9789,982.06775
1970-11-02T12:00:00Z,11.5,75.5,-317.55954,-1319.1086
1970-11-02T18:00:00Z,11.5,75.5,86.09518,-44.552193
1970-11-03T00:00:00Z,11.5,75.5,273.4135,13.109767
1970-11-03T06:00:00Z,11.5,75.5,501.94757,18.265018
1970-11-03T12:00:00Z,11.5,75.5,-872.55,-1371.515
1970-11-03T18:00:00Z,11.5,75.5,114.89184,260.14227
1970-11-04T00:00:00Z,11.5,75.5,241.40509,190.9184
1970-11-04T06:00:00Z,11.5,75.5,-60.05871,-240.98822
1970-11-04T12:00:00Z,11.5,75.5,-534.14453,-308.49536
1970-11-04T18:00:00Z,11.5,75.5,-178.30643,-101.63247
1970-11-05T00:00:00Z,11.5,75.5,30.13797,-301.59613
1970-11-05T06:00:00Z,11.5,75.5,-220.66757,-720.20087
1970-11-05T12:00:00Z,11.5,75.5,-663.75055,-722.06915
1970-11-05T18:00:00Z,11.5,75.5,399.96677,-119.77908
1970-11-06T00:00:00Z,11.5,75.5,-54.946453,168.88788
1970-11-06T06:00:00Z,11.5,75.5,213.90315,56.972065
1970-11-06T12:00:00Z,11.5,75.5,-65.85897,392.1007
1970-11-06T18:00:00Z,11.5,75.5,2583.1694,1474.5712
1970-11-07T00:00:00Z,11.5,75.5,2873.5723,2650.976
1970-11-07T06:00:00Z,11.5,75.5,3284.926,2496.0393
1970-11-07T12:00:00Z,11.5,75.5,184.19739,-368.77988
1970-11-07T18:00:00Z,11.5,75.5,2184.083,1355.4513
1970-11-08T00:00:00Z,11.5,75.5,241.55168,1435.7555
1970-11-08T06:00:00Z,11.5,75.5,1684.7965,1976.1515
1970-11-08T12:00:00Z,11.5,75.5,-338.26617,-1146.3397
1970-11-08T18:00:00Z,11.5,75.5,1195.0529,471.03226
1970-11-09T00:00:00Z,11.5,75.5,545.59625,33.750927
1970-11-09T06:00:00Z,11.5,75.5,-29.157007,-237.7983
1970-11-09T12:00:00Z,11.5,75.5,210.86888,-955.0546
1970-11-09T18:00:00Z,11.5,75.5,422.97018,535.46344
1970-11-10T00:00:00Z,11.5,75.5,269.8142,775.7335
1970-11-10T06:00:00Z,11.5,75.5,-105.05177,-127.5795
1970-11-10T12:00:00Z,11.5,75.5,-987.7287,-1275.2155
1970-11-10T18:00:00Z,11.5,75.5,-987.7287,-1275.2155
1970-11-11T00:00:00Z,11.5,75.5,1248.9031,716.016
1970-11-11T06:00:00Z,11.5,75.5,503.6237,-15.087586
1970-11-11T12:00:00Z,11.5,75.5,-1846.1655,-1338.8942
1970-11-11T18:00:00Z,11.5,75.5,92.51386,-93.99717
1970-11-12T00:00:00Z,11.5,75.5,382.8079,18.518198
1970-11-12T06:00:00Z,11.5,75.5,144.24312,-1.229742
1970-11-12T12:00:00Z,11.5,75.5,-1938.5259,-3153.424
1970-11-12T18:00:00Z,11.5,75.5,1144.7675,788.4204
1970-11-13T00:00:00Z,11.5,75.5,220.30794,312.5311
1970-11-13T06:00:00Z,11.5,75.5,61.735416,197.38687
1970-11-13T12:00:00Z,11.5,75.5,-2534.5479,-3701.742
1970-11-13T18:00:00Z,11.5,75.5,397.06534,329.23877
1970-11-14T00:00:00Z,11.5,75.5,167.13647,413.1519
1970-11-14T06:00:00Z,11.5,75.5,882.8425,288.5698
1970-11-14T12:00:00Z,11.5,75.5,-558.2945,-70.43734
1970-11-14T18:00:00Z,11.5,75.5,1561.6718,1101.7477
1970-11-15T00:00:00Z,11.5,75.5,1610.4026,1145.0922
1970-11-15T06:00:00Z,11.5,75.5,2015.5297,1568.9153
1970-11-15T12:00:00Z,11.5,75.5,511.27405,-147.39383
1970-11-15T18:00:00Z,11.5,75.5,2396.3647,1435.6215
1970-11-16T00:00:00Z,11.5,75.5,1386.9967,2680.2844
1970-11-16T06:00:00Z,11.5,75.5,2679.4102,2340.6282
1970-11-16T12:00:00Z,11.5,75.5,999.9299,-311.9582
1970-11-16T18:00:00Z,11.5,75.5,3477.7378,2128.6777
1970-11-17T00:00:00Z,11.5,75.5,3019.1765,2696.0198
1970-11-17T06:00:00Z,11.5,75.5,1452.8273,1279.6492
1970-11-17T12:00:00Z,11.5,75.5,-542.0943,-1.6104155
1970-11-17T18:00:00Z,11.5,75.5,1777.6495,2822.9788
1970-11-18T00:00:00Z,11.5,75.5,1054.3663,1254.7556
1970-11-18T06:00:00Z,11.5,75.5,2161.84,1319.7258
1970-11-18T12:00:00Z,11.5,75.5,136.85101,269.64343
1970-11-18T18:00:00Z,11.5,75.5,136.85101,269.64343
1970-11-19T00:00:00Z,11.5,75.5,1698.9596,1366.0254
1970-11-19T06:00:00Z,11.5,75.5,1698.9596,1366.0254
1970-11-19T12:00:00Z,11.5,75.5,1215.6116,720.8277
1970-11-19T18:00:00Z,11.5,75.5,1878.0994,2190.28
1970-11-20T00:00:00Z,11.5,75.5,391.5038,2271.455
1970-11-20T06:00:00Z,11.5,75.5,1290.6061,3017.8938
1970-11-20T12:00:00Z,11.5,75.5,-614.20276,2670.032
1970-11-20T18:00:00Z,11.5,75.5,875.17365,3407.1907
1970-11-21T00:00:00Z,11.5,75.5,58.25576,1359.0961
1970-11-21T06:00:00Z,11.5,75.5,2960.617,3088.1626
1970-11-21T12:00:00Z,11.5,75.5,310.33087,2240.0764
1970-11-21T18:00:00Z,11.5,75.5,4829.452,636.95557
1970-11-22T00:00:00Z,11.5,75.5,4107.5312,1360.6613
1970-11-22T06:00:00Z,11.5,75.5,2908.2239,1591.179
1970-11-22T12:00:00Z,11.5,75.5,3185.0676,4967.6167
1970-11-22T18:00:00Z,11.5,75.5,3704.0972,2524.6963
1970-11-23T00:00:00Z,11.5,75.5,3097.4639,391.58533
1970-11-23T06:00:00Z,11.5,75.5,8065.379,6241.8477
1970-11-23T12:00:00Z,11.5,75.5,7274.7095,1488.8044
1970-11-23T18:00:00Z,11.5,75.5,4205.651,3127.7625
1970-11-24T00:00:00Z,11.5,75.5,7985.5547,6749.213
1970-11-24T06:00:00Z,11.5,75.5,4881.2227,3707.7297
1970-11-24T12:00:00Z,11.5,75.5,4687.12,2628.1533
1970-11-24T18:00:00Z,11.5,75.5,9011.574,8323.424
1970-11-25T00:00:00Z,11.5,75.5,7560.002,5053.2334
1970-11-25T06:00:00Z,11.5,75.5,5134.82,3617.6892
1970-11-25T12:00:00Z,11.5,75.5,790.25183,488.96255
1970-11-25T18:00:00Z,11.5,75.5,4351.594,5034.4097
1970-11-26T00:00:00Z,11.5,75.5,4593.0874,7719.8755
1970-11-26T06:00:00Z,11.5,75.5,4593.0874,7719.8755
1970-11-26T12:00:00Z,11.5,75.5,2777.2136,1084.6401
1970-11-26T18:00:00Z,11.5,75.5,6033.09,7365.1025
1970-11-27T00:00:00Z,11.5,75.5,7344.087,8755.235
1970-11-27T06:00:00Z,11.5,75.5,9754.07,10948.7705
1970-11-27T12:00:00Z,11.5,75.5,8443.208,2849.6326
1970-11-27T18:00:00Z,11.5,75.5,10790.026,9484.216
1970-11-28T00:00:00Z,11.5,75.5,7424.205,10649.594
1970-11-28T06:00:00Z,11.5,75.5,7424.205,10649.594
1970-11-28T12:00:00Z,11.5,75.5,10729.234,19267.463
1970-11-28T18:00:00Z,11.5,75.5,14829.628,20386.844
1970-11-29T00:00:00Z,11.5,75.5,9735.693,18309.984
1970-11-29T06:00:00Z,11.5,75.5,11234.895,13594.719
1970-11-29T12:00:00Z,11.5,75.5,5725.4785,4480.375
1970-11-29T18:00:00Z,11.5,75.5,7760.2905,9948.069
1970-11-30T00:00:00Z,11.5,75.5,5647.672,8253.29
1970-11-30T06:00:00Z,11.5,75.5,3645.1528,3573.622
1970-11-30T12:00:00Z,11.5,75.5,1639.703,540.54175
1970-11-30T18:00:00Z,11.5,75.5,1639.703,540.54175
1970-12-01T00:00:00Z,11.5,75.5,5079.5283,2785.3242
1970-12-01T06:00:00Z,11.5,75.5,1326.7368,749.0304
1970-12-01T12:00:00Z,11.5,75.5,NaN,NaN
1970-12-01T18:00:00Z,11.5,75.5,5503.293,4958.3345
1970-12-02T00:00:00Z,11.5,75.5,7470.959,7638.6577
1970-12-02T06:00:00Z,11.5,75.5,6699.428,6926.0635
1970-12-02T12:00:00Z,11.5,75.5,3975.394,2066.752
1970-12-02T18:00:00Z,11.5,75.5,9880.939,10848.402
1970-12-03T00:00:00Z,11.5,75.5,10339.197,11691.2295
1970-12-03T06:00:00Z,11.5,75.5,10311.442,12715.491
1970-12-03T12:00:00Z,11.5,75.5,5050.8916,4885.5293
1970-12-03T18:00:00Z,11.5,75.5,6887.197,7534.2554
1970-12-04T00:00:00Z,11.5,75.5,6193.943,6979.206
1970-12-04T06:00:00Z,11.5,75.5,5297.243,5950.5396
1970-12-04T12:00:00Z,11.5,75.5,993.1665,575.23114
1970-12-04T18:00:00Z,11.5,75.5,993.1665,575.23114
1970-12-05T00:00:00Z,11.5,75.5,4082.5212,4660.209
1970-12-05T06:00:00Z,11.5,75.5,3604.1438,2458.438
1970-12-05T12:00:00Z,11.5,75.5,4186.0312,7556.548
1970-12-05T18:00:00Z,11.5,75.5,8023.3594,9431.904
1970-12-06T00:00:00Z,11.5,75.5,4650.3564,7547.0503
1970-12-06T06:00:00Z,11.5,75.5,4000.7166,4387.1265
1970-12-06T12:00:00Z,11.5,75.5,762.3201,-984.2779
1970-12-06T18:00:00Z,11.5,75.5,4250.485,3241.714
1970-12-07T00:00:00Z,11.5,75.5,1654.9551,2378.4253
1970-12-07T06:00:00Z,11.5,75.5,2009.1064,2023.4124
1970-12-07T12:00:00Z,11.5,75.5,833.3989,638.45776
1970-12-07T18:00:00Z,11.5,75.5,833.3989,638.45776
1970-12-08T00:00:00Z,11.5,75.5,1898.8099,3061.3914
1970-12-08T06:00:00Z,11.5,75.5,2192.4407,3456.7659
1970-12-08T12:00:00Z,11.5,75.5,67.97357,-24.481941
1970-12-08T18:00:00Z,11.5,75.5,3987.737,4147.72
1970-12-09T00:00:00Z,11.5,75.5,2477.895,4193.5596
1970-12-09T06:00:00Z,11.5,75.5,2760.3477,3714.6367
1970-12-09T12:00:00Z,11.5,75.5,1278.9148,14.186162
1970-12-09T18:00:00Z,11.5,75.5,3970.5247,2542.9412
1970-12-10T00:00:00Z,11.5,75.5,3825.404,3930.1587
1970-12-10T06:00:00Z,11.5,75.5,1752.675,2747.3796
1970-12-10T12:00:00Z,11.5,75.5,954.1247,1230.9603
1970-12-10T18:00:00Z,11.5,75.5,3352.2761,3482.4673
1970-12-11T00:00:00Z,11.5,75.5,2169.3071,5470.441
1970-12-11T06:00:00Z,11.5,75.5,5215.767,13633.361
1970-12-11T12:00:00Z,11.5,75.5,3408.4746,1199.012
1970-12-11T18:00:00Z,11.5,75.5,5559.069,7886.766
1970-12-12T00:00:00Z,11.5,75.5,4184.5913,6751.4688
1970-12-12T06:00:00Z,11.5,75.5,6248.3315,7285.3726
1970-12-12T12:00:00Z,11.5,75.5,2895.0312,2640.6763
1970-12-12T18:00:00Z,11.5,75.5,7405.116,9641.999
1970-12-13T00:00:00Z,11.5,75.5,7192.7764,9969.629
1970-12-13T06:00:00Z,11.5,75.5,6944.492,7723.697
1970-12-13T12:00:00Z,11.5,75.5,2128.4465,204.93282
1970-12-13T18:00:00Z,11.5,75.5,6164.098,7114.388
1970-12-14T00:00:00Z,11.5,75.5,6694.106,6982.155
1970-12-14T06:00:00Z,11.5,75.5,4830.9937,4719.255
1970-12-14T12:00:00Z,11.5,75.5,4468.733,2227.3135
1970-12-14T18:00:00Z,11.5,75.5,4768.903,874.49097
1970-12-15T00:00:00Z,11.5,75.5,6010.872,7066.357
1970-12-15T06:00:00Z,11.5,75.5,4527.3125,4126.139
1970-12-15T12:00:00Z,11.5,75.5,2457.1714,2208.991
1970-12-15T18:00:00Z,11.5,75.5,6353.06,7550.975
1970-12-16T00:00:00Z,11.5,75.5,5822.9224,8188.06
1970-12-16T06:00:00Z,11.5,75.5,2977.9058,2765.3757
1970-12-16T12:00:00Z,11.5,75.5,172.17622,174.39925
1970-12-16T18:00:00Z,11.5,75.5,2855.892,3838.3235
1970-12-17T00:00:00Z,11.5,75.5,2756.5742,2645.3025
1970-12-17T06:00:00Z,11.5,75.5,1441.85,1116.6956
1970-12-17T12:00:00Z,11.5,75.5,49.764004,-1321.8552
1970-12-17T18:00:00Z,11.5,75.5,2725.6514,1697.7399
1970-12-18T00:00:00Z,11.5,75.5,964.2842,1972.6316
1970-12-18T06:00:00Z,11.5,75.5,2433.5908,1790.0592
1970-12-18T12:00:00Z,11.5,75.5,912.7898,1633.6759
1970-12-18T18:00:00Z,11.5,75.5,4706.544,3373.3152
1970-12-19T00:00:00Z,11.5,75.5,8594.529,7130.2515
1970-12-19T06:00:00Z,11.5,75.5,8792.414,8871.219
1970-12-19T12:00:00Z,11.5,75.5,3687.3618,1458.3237
1970-12-19T18:00:00Z,11.5,75.5,10260.103,10546.33
1970-12-20T00:00:00Z,11.5,75.5,11062.101,11177.34
1970-12-20T06:00:00Z,11.5,75.5,8186.4844,11761.629
1970-12-20T12:00:00Z,11.5,75.5,1517.0829,1953.2432
1970-12-20T18:00:00Z,11.5,75.5,10627.161,10677.897
1970-12-21T00:00:00Z,11.5,75.5,6772.055,13180.449
1970-12-21T06:00:00Z,11.5,75.5,6059.054,8977.617
1970-12-21T12:00:00Z,11.5,75.5,5182.6323,7756.479
1970-12-21T18:00:00Z,11.5,75.5,8527.23,13047.327
1970-12-22T00:00:00Z,11.5,75.5,5867.5635,10227.493
1970-12-22T06:00:00Z,11.5,75.5,5091.441,6884.3384
1970-12-22T12:00:00Z,11.5,75.5,2202.5957,2439.948
1970-12-22T18:00:00Z,11.5,75.5,2202.5957,2439.948
1970-12-23T00:00:00Z,11.5,75.5,5587.034,8252.091
1970-12-23T06:00:00Z,11.5,75.5,5383.6743,8154.1924
1970-12-23T12:00:00Z,11.5,75.5,600.67267,1430.9447
1970-12-23T18:00:00Z,11.5,75.5,5506.016,6727.01
1970-12-24T00:00:00Z,11.5,75.5,6132.0737,7538.87
1970-12-24T06:00:00Z,11.5,75.5,7738.485,8680.571
1970-12-24T12:00:00Z,11.5,75.5,3141.2383,1622.31
1970-12-24T18:00:00Z,11.5,75.5,6757.1265,5923.801
1970-12-25T00:00:00Z,11.5,75.5,1632.0267,1130.0492
1970-12-25T06:00:00Z,11.5,75.5,3339.4119,2407.2087
1970-12-25T12:00:00Z,11.5,75.5,9655.749,8414.169
1970-12-25T18:00:00Z,11.5,75.5,11483.116,11049.503
1970-12-26T00:00:00Z,11.5,75.5,3070.5269,3321.1748
1970-12-26T06:00:00Z,11.5,75.5,6131.765,8618.008
1970-12-26T12:00:00Z,11.5,75.5,3625.4585,1189.8374
1970-12-26T18:00:00Z,11.5,75.5,7321.552,6985.0728
1970-12-27T00:00:00Z,11.5,75.5,8846.579,12164.024
1970-12-27T06:00:00Z,11.5,75.5,6474.38,6327.0576
1970-12-27T12:00:00Z,11.5,75.5,2835.169,1900.193
1970-12-27T18:00:00Z,11.5,75.5,7088.2207,8472.171
1970-12-28T00:00:00Z,11.5,75.5,7653.4644,7904.067
1970-12-28T06:00:00Z,11.5,75.5,2356.5913,3599.9038
1970-12-28T12:00:00Z,11.5,75.5,7173.13,7463.0903
1970-12-28T18:00:00Z,11.5,75.5,8665.051,10651.999
1970-12-29T00:00:00Z,11.5,75.5,10485.246,12083.419
1970-12-29T06:00:00Z,11.5,75.5,3117.4739,5712.748
1970-12-29T12:00:00Z,11.5,75.5,4599.6704,2266.036
1970-12-29T18:00:00Z,11.5,75.5,10954.558,13675.393
1970-12-30T00:00:00Z,11.5,75.5,10966.959,13235.293
1970-12-30T06:00:00Z,11.5,75.5,8111.352,9671.142
1970-12-30T12:00:00Z,11.5,75.5,6040.206,4839.336
1970-12-30T18:00:00Z,11.5,75.5,4670.838,6864.203
1970-12-31T00:00:00Z,11.5,75.5,11884.037,16498.617
1970-12-31T06:00:00Z,11.5,75.5,7226.754,10121.717
