"Year","Month","CCMP.1","CCMP.2","CCMP.3","CCMP.4","CCMP.5","CCMP.6","CCMP.7","CCMP.8","CCMP.9","CCMP.10","CCMP.11","CCMP.12","CCMP.13","CCMP.14"
1987,1,NA,NA,NA,NA,NA,NA,NA,NA,NA,NA,NA,NA,NA,NA
1987,2,NA,NA,NA,NA,NA,NA,NA,NA,NA,NA,NA,NA,NA,NA
1987,3,NA,NA,NA,NA,NA,NA,NA,NA,NA,NA,NA,NA,NA,NA
1987,4,NA,NA,NA,NA,NA,NA,NA,NA,NA,NA,NA,NA,NA,NA
1987,5,NA,NA,NA,NA,NA,NA,NA,NA,NA,NA,NA,NA,NA,NA
1987,6,NA,NA,NA,NA,NA,NA,NA,NA,NA,NA,NA,NA,NA,NA
1987,7,2.66959649085999,2.52200448036194,2.64151864051819,3.314899559021,4.16529325485229,3.5945797252655,3.1662088394165,3.19282182693481,3.63474331855774,4.22828538894653,3.85631447792053,4.22608795166016,4.21314774513245,3.01467063300003
1987,8,2.94610264778137,3.03839343070984,3.26350481987,3.64023681640625,4.02307269096374,3.354574842453,3.35384237289429,3.74717691421509,3.9191845035553,3.88243909835815,3.7081120300293,3.66135626792908,3.36446314811707,2.79837990230357
1987,9,0.440944879949093,0.389428064823151,0.287004818320274,0.425318926274776,-0.312885308563709,0.76811329126358,0.801318438053131,1.01117010831833,1.11725569248199,0.409204663038254,1.28999573230743,0.959653296470642,1.35103461265564,0.117779758731289
1987,10,1.45968381881714,1.674418592453,1.77293535232544,2.4383812379837,3.25337237358093,0.980040278434753,1.41475918292999,1.83897943496704,2.49758895397186,3.50106817245483,1.88866505384445,3.63645241737366,3.29231519699097,1.1042800524531
1987,11,-0.58292131870985,0.0627479696273804,0.352926812171936,0.1998413002491,-0.825611907243729,-1.15033876180649,-0.348409941196442,0.447048770785332,0.238662026524544,-0.424464384615421,-1.07587133646011,-0.460233162939548,-1.73448085546494,-1.53796311172508
1987,12,-1.18049196004868,-1.27119575500488,-1.40108648300171,-1.59750961303711,-1.94103644371033,-1.78111455440521,-1.63120307922363,-1.7181224489212,-1.8598547410965,-1.73020814418793,-2.46316303253174,-1.77098210811615,-2.2498931646347,-1.21328321094873
1988,1,0.651162789463997,0.406396875679493,0.198376363515854,-0.508209725320339,-4.18983091831207,1.00567660570145,0.670573154687881,0.580845996141434,0.13282060533762,-2.03271680355072,-0.443264355361462,-0.644692672789097,-0.921320871114731,-0.0289663838652464
1988,2,2.13831408977509,1.55331746101379,0.877861188650131,0.501983759403229,-0.899591032266617,2.40700726509094,1.92028321266174,1.76255873203278,1.27436976909637,-0.210950374901295,1.09113103628159,0.346700843274593,0.339620333909988,1.89617826776392
1988,3,2.8449001789093,2.88359884262085,2.83208203315735,3.1417933177948,4.02697917938232,2.81963008880615,3.11872060775757,3.36898002624512,3.24250745773315,3.6716107749939,2.90825857162476,3.23835681915283,2.89995725631714,2.45892786485909
1988,4,3.9069767665863,3.67661596298218,2.84575473308563,2.97149485111237,4.0277116394043,4.03332722663879,4.18531398773193,4.10413236618042,4.31715808868408,4.39382285118103,4.47451629638672,5.08881158828735,4.99517795562744,2.70776063309619
1988,5,3.09027648925781,2.9039858341217,2.6757004070282,3.65598487854004,5.13764270782471,3.61923945426941,3.21821397781372,3.31099308013916,4.21912961006165,5.45467863082886,4.14258683204651,5.74900815963745,5.50546300888062,4.12738417591569
1988,6,4.01342854499817,4.92766893386841,5.08868951797485,5.6161874961853,6.98101690292358,4.60367450714111,5.7009094619751,6.81438077926636,7.69675880432129,7.84960021972656,8.23963863372803,9.12287130355835,8.94488189697266,2.89530169399532
1988,7,4.88616250991821,4.72306659698486,4.6138069820404,5.38472803115845,6.81315992355347,5.87950929641724,5.53683698654175,5.680400390625,5.95495328903198,6.42788259506226,6.15418418884277,5.80760543823242,5.55856674194336,5.11874227128791
1988,8,5.1789049911499,5.12702194213867,4.56766160011292,4.69193676948547,4.68156012535095,6.07690896987915,5.90795337677002,6.05981805801392,6.19141790390015,5.41805530548096,6.46572662353516,6.36318132400513,6.79960929870605,4.06918051962316
1988,9,5.54306289672852,5.02960384368896,4.18641276359558,4.42971369743347,4.77531589508057,6.22621007919312,5.77720804214478,5.42782150268555,5.48800584793091,5.09576997756958,5.74107303619385,5.38887866973877,5.25129705429077,4.58286423090647
1988,10,0.738570463657379,0.48562534481287,0.23658670425415,0.597204415798187,1.05804796814919,0.406396872103214,0.554599281549454,0.544588897228241,0.764328870773315,1.1802478146553,0.537752543091774,1.20258804798126,1.00201427936554,0.697107368231525
1988,11,1.53549410820007,1.15973874092102,0.403344924151897,-0.279924311935902,-1.00396753072739,0.80839895427227,1.02252334475517,0.658731610774994,-0.299090522229671,-1.20832570314407,-0.860526160597801,-1.46896171331406,-1.77916131973267,0.153734908918657
1988,12,0.404565707445145,0.57620704382658,0.36073979049921,-0.299578826725483,-2.62845632553101,-0.178721846044064,0.358908621966839,0.699017269909382,0.0949765008687973,-1.6312030518055,-0.9946896058321,-1.02191295385361,-1.7739119720459,-1.2746471499903
1989,1,0.343160590529442,0.120979063510895,-0.0946102660894394,-1.19587376773357,-3.86083131790161,0.123420619368553,0.14099981546402,-0.161142649352551,-1.17316729664803,-3.15705302715302,-1.44869680643082,-2.53750835895538,-2.63517058849335,-0.864422525439037
1989,2,2.73564059257507,2.46096562862396,1.81456387519836,1.45577734351158,-1.25788927614689,2.27589572906494,2.74162239074707,3.05755966186523,2.70084843158722,0.663492640256882,1.59775376796722,1.94115849971771,0.635780988335609,1.81057936940673
1989,3,3.4244033241272,3.28291519165039,2.82390280246735,2.4940486907959,0.406274798214436,3.13654396057129,3.6069095993042,3.98474025726318,3.46041625022888,1.66355369329453,2.68326923370361,2.37441250801086,1.44308124661446,2.44511284859928
1989,4,3.00115972518921,3.18098027229309,3.17914910316467,3.81431973457336,4.44033444404602,3.16840627670288,3.56503692626953,4.02612464904785,4.46267470359802,4.73930295944214,4.33876577377319,4.89019104003906,4.45913446426392,2.47082864462271
1989,5,3.72959770202637,3.47030456542969,3.23164251327515,4.07532195091248,5.1010193157196,4.51211624145508,4.56192387580872,4.70573153495789,5.11469203948975,4.96209482192993,5.72837694168091,5.2138191986084,5.74436912536621,2.48119442138446
1989,6,7.06891284942627,6.27406454086304,4.87078066825867,5.51693829536438,5.02716227531433,8.31789045333862,7.83409627914429,7.11371538162231,7.32466577529907,6.81035221099854,8.58487462997437,7.59116151809692,8.55472129821777,6.11564445495605
1989,7,3.92125981330872,2.67423544883728,1.89476894378662,1.72447048187256,2.99383506774902,4.83122745513916,3.331746301651,2.31862293243408,1.65036926746368,2.09680765628815,1.94738448143005,1.35811511993408,1.62827319145203,3.87528274045188
1989,8,4.81145086288452,4.6025758266449,4.35036315917969,4.68241468429565,4.87627420425415,5.65171211242676,5.43539030075073,5.47396690368652,5.48959285736084,4.93841175079346,5.91271434783936,5.10846607208252,5.84178722381592,3.89399168054028
1989,9,2.60929010391235,2.70072633743286,2.499908452034,3.10187387943268,3.52804733276367,2.81779891967773,3.1979490852356,3.65122380256653,3.92431180000305,4.05163888931274,3.6797900390625,4.05810901641846,3.4023072719574,1.94130731404886
1989,10,-0.489165597558022,-0.759811993837357,-1.15998291015625,-0.873100165128708,0.0521272069215775,-1.16877249717712,-0.943050706386566,-1.26985289573669,-1.1275102186203,-0.238417871892452,-1.26765549182892,-0.501129217743874,-0.509064273238182,-1.08903838729365
1989,11,-0.774583411216736,-0.910944266319275,-1.33382164001465,-2.20167246818542,-3.80504179954529,-1.11640113830566,-1.08368430376053,-1.43258255004883,-2.20777634620667,-3.35628392219543,-2.49612403869629,-3.00494414329529,-3.12091802597046,-1.86099964768224
1989,12,1.80028076648712,1.89464687824249,1.61557710886002,1.33992552280426,-0.262223035097122,1.29121649742126,1.85765730381012,2.36855274200439,1.94982602596283,0.551059022843838,0.80107427328825,0.906549464464188,-0.109747914969921,0.475633748889675
1990,1,1.54440578937531,0.670939389467239,-0.40773973017931,-1.94823900938034,-4.69730816841126,1.7166575050354,1.01507658243179,-0.0516388925909996,-1.63437711000443,-3.89598971366882,-1.417200756073,-3.28962947845459,-2.76078862190247,0.605296221886866
1990,2,3.28132818222046,3.19123481750488,2.21253739356995,1.91210402011871,1.47750716209412,2.64298356056213,3.18024780273438,3.10639079093933,2.37355794906616,1.67979002952576,1.51706036090851,1.61899529933929,0.908258554935455,2.35749135885013
1990,3,1.9624000453949,1.8549716091156,1.57187327861786,0.827443079352379,-1.34969174265862,1.9111273765564,2.09705180644989,2.27321003437042,1.43172800421715,-0.581334310173988,0.798876885175705,-0.0385765725374222,-0.61502777248621,1.2513151307695
1990,4,2.70731855392456,2.75981197357178,2.35927484989166,2.26039186954498,1.22517241716385,2.57669533729553,3.1477751159668,3.63889394760132,3.26631260871887,1.92077152252197,2.86077031135559,2.31715804100037,1.89061832904816,2.01392191189986
1990,5,5.75096134185791,5.69749124526978,5.36812550544739,6.36122808456421,6.77446125030518,7.01409999847412,7.47836168289185,7.42806564331055,7.91576627731323,7.69590423583984,8.60257583618164,8.40859428405762,8.65360427856445,3.83167064754215
1990,6,5.04010252952576,4.38356830596924,3.78038210868835,4.46572661399841,5.07526085853577,6.61661472320557,5.93102605819702,5.74827568054199,6.26588533401489,5.77635347366333,7.47372270584106,6.98773113250732,8.02502584457397,5.07587057740025
1990,7,5.50302137374878,5.28950740814209,5.1918451499939,6.40346698760986,7.53915647506714,6.78141973495483,6.45437341690063,6.66202768325806,7.43148384094238,8.18372699737549,7.76573276519775,8.37648780822754,8.33754499435425,4.4002712915635
1990,8,4.01672463417053,3.77610936164856,3.61203683853149,4.26100220680237,5.55661352157593,4.99627660751343,4.41958120346069,4.406274766922,4.69743021011353,5.33870471954346,4.57095762252808,5.06244274139404,4.68485618591309,3.90889025157725
1990,9,3.72178477287292,3.60275893211365,3.5225538444519,3.9005066204071,3.80125738143921,4.48818897247314,4.13269846916199,4.2537996673584,4.55118106842041,4.10169073104858,4.64444845199585,4.77922235488892,4.99578828811646,3.27336353239928
1990,10,-2.02490385055542,-0.942806568145752,0.178233532607555,1.98034544944763,4.3403527545929,-2.23951655864716,-0.840139156877995,0.389672216773033,2.35133977651596,4.17310621261597,3.42086305618286,4.71940423965454,5.7031068611145,-2.22950835693517
1990,11,0.87798326253891,0.443264358639717,0.061283033490181,-0.199352988898754,-2.13758163452148,1.05389732599258,0.85893913269043,0.856497581005096,0.638955010473728,-0.891289744079113,0.419459193050861,0.060428492128849,-0.0540804475545883,0.016216840132101
1990,12,1.92113776683807,1.14716474294662,0.110968686342239,-0.548739546239376,-1.43612280368805,1.45626563549042,1.15766342639923,0.36708783775568,-0.516877253353596,-1.18024780511856,-1.35176707744598,-1.19074651002884,-1.8697430229187,1.42469806466582
1991,1,0.895318324565887,0.912165040969849,0.319843738079071,-0.355124206244946,-1.75535615921021,0.00720258563756943,0.70023805141449,0.903741674423218,-0.0329609975218773,-1.51156686306,-1.08099859476089,-1.49203442573547,-2.13977905750275,-0.595652800516264
1991,2,1.26216198444366,1.02630774736404,0.856253436803818,1.19245559930801,1.39193066120148,1.33394371986389,1.28633337974548,1.39376181602478,1.45138252735138,1.72703412532806,0.860037840604782,1.60739790439606,0.566562902927399,1.26702632058478
1991,3,2.05762069225311,1.8709637928009,1.68235365867615,1.3310138463974,1.16987118721008,1.67185494422913,1.64133553028107,1.55112004995346,1.01751815319061,0.777147037982941,0.260147714316845,0.359763170182705,-0.178965998589993,1.91071564064929
1991,4,3.39534882545471,3.86815601348877,3.77256910324097,4.20557893753052,5.33064754486084,3.03705055236816,3.61264723777771,3.91906237602234,4.1610205078125,5.26558013916016,3.51217725753784,4.71281198501587,3.60715373039246,3.39816817165126
1991,5,3.4493071937561,2.76628210067749,2.04052983283997,2.67496794223785,3.95849349975586,4.09094791412353,3.62705240249634,3.10260635375977,3.46359030723572,3.97472988128662,4.16932187080383,4.25611916542053,4.74809253692627,3.15245957910662
1991,6,5.34236705780029,5.69944454193115,6.01416103363037,7.04547397613525,6.31215282440186,6.75151067733765,7.06586095809936,8.13782571792603,9.119208984375,7.70322889328003,9.50338760375977,8.97662204742432,8.71720680236816,4.09336129871346
1991,7,6.13623880386353,5.98058961868286,5.85704692840576,6.47866691589355,6.67240425109863,7.6764938545227,7.44442411422729,7.6539094543457,7.85118717193604,7.06549470901489,8.81108463287354,7.54819013595581,8.2861502456665,4.53332885059379
1991,8,4.55105897903442,4.20655555725098,3.9782701587677,4.69266916275024,5.49215644836426,5.19880361557007,4.92095462799072,4.98419092178345,5.35835922241211,5.66855882644653,5.24775682449341,5.69871202468872,5.36605014801025,3.83949011035219
1991,9,3.35958002090454,3.89940793991089,3.4523591709137,3.84203135490417,4.54483302116394,3.82396384239197,4.17774513244629,4.35207225799561,4.63517061233521,4.88103519439697,4.6107550239563,4.95489225387573,4.42885921478272,2.57506427609709
1991,10,3.25569186210632,3.88744428634644,3.86827809333801,4.65262768745422,5.27583467483521,3.43966302871704,4.30104372024536,4.90130012512207,5.58273818969727,5.79429889678955,5.91698705673218,6.26442041397095,6.54727460861206,0.809180528366354
1991,11,1.42293841362,0.680827693939209,-0.153451747596264,-0.757370448112488,-2.60733688354492,0.690960130989552,0.703534148037434,0.406152720153332,-0.165415368378162,-1.57260574817657,-0.596594027578831,-0.790331436395645,-1.02301164865494,1.20548179635458
1991,12,1.68503936290741,1.15888420581818,0.539583713710308,0.312274914979935,-0.359885247945786,0.916193605065346,0.851736550629139,0.771409385800362,0.385277419388294,0.42922541230917,-0.66874198526144,0.16761276692152,-0.595129092931747,1.11184670626235
1992,1,2.86260146141052,2.42873710155487,1.79942623853683,1.50802660703659,-0.121101140379906,2.08276871681213,2.5835316991806,2.62796800613403,2.22511138916016,0.836843055188656,1.10846609264612,1.32820606231689,0.131599825918674,2.46439969539642
1992,2,2.41799427986145,2.30226452350616,1.75511198997498,1.16010498523712,-0.816944388151169,1.53207594633102,2.1452725315094,2.46072146892548,1.80736128568649,0.182140020728111,0.41335530936718,0.743331497013569,-0.51980711877346,1.7189307449132
1992,3,3.90685464859009,3.75132761001587,2.76359638690949,2.78679115772247,1.9283403468132,3.52951224327087,4.30104372024536,4.42104619026184,3.91417931556702,2.84392355918884,3.22004516601563,3.38802414894104,2.66581211090088,2.57930809400491
1992,4,1.56857717990875,1.40719037532806,1.19819323778152,1.18842702150345,0.539827867746353,1.81273269176483,1.63376668930054,1.83519501209259,1.72300554275513,1.03143501758575,1.55551485538483,1.18757247924805,0.710126347243786,1.23731952614685
1992,5,0.46694744348526,1.10748947620392,1.52072269439697,2.45107736587524,4.48782274246216,0.00927791208028793,0.75968991458416,1.58847586154938,2.30202039241791,3.96520782470703,2.0662882232666,3.45394616127014,3.25911004066467,0.892937440006338
1992,6,5.59677719116211,5.52279796600342,5.9735090637207,6.76359636306763,6.44497341156006,7.07648170471191,6.48965389251709,7.06683753967285,7.51144479751587,7.97436357498169,7.24079837799072,8.03247266769409,7.34944755554199,5.13750541139636
1992,7,3.83934566497803,4.07800769805908,4.62271862983704,6.04126224517822,6.55667459487915,4.84099369049072,4.84990539550781,5.76695352554321,6.90667152404785,6.87651834487915,6.76017820358276,7.32869434356689,7.55514856338501,3.49527055554136
1992,8,6.43264360427856,5.22517236709595,4.50833176612854,6.00769089698792,7.3913201713562,7.75914056777954,7.18281137466431,6.73625093460083,7.66135618209839,8.4392357635498,8.43288770675659,8.92901165008545,8.87651836395264,5.33658608459157
1992,9,-0.693767929673195,-1.07379601478577,-0.366355368494988,0.957089664340019,2.59830309867859,0.278703535795212,-0.140877742171288,-0.0393090423941612,1.24897760003805,2.55569794654846,2.37660992145538,2.74320942401886,3.50192271232605,-1.58112373736483
1992,10,0.644326436519623,0.698162728250027,0.575596649050713,1.10199597120285,1.52133308410645,0.413965700864792,1.08075443506241,1.53903435707092,1.70786790847778,1.59372520446777,1.14411279678345,1.56515898227692,1.01947140216827,0.0419145702610354
1992,11,-0.957211747169495,-1.15802966356277,-1.76390159130096,-1.80528594970703,-0.892022218704224,-1.95373252868652,-1.4770188331604,-1.79930414199829,-2.08264666080475,-1.58432520866394,-2.24855032920837,-2.13672708034515,-2.26454249382019,-1.65059609984505
1992,12,-0.759689919948578,-1.16486602306366,-2.03357137203217,-3.19697245597839,-5.54623695373535,-1.4103643989563,-1.33858267068863,-1.85619238376617,-2.85100406646729,-4.81291580200195,-3.13398034095764,-4.07837391853332,-3.95055850028992,-1.30150065059669
1993,1,2.60111090660095,1.67588351488113,0.325825545191765,-2.13806994080544,-5.88512475013733,2.64725628852844,1.8785326051712,0.320942431390285,-2.41579683542252,-5.48812789916992,-2.4880668926239,-4.99786363601685,-4.30055546760559,0.334341379797318
1993,2,1.93920525550842,1.59177195072174,0.886772876977921,0.830495026111603,1.09308428525925,1.20979063749313,1.39461636543274,1.32747360467911,0.897393642663956,0.900201416015625,-0.182994566261768,0.424464376866817,-0.661905634701252,1.85782129489459
1993,3,1.00824024200439,1.47237988948822,1.71824450969696,1.97839221000671,1.98229872226715,0.943050715923309,1.54794602870941,2.26832692623138,2.42812670707703,2.13660500049591,2.39443325996399,2.17444910526276,2.01294023513794,1.34310821139601
1993,4,1.95214550018311,1.45174876213074,1.19746076345444,1.80662881612778,2.66007445335388,1.76597690582275,1.68467312335968,1.45089419841766,2.14563875198364,3.05902459144592,1.94665200710297,2.9694194984436,2.47451623439789,2.1833860768369
1993,5,3.33308916091919,4.24586460113525,4.61099918365479,5.3877799987793,6.03637916564941,4.34743327140808,4.7264847278595,5.51010194778442,6.28285411834717,6.52261486053467,6.40566432952881,7.11823223114014,7.20808151245117,2.6481845188423
1993,6,4.41274488449097,4.80754440307617,5.56625762939453,7.05682712554932,8.12549587249756,6.28969047546387,5.95715068817139,6.74211065292358,8.26539697647095,8.71964839935303,9.27681129455566,9.67747051239014,10.4977109527588,4.51651605769727
1993,7,7.13605560302734,6.29579439163208,4.77641459465027,5.21113352775574,6.54544342041016,8.98858568191528,8.09522060394287,7.2412866973877,7.17524267196655,6.26197889328003,8.43752674102783,7.16962703704834,8.01440523147583,6.70587960784957
1993,8,5.00726362228394,4.73075748443603,4.23084902763367,5.27095150947571,6.34889825820923,6.23463348388672,6.00085453033447,6.20570098876953,6.87236764907837,6.74845876693726,7.55905506134033,7.36653841018677,7.81895866394043,3.89641157833077
1993,9,0.33449306845665,0.333028138279915,0.490874682962894,1.27461390972137,2.57107975959778,0.676310805082321,0.594640779495239,0.886406631469727,1.45321368217468,2.36525663375854,1.37447353363037,2.12561799526215,1.92504426002502,1.04408993333931
1993,10,-1.1421595454216,-0.778001582622528,-0.64151864528656,-0.678508212566376,-1.57199536561966,-1.11969723939896,-0.891778059005737,-0.883598849773407,-0.832936580181122,-1.01837270021439,-1.3289385342598,-0.666544587612152,-1.02191295623779,-2.37047566111977
1993,11,-0.939144234657288,-1.12860891580582,-1.41427088260651,-1.33968137264252,-1.98144418716431,-0.797900261878967,-0.834645669460297,-1.11127387046814,-0.916804001331329,-1.22151009082794,-0.529817491769791,-0.527864248752594,-0.333638523221016,-1.78419540337557
1993,12,-0.270524323582649,-0.490752603709698,-0.80815479516983,-1.58835377693176,-4.24146980285645,0.106207655370235,-0.0334493073821068,-0.0893609225749969,-0.802295063734055,-3.27498016357422,-0.837819694280624,-2.13758163452148,-1.84337422847748,-1.11583770793923
1994,1,3.26350484848022,2.44106695175171,1.4388085103035,1.12860892534256,0.523591529726982,2.99273634910583,2.72331072330475,1.94421044826508,1.29268142223358,0.827565157413483,0.500885057449341,0.888726102113724,0.135872548520565,2.29233505916313
1994,2,2.23451137542725,1.49508636474609,0.49783312022686,-0.546908383965492,-3.55050964355469,1.92357931613922,1.98852468967438,1.6089849281311,0.557773303389549,-2.23585422754288,0.573277172446251,-1.12555697798729,-0.971494839787483,0.892178964332716
1994,3,4.52639931678772,3.47750716209412,2.51040714263916,2.59976805210114,2.09961543560028,5.09955444335938,4.54812911987305,3.71128607749939,3.23896721839905,2.64017577171326,2.80705607891083,2.46536041736603,1.78050418376923,3.38511163736942
1994,4,3.5003357219696,3.12860890388489,2.46548250198364,2.85271317481995,3.7676860332489,3.67429653167725,3.60959528923035,3.40145268440247,3.37886835098267,3.56918755531311,3.29683207511902,3.28291520118713,2.95061952590942,2.87532862685841
1994,5,2.56180184364319,3.98669348716736,5.92626502990723,7.4250136756897,8.84502220153809,4.07629858970642,5.04535181045532,6.86724040985107,8.18506984710693,9.02826097488403,9.61057174682617,8.94207412719727,10.2317035293579,0.836918913886039
1994,6,4.87688458442688,4.00817922592163,3.62631995201111,4.41140205383301,5.48751752853394,7.20161140441895,5.49386558532715,5.08710248947144,5.31270219802856,5.520966796875,5.83678201675415,5.39632543563843,5.16559846878052,5.28389038559953
1994,7,6.75553926467895,6.18653478622437,5.61215898513794,6.01452726364136,6.7936275100708,8.34535793304443,7.42977470397949,7.01629734039307,7.01715183258057,6.72074708938599,8.0090336227417,6.84795207977295,7.73777690887451,6.24341076506665
1994,8,6.47524869918823,6.2997008895874,6.22193737030029,6.39089302062988,6.32838914871216,7.54184209823608,7.16132574081421,7.56283950805664,7.43880853652954,6.39235794067383,7.45846302032471,6.46047733306885,6.48794481277466,6.19380311570929
1994,9,1.12628943681717,0.689861445724964,0.448391625285149,1.16730756998062,2.85698589324951,1.90294819831848,1.76976134300232,1.08087651729584,1.07220898866653,2.42312152385712,0.904596223831177,1.98083379268646,1.67881340026855,0.478703747442841
1994,10,0.335347618162632,1.44845265388489,1.83568332195282,2.06763105392456,1.71629127979279,-0.424220225811005,0.748824999630451,1.61801867485046,2.11048037052155,2.56790575027466,1.47091495990753,2.82146124839783,2.14405174255371,-1.4113345153233
1994,11,0.719160106182098,0.563999266624451,0.437038392722607,0.327168405652046,-0.847341748476028,0.464017579555511,0.537020084857941,0.567295362949371,0.524690220057964,-0.211438684463501,-0.0754440575838089,0.140511504113674,-0.556186284720898,-0.419904163382815
1994,12,0.613074534535408,0.627479708790779,-0.270036010444164,-0.57376549333334,-3.06573888301849,-0.830495020449162,0.571079777777195,0.580845998227596,0.251113960146904,-0.960629919171333,-0.979796124398708,-0.0878959882259369,-1.00970518350601,-0.862020701566744
1995,1,3.39290726661682,2.44289812088013,0.664957576096058,-0.942318262755871,-6.00439480781555,2.90032348632813,3.01409997940063,1.92370138168335,0.406396871507168,-2.98480130910873,0.0242934721708298,-0.911310494244099,-0.940609163045883,0.729270161300369
1995,2,3.30318008422852,2.97393636703491,2.49587986469269,2.56436550617218,1.91222606658936,2.73625096321106,2.88677285194397,3.32527619361877,3.13764266967773,2.72233412742615,1.88207287073135,2.53030579566956,1.15143746256828,2.0802520405964
1995,3,4.13184398651123,3.55038759231567,2.80473662376404,2.83562230110168,2.43130072593689,4.08350120544434,4.27052429199219,4.23341264724731,3.63645241737366,2.6382225227356,3.00054931640625,2.43740461826324,1.9299273443222,2.95709904340597
1995,4,3.94176891326904,2.58585115432739,1.75071720600128,0.802539210617542,-0.545809680521488,4.33913199424744,2.80375997543335,1.92858449459076,0.727095157206059,-0.76750289529562,-0.723799052536488,-1.03460903584957,-2.33485929489136,2.60950248763406
1995,5,2.9030092048645,3.63596409797668,3.51742658615112,4.03418174743652,4.9649026298523,2.43252150535583,3.1912347984314,3.51632789611816,3.82262098312378,4.73966917037964,3.11151803016663,4.06213757514954,3.64267839431763,2.72791430089601
1995,6,7.07342977523804,7.07965574264526,6.69584320068359,7.47323438644409,7.79820539474487,8.3134956741333,8.15686990737915,8.50039674758911,8.93328437805176,8.46316293716431,9.22749187469482,9.04571807861328,9.21955684661865,5.91652768603443
1995,7,8.0936336517334,6.79728986740112,5.10089721679688,4.90740398406982,5.65134582519531,7.67258741378784,7.2895073890686,6.09900503158569,5.6833302116394,5.39937742233276,5.76475610733032,5.40755653381348,5.58920833587646,6.95861309660962
1995,8,10.7676248550415,10.13477394104,8.81633396148682,8.41152412414551,8.01611419677734,12.0799607849121,11.8825611114502,10.9683208084106,9.94384422302246,8.56668497085571,10.5751083374023,9.32332294464111,9.6871146774292,9.23352134016138
1995,9,2.7257523059845,2.61820176124573,3.29207103729248,4.25331134796143,5.67893547058106,3.32295672416687,3.01361166954041,3.65952512741089,4.42141241073608,5.09967645645142,4.36257095336914,4.75676000595093,4.62796798706055,1.67770241531571
1995,10,-0.555209662914276,-0.614295306205749,-0.434963071942329,-0.0192882853746414,1.39571505784988,-0.530794115066528,-0.610755047798157,-0.768967826366425,-0.436305922567844,0.701214674115181,0.164194591641426,0.430079956352711,1.41610205411911,-0.585702380617342
1995,11,1.92858449459076,1.14569980382919,-0.108160897493362,-1.3294268488884,-3.92235855102539,1.33626319646835,1.3612891459465,0.578282358646393,-1.00408959686756,-2.3587865447998,-1.46835133671761,-2.35744366645813,-3.01239087104797,0.572104072473811
1995,12,2.49233961105347,1.97472990036011,0.978087038695812,-0.124885547161102,-4.48672400951386,1.6211926817894,1.85765733480453,1.79588598012924,0.558872001171112,-1.76805223882198,-0.517121408879757,-0.577183667719364,-1.04364279270172,1.6695217654638
1996,1,0.903985834121704,0.62723554700613,-0.0296648958325386,-0.526277233064175,-2.90923515319824,1.06964535236359,0.981505219936371,0.878593657016754,0.377342362701893,-0.88701702773571,-0.0488311079144478,-0.181773788332939,-0.885918319225311,-0.357041338050859
1996,2,1.72141852378845,1.2887749505043,0.505524016022682,-0.800219739675522,-4.48928765296936,1.13263748884201,1.54977721214294,1.06036745071411,-0.164927056133747,-3.43722146987915,-0.535433079004288,-2.85674173355103,-3.37325273513794,0.801306878277183
1996,3,2.90752607345581,3.00335711479187,2.62845632553101,2.66007444381714,3.15668678283691,2.52346941947937,3.20673867225647,3.38655921936035,2.98309223175049,2.78898857116699,2.63980956077576,2.9612403011322,2.8825001335144,2.11682118413716
1996,4,5.20539581298828,4.98626621246338,4.79497035980225,5.46810718536377,6.12488554000855,5.9411584854126,5.61423425674438,5.7077458190918,6.04699993133545,6.53372398376465,5.89733263015747,6.53897327423096,6.16419460296631,4.28097460537973
1996,5,0.903253364562988,1.13349203824997,1.22895684242249,1.92980528354645,2.74003540992737,0.700238044261932,1.15180369138718,1.52047853469849,2.34255020141602,3.14484528541565,2.73966915130615,3.52279800415039,3.68906791687012,1.61774706240942
1996,6,2.96856496810913,3.06317523002624,3.30049438476563,3.9111273765564,4.79728978157043,3.62766278266907,3.40609166145325,3.91601051330566,4.35683329582214,4.43313191413879,4.41311109542847,4.79887685775757,4.81633396148682,3.29216278516329
1996,7,5.46749677658081,4.85417806625366,4.41701760292053,4.36000729560852,5.29817489624023,6.89238842010498,5.62680826187134,5.20307632446289,4.80705600738525,4.49539154052734,5.13984004974365,3.9788805103302,4.21449062347412,6.08489026684733
1996,8,2.983092212677,2.41445398330688,1.94836110115051,2.41872670650482,3.19599581718445,3.78441061973572,3.1113959312439,2.63053166389465,2.78080936431885,3.41805526733398,2.78264051437378,3.30928400993347,2.44607213973999,3.03881529097021
1996,9,3.09992065429687,3.67344197273254,3.94482085227966,5.14447902679443,6.54983821868896,3.58481350898743,4.10962579727173,4.87944818496704,5.71702369689941,6.64603551864624,5.59226022720337,6.18897632598877,5.71677953720093,2.21744503989022
1996,10,1.43087344884872,0.96600133061409,0.977476643323898,1.61057193279266,3.65183416366577,2.07373493671417,1.53280839443207,1.42623449802399,1.26948666095734,2.71354451179504,0.951352000236511,1.88781053543091,2.06897394657135,1.22357675472837
1996,11,1.37178781747818,1.41878775596619,0.910822184681892,0.791185982227325,0.148202403485775,1.01409998416901,1.49728375434875,1.7007873916626,1.30269181013107,0.520905816555023,0.456326679885387,0.612219986021519,-0.139290726482868,-0.330151724215795
1996,12,-1.05768174409866,-1.15668680429459,-1.71140815734863,-2.59012389183044,-4.36891899108887,-1.72483672618866,-1.46993835449219,-1.53476163387299,-2.44326436042786,-3.75059509277344,-3.11298296928406,-3.69407314300537,-4.09839466094971,-1.96931658023913
1997,1,2.53946164131165,2.25990355491638,1.62949398994446,0.884209240078926,-2.06531158924103,1.52755905389786,2.20448023319244,2.52700969219208,1.58933039665222,-0.777635353505611,0.221326981186867,-0.0279558053612709,-0.925105304419994,1.71147244842447
1997,2,2.39113713741303,2.13794789791107,1.56039797306061,1.21772567301989,-0.806201536953449,3.11383750915527,3.22248669624329,3.3681254863739,2.7566379737854,0.345968382656574,3.17890495300293,1.35494110822678,1.74778733730316,0.812124120016423
1997,3,0.595739486217499,0.664347193241119,0.717573094367981,0.947079286575317,1.25508148431778,0.399682596325874,0.591222610473633,0.87725081205368,0.986266255378723,1.20258805751801,0.675090026855469,1.08002196788788,0.740645780563355,1.20490391861052
1997,4,-0.334248914420605,-1.24067629337311,-1.37545015335083,-1.3612891292572,-1.41463712215424,-0.378807297348976,-1.36238783597946,-1.33748397827148,-1.04010254144669,-1.00115973949432,-1.17768417596817,-0.741622409820557,-1.1006531047821,-0.941678252005013
1997,5,4.53006162643433,4.7126900100708,4.06604407310486,3.97863636016846,5.31160348892212,3.7742782497406,4.02282855987549,4.14124402046204,3.37471766471863,4.64579131126404,1.81981319904327,3.251785364151,2.30910088539124,4.17551094681554
1997,6,6.45034479141235,6.23683084487915,5.74388084411621,5.83080015182495,6.45022277832031,8.01098691940308,7.60532253265381,7.56174076080322,6.94964286804199,5.9182078742981,8.17823350906372,6.07434534072876,7.5790758895874,5.51289453873268
1997,7,7.07660377502441,5.67087833404541,4.49380454063416,4.22547759056091,4.20570101737976,8.46877862930298,7.15131530761719,6.12635046005249,5.53134338378906,4.20545685768127,6.73808210372925,4.99566617965698,5.88414812088013,8.10944881100626
1997,8,4.44070072174072,4.21217106819153,4.03235057830811,4.33217357635498,5.78416650772095,5.68369651794434,5.13288162231445,4.82121702194214,4.70182504653931,4.95916500091553,5.19404258728027,5.01580909729004,5.32088140487671,3.69604874644759
1997,9,1.12042970657349,2.01135322093964,2.65580173492432,3.25080875396729,3.38521636962891,0.785448327064514,1.90807541370392,2.88359885215759,2.7939937543869,3.1577855014801,1.83031190872192,2.18262832164764,1.35591771841049,0.993073707325219
1997,10,0.455105899870396,0.275529509186745,0.0363791733980179,0.0296648967266083,0.238173715472221,0.0764206781983376,0.102179089188576,0.0144051775336266,-0.0795947000384331,0.144417993724346,-0.154184212982655,0.0535921409726143,-0.1247634729743,-0.069923831910424
1997,11,-0.772141852378845,-0.839895014762878,-0.586339499950409,-1.1994140124321,-3.93590916633606,-1.22419581413269,-1.3971799993515,-1.29085027456284,-1.47396691560745,-3.22248670101166,-2.68290299892426,-3.07501675605774,-3.84129886627197,-0.942057485058463
1997,12,0.120734908282757,-0.214612710475922,-0.723188663721085,-1.64573032855988,-3.15741925239563,-0.551303177773952,-0.700115968286991,-1.05182200431824,-1.96398705005646,-2.69425622940063,-2.87676250457764,-2.80424828529358,-3.29671001434326,-0.40894244862555
1998,1,0.546908375024796,-0.185924434363842,-0.944637734889984,-1.80198986053467,-3.35713850021362,0.231947747766972,-0.255142524540424,-1.06109991550446,-1.93004944324493,-3.01739609718323,-2.56412132740021,-2.73759383201599,-2.92547151565552,-0.308047704839495
1998,2,2.3908930015564,2.69096012115479,2.82439114093781,3.80101323127747,4.18653478622437,1.84679240703583,2.76616003990173,3.47653054237366,3.28560091972351,4.2413477230072,1.88353781223297,2.64566926956177,1.16230237782001,1.93693707610023
1998,3,1.51132270812988,1.41720076084137,1.3797228717804,1.01849479079247,-0.427150094807148,1.85521576404572,1.61020571231842,2.03625710010529,1.63901605606079,0.00476102948188782,1.37545014858246,0.360129397809505,0.243667212724686,0.919303344154852
1998,4,2.28505158424377,1.87828845500946,1.69346273899078,1.96215588569641,3.04620643615723,1.8383690404892,1.53476163625717,1.45712018728256,1.35542940139771,2.22779710292816,0.0827687206864357,1.0707440495491,-0.173716660737991,2.55370066292893
1998,5,4.67496793746948,4.99298055648804,4.94390524864197,5.600439453125,6.23878408432007,4.61136543273926,5.38289688110352,5.79844951629639,5.73472497940064,6.65775495529175,5.35054628372192,6.46023317337036,6.02783372879028,3.35331001084232
1998,6,8.48855518341064,6.82707691192627,4.7042666053772,4.5754746055603,5.20319841384888,10.3166696166992,9.03228952407837,7.37850208282471,6.67154977798462,5.7577977180481,8.53091613769531,6.7371054649353,7.85130920410156,8.95825040975266
1998,7,5.70017702102661,4.58707193374634,3.71580298423767,3.69797960281372,4.52310316085815,7.13605564117432,5.94469879150391,5.12592319488525,4.47378376960754,4.40017086029053,4.39321249961853,4.20863083839417,3.78978206634521,5.47504319947147
1998,8,4.03222847938538,4.40273449897766,4.08057129859924,5.02484280586243,5.00970520019531,4.76225357055664,5.61667581558228,5.61301345825195,6.19422571182251,6.20045166015625,6.12171146392822,6.76811325073242,6.02258434295654,2.79995101302333
1998,9,2.81572360992432,2.6702068901062,3.24433863639832,4.25709574699402,6.07324661254883,4.43630591392517,3.58957456588745,3.8492339515686,4.64994201660156,5.78367816925049,5.34383199691773,5.62558748245239,5.76292497634888,2.1132455303736
1998,10,2.97381430625916,2.87187940120697,3.08258563041687,3.99401817321777,5.52707069396973,3.62033813476563,3.96862598419189,4.13465174674988,4.40664102554321,5.10004272460938,4.36965145111084,4.46914480209351,4.17859973907471,1.46218821313783
1998,11,2.04846484184265,1.88903129577637,1.41048647165298,1.63864983320236,1.48092534542084,1.41378257274628,2.16688029766083,2.69096013069153,2.08582065105438,1.63291215896606,0.976500024497509,1.31673075437546,0.470365624725819,1.33351897016256
1998,12,0.0227064642310143,-0.109625831246376,-0.996887009143829,-2.26393213272095,-4.79313924789429,-1.07220898985863,-0.481718856394291,-0.718549708127975,-1.75694315195084,-3.9803454875946,-1.86363911628723,-2.98663249015808,-2.17542572021484,-1.39367297472509
1999,1,2.36159433364868,0.98150521337986,0.0582310950756073,0.310443755090237,-1.44271499752998,2.37294755935669,1.95715068817139,1.11054141044617,0.889824812412262,-0.311786610484123,0.917170240879059,0.392235850095749,0.729292548894882,2.00337555546027
1999,2,2.06067262172699,1.69651468425989,0.876884572803974,0.195568578839302,-2.81804307460785,2.4942928314209,2.69718611717224,2.46230849266052,0.926081915795803,-1.75706524133682,-0.077031070291996,-0.946713055372238,-1.40218518853188,0.824115194336197
1999,3,3.82115606307983,3.94176888465881,3.77537687301636,4.47830062866211,4.21070623397827,4.9463468170166,5.18329975128174,4.98370262145996,4.7773911857605,4.48843311309814,4.23438928604126,3.96764937400818,3.11640115737915,2.47286928974136
1999,4,3.4527253818512,3.55038759231567,3.36995664596558,3.82347554206848,4.05566744804382,3.87523652076721,4.26686198234558,4.57205640792847,5.09271806716919,4.81889762878418,5.48470975875854,5.72666786193848,5.86388328552246,3.08724912242777
1999,5,3.14032837867737,3.10175179481506,3.51535126686096,4.71378860473633,5.67331992149353,4.9889519405365,4.53860708236694,5.17963745117187,6.17969848632812,5.77037170410156,6.52066167831421,6.21632181167603,6.376487865448,2.86653396645947
1999,6,5.05682720184326,4.69047181129456,4.41433190345764,5.13019592285156,6.02160776138306,6.91277542114258,6.43801500320435,6.17994258880615,6.16321792602539,6.36061767578125,6.00805707931519,6.03381551742554,5.38851245880127,3.82217168525831
1999,7,5.01910514831543,4.49429281234741,4.52859665870666,5.86888848304749,6.25575286865234,7.463834400177,6.41567474365234,6.68082763671875,7.77757432937622,7.41622411727905,8.66678876876831,8.25013732910156,8.60294204711914,5.27141171940685
1999,8,3.53781358718872,3.20173348426819,3.22431787490845,4.03027525901794,4.68839650154114,5.15717510223389,4.38393454551697,4.46389548301697,5.14606605529785,5.04339860916138,5.48177989959717,5.31795156478882,5.43770978927612,4.06898186757014
1999,9,0.818531405925751,1.08124274253845,1.70713543891907,2.99005063056946,4.01611426353455,1.85887811183929,1.83507294178009,2.50491361141205,3.71336138725281,4.54483304023743,3.41695659637451,4.7360068321228,3.98095585823059,0.744313178991778
1999,10,3.42684488296509,3.02288959503174,2.90325336456299,3.33577486038208,3.88610142707825,4.34010862350464,4.00085456848145,3.91002870559692,4.08069344520569,4.15625952720642,3.97741560935974,4.33510341644287,4.14820234298706,3.09226945977239
1999,11,-0.35378135830164,-1.95580784797668,-2.74211071014404,-3.42757736206055,-4.9108221912384,0.221204904913902,-1.32942683339119,-2.89910271644592,-4.33119694709778,-5.04596223831177,-4.6055057144165,-5.59519012451172,-5.53903434753418,-0.193139300940658
1999,12,1.49508636474609,-0.214124400913715,-0.690105590820313,-0.312030760347843,-3.06695965766907,1.63279008150101,0.464017570912838,-0.629310874640942,-0.51052920371294,-0.849172919094562,-2.16871146917343,-0.368430689275265,-1.4522370672226,-0.211288437247276
2000,1,2.70231337547302,1.67002378463745,0.773118468523025,0.719404253959656,-3.50497462034225,2.9990843963623,2.94988708972931,1.83519501209259,0.976500024795532,-1.12226086825132,-0.370139774382114,-0.466825363636017,-1.23054384708405,0.82801590255908
2000,2,0.630531645715237,-0.748336693048477,-1.93920528411865,-2.14417384147644,-2.908624792099,0.975401328802109,-0.0494414931535721,-1.31673076033592,-2.05798692703247,-2.66715496063232,-1.64426539897919,-2.32399437427521,-1.97741560935974,0.132840834249406
2000,3,2.80327168464661,2.83110541820526,3.28254899024963,4.49771104812622,5.8542391204834,3.46981629371643,3.62461086273193,4.20765424728394,4.96148447036743,5.69126523971558,4.98406885147095,5.32381122589111,5.50741622924805,1.94896427004119
2000,4,3.60471218109131,3.73484708786011,3.52218764305115,3.96630650520325,5.53964468955994,4.0147714138031,4.09277911186218,4.47769025802612,4.74797044754028,5.17853868484497,4.63553674697876,5.10028686523438,4.92046630859375,3.99737855527528
2000,5,6.15320756912231,5.35909170150757,4.68217052459717,5.27485808372498,5.75901845932007,7.22407373428345,7.00738565444946,6.88909227371216,6.97772071838379,6.33583591461182,7.39827867507935,7.04132320404053,7.12738809585571,5.32551599113193
2000,6,8.32240734100342,6.48074214935303,6.15589323043823,7.66501859664917,8.286272315979,9.87047546386719,8.20057367324829,8.26161260604858,9.66929122924805,9.59592258453369,9.81798198699951,10.7454067230225,10.6988951873779,8.49139328680095
2000,7,3.87291704177856,3.3604345703125,3.41854360580444,4.51248245239258,6.12268810272217,5.38741376876831,4.76335223197937,4.80205087661743,5.75181589126587,6.32265151977539,6.05310380935669,6.60489530563355,6.48232921600342,4.26401734634264
2000,8,3.91601051330566,3.4010865020752,2.90484036445618,3.28145029067993,4.2335347366333,4.92779100418091,4.45730328559875,3.83141058921814,3.59384728431702,3.96337663650513,3.75950679779053,3.56772263526917,2.94561435699463,5.23616086096453
2000,9,1.22419580221176,2.26417626857758,2.77165351390839,3.99621557235718,4.97491303443909,1.67185495853424,2.9229078578949,4.36428003311157,5.84361839294434,5.65415370941162,6.617835521698,6.61673685073853,6.6995055770874,0.549205460007021
2000,10,1.78477689743042,1.2885307970643,1.3816761302948,2.03222851753235,3.0060428404808,2.77214184761047,2.34267230033875,2.13904656887054,2.09644140720367,3.296954164505,1.51254347324371,2.4928279209137,1.83299762248993,1.26574415105158
2000,11,1.8846364942193,1.82140022754669,0.766892504692078,-0.00647012084722519,2.25587497711182,3.12226088523865,3.18305558204651,2.23561007261276,1.31148141384125,1.27729964405298,3.06976744651794,1.90172739505768,3.27449182510376,-0.794859873472586
2000,12,2.22621007919312,2.53396812915802,2.95794418334961,3.46871754646301,1.64927057981491,3.07989987373352,3.04986873626709,3.95238962173462,3.53183176994324,2.98284806251526,2.18055299758911,2.46218639373779,1.53122137784958,2.91420930236049
2001,1,0.626258925199509,0.62027711391449,-0.0501739585399628,-0.280656781196594,-3.02386617660522,0.500396749377251,1.25434901237488,0.659952384233475,-0.638955010771751,-1.62534334897995,-0.993346759080887,-2.0352804684639,-2.12574008464813,-0.680691887464749
2001,2,2.46731369018555,1.94103645086288,1.2414087665081,0.382347555756569,-2.62552646160126,2.88420920372009,2.84258073806763,2.34902033805847,1.44063970088959,-1.28169443577528,1.1909906578064,0.28993468105793,0.0386986526846886,2.17702935821206
2001,3,3.02899345397949,2.17798936843872,2.02881035327911,2.71793931007385,3.50741621017456,4.08923880577087,3.25813343048096,2.74369771957397,3.05548433303833,3.77464443206787,2.74333149909973,3.33528656959534,2.39174753189087,3.05201630479485
2001,4,2.5746200466156,2.78740155696869,2.04333759307861,1.03619606018066,1.51547334671021,2.4444851398468,2.92766889572144,2.59268752574921,1.77049379587173,0.990416884422302,2.23939448356628,1.7249588060379,2.5603369140625,1.82914385710948
2001,5,3.00689739227295,2.72965876579285,3.09564792633057,3.89452478408813,5.21076723098755,3.9634987449646,3.31087099075317,3.65281080245972,4.72013674736023,5.30623204231262,5.15131538391113,5.73692241668701,5.65891473770142,3.84051947621904
2001,6,6.12561798095703,4.89104556083679,4.00549346923828,4.36696572303772,4.79020931243896,8.05810901641846,7.41024230957031,5.95580780029297,6.19398149490356,5.28901908874512,6.8893364906311,6.33241771697998,7.02728437423706,5.25338897479356
2001,7,5.87010925292969,4.3582981967926,3.69688091278076,4.23084906578064,6.59183298110962,8.19312700271606,6.35231637954712,5.12885307312012,5.46200326919556,6.02758960723877,7.08319595336914,6.39296834945679,7.74082885742188,4.98644320781414
2001,8,4.04712200164795,3.23274124145508,3.42660075187683,4.4382591342926,5.37422933578491,6.37172676086426,5.1062686920166,5.02069218635559,6.13782573699951,5.83592750549316,7.27485803604126,6.95013124465942,7.5403772354126,5.0360508430639
2001,9,6.2130256652832,4.98028447151184,5.0396142578125,7.0465726852417,7.82042362213135,8.61478355407715,7.38875667572021,7.11200635910034,8.69096017837524,9.22590480804443,9.50961357116699,9.61569911956787,9.47176948547363,5.67024121199839
2001,10,1.81822620868683,1.38936702489853,0.954281876087189,1.08673624515533,0.851614476442337,2.26722819328308,2.36440211772919,2.23426723003387,2.30177620887756,1.35310993432999,2.97845327377319,2.15894523143768,2.81670022964478,1.01331766866721
2001,11,1.58749922990799,1.00994932919741,0.598181042671204,1.5433070909977,-0.592809612452984,1.36397485256195,2.14734785079956,1.4849539065361,1.47787340641022,1.11981932073832,0.12464139431715,1.0424220174551,-0.169810166656971,-0.861424758324962
2001,12,0.15210889518261,-1.07672586351633,-1.97277664661407,-1.29231519937515,-3.47067081451416,0.479155227839947,-0.0452908489108086,-1.62107062339783,-1.47787340641022,-2.08020506858826,-2.3564670753479,-1.64438746929169,-1.92406762123108,-1.26505791413537
2002,1,2.76799120783806,0.978209114968777,0.554110949635506,1.78111455321312,0.028444122672081,4.98590000152588,3.86693522453308,3.10394919395447,2.88787154197693,1.49032533288002,2.78911063194275,2.13233229160309,2.15418420791626,0.767049263743959
2002,2,2.68302506446838,2.16248549699783,1.97204416751862,1.68308612942696,-3.31526584386826,3.67649390220642,3.49984738349915,3.39229688644409,2.81560152053833,-1.24079840749502,2.56509795188904,0.741988641321659,0.504791561961174,0.965245031569836
2002,3,2.46682536125183,1.12323749542236,0.334126835763454,-0.199841299057007,-1.08624794006348,3.66892510414124,2.56534212112427,0.987487035989761,0.251358117461205,-0.733565278351307,-0.328022952079773,-0.204236097335815,-0.992614290714264,3.32638427174303
2002,4,3.23469449996948,2.17872184753418,1.84398463010788,2.31007750988007,1.28181650876999,4.33376054763794,3.6992004108429,3.77610938072205,4.53604347229004,2.94537017345428,5.26020874023437,4.79484831809998,5.40584745407105,2.99372237462264
2002,5,1.45846302270889,2.37380208969116,3.12018552780151,3.81444175720215,4.93462734222412,2.2896905040741,2.77800155639648,3.82201059341431,4.4452175617218,5.35787091255188,5.40023193359375,5.69150945663452,6.29030088424683,2.58293793187339
2002,6,5.13886343955994,4.36720987319946,3.81297686576843,4.67460171699524,7.48373317718506,7.18464260101318,6.82707683563232,6.39284624099731,6.85515474319458,6.83696514129639,7.87804428100586,7.28438014984131,7.61411214828491,4.80489767655818
2002,7,4.74845870018005,5.11737771034241,5.79661838531494,8.05786479949951,9.34615146636963,6.75321977615356,6.77629240036011,7.6084965133667,9.01654146194458,10.1906854629517,9.33589687347412,9.79991451263428,9.74180545806885,4.02071059949299
2002,8,3.84190928459167,3.53817979812622,3.25349448204041,3.55795638084412,5.2420191860199,5.47738508224487,4.31264113426209,3.83604952812195,3.85582612991333,4.73954701423645,4.55423307418823,4.58670566558838,5.29304767608643,4.49157679151501
2002,9,2.13367513179779,2.34316058158875,2.14954524040222,2.30849049091339,2.54580965995789,2.26258925437927,3.16938289642334,3.08124274253845,2.84636510848999,2.89837023735046,2.37868520259857,2.7488249874115,1.82347555160522,1.5071547245221
2002,10,0.539217481017113,-1.87596899151802,-2.47537082195282,-1.01422205209732,-1.94884941339493,0.448391623795033,-0.506378561258316,-1.5710187292099,-0.582677155733109,-1.70151986122131,-0.718061413764954,-1.14862966060638,-0.730025027394295,-1.07424819249021
2002,11,0.0660440701246262,-0.32191905528307,0.0538362962007523,0.422633211910725,-0.544955137073994,0.918757247924805,0.655923821628094,0.935848132967949,1.10407127380371,0.660684857070446,1.07465054512024,1.04852590084076,1.10529206752777,-0.280399618505021
2002,12,0.852835258841515,-0.415674783587456,-0.780198980867863,-1.78660806655884,-2.23133733272552,0.951229930818081,-0.781297687888145,-1.6782030081749,-2.03711163043976,-2.44973446846008,-2.6276017665863,-2.09399987220764,-2.02197399139404,1.56405813912668
2003,1,1.80418726563454,1.66330951333046,1.68247573375702,1.78892754554749,-0.307269728183746,3.03033632278442,2.9531831741333,2.73173411369324,2.36305923461914,1.26582432031631,1.57797716140747,1.95776106834412,1.15656472355127,1.06664542483508
2003,2,2.61698097705841,2.04834278821945,1.86534823417664,1.66538484334946,-1.59140572190285,3.16547638893127,2.63993160247803,2.74845876693726,2.55679668426514,0.406152711510658,1.81431969881058,1.45846303939819,0.792406756281853,2.51769133758615
2003,3,2.22755293369293,2.48989806175232,2.73820423126221,3.64914847373962,3.87657935142517,3.17670756340027,3.20063478469849,3.67478479385376,4.41982540130615,4.79802230834961,3.70798997879028,4.91680402755737,3.87401575088501,2.63193155675245
2003,4,-0.679240685105324,-2.42800462722778,-3.09039854049683,-4.31300735473633,-4.44607213020325,1.71287308871746,-1.25495941251516,-3.6237563085556,-4.97283762931824,-5.51290968894958,-3.86388325691223,-5.54623689651489,-5.09479333877563,2.44886909116655
2003,5,3.56699016571045,3.47506559371948,2.63370567321777,2.66385886192322,5.58896412849426,2.85503264427185,3.13324786186218,2.67313677787781,2.51272658824921,4.15686989784241,1.81700542926788,3.15790758132935,2.52163826942444,3.53528893840384
2003,6,4.08484406471252,4.43423056602478,4.25685164451599,5.18171273231506,6.65018613815308,6.60806930541992,5.86254037857056,5.86803388595581,6.27968013763428,7.36446313858032,6.41445405960083,7.2713178062439,6.95000911712646,4.96052877296357
2003,7,4.55081482887268,3.66037964820862,3.16376732826233,3.68943417549133,5.85253007888794,4.73759380340576,4.07617649078369,3.99389611244202,3.37593845367432,3.95666239738464,4.15503874778748,2.06250380277634,3.48934868335724,3.71714148013549
2003,8,4.36122809410095,4.17786725997925,4.25270093917847,4.87651834487915,5.42464748382568,6.24476593017578,6.3786851978302,6.93047672271728,6.95000913619995,5.77000551223755,6.2683268737793,6.23011653900146,5.2896294593811,4.32671764334278
2003,9,1.80003663301468,1.22102178484201,1.77073795795441,3.19611791610718,4.27113470077515,4.6836354637146,3.80308856487274,4.16004392623901,5.48324481010437,5.67856923103333,6.99603244781494,6.96441431045532,7.86571443557739,1.47768269660028
2003,10,1.15644265174866,1.11273880928755,0.663858882188797,0.208264665901661,-1.60336933374405,2.05237134933472,2.25184642314911,2.0589635515213,1.63303423643112,-0.848440456390381,2.24427759647369,0.662638093531132,1.60080570697784,0.708213554243364
2003,11,-0.0994933751225471,-2.88738324403763,-3.48727340698242,-1.99707014083862,-4.2484282541275,-0.151742659211159,-2.25428794622421,-3.5842031288147,-2.74894703865051,-3.37337481498718,-2.53409018993378,-3.43319291114807,-3.68894582271576,-0.91215204244711
2003,12,1.206128295362,0.590856370031834,-0.115485565066338,0.655923822820187,-2.72147958725691,1.36605015993118,1.93737410545349,1.43770980596542,1.107611541152,-0.951474088728428,-0.165659521222115,-0.48611366212368,-1.12323750555515,-0.076786187626201
2004,1,1.92138190746307,2.59866931438446,2.35646705627441,1.77159249305725,0.248184091150761,1.45089421749115,2.29909049987793,2.63358355045319,1.90075075149536,1.24482694387436,1.24079838514328,1.06818042516708,0.745406820774078,1.67878595047449
2004,2,2.3358359336853,2.57718368053436,2.57596289157867,2.57974729061127,1.7371665763855,3.011170129776,3.28315936088562,3.52230969429016,3.26716718673706,2.77519379615784,2.84819631099701,2.99334675788879,2.25404381752014,1.9585896348195
2004,3,2.99603245735168,2.35146187782288,1.61362386703491,1.19611793041229,0.36525666475296,3.70579258918762,3.45626564979553,3.09589206695557,2.25502045154572,0.544222666025162,1.64707318902016,0.573521327376366,-0.18433741748333,2.67514637094983
2004,4,2.61527191638947,1.70396142601967,1.85521578669548,3.23652565956116,2.21204906463623,3.22944514274597,2.93133125305176,3.27449184417725,4.25428796768188,4.01867789268494,4.07910636901855,5.11212842941284,5.1707257270813,2.31095373313102
2004,5,2.38015013217926,2.79484830379486,3.03546355247498,3.96398701667786,4.76152110099792,3.93456628799438,4.18104131698608,4.93487143516541,5.91515594482422,5.75144968032837,6.68912902832031,6.78019897460937,7.02545320510864,2.20111985813231
2004,6,6.56253433227539,5.29219309806824,5.60031734466553,6.44802539825439,7.87401565551758,9.10358295440674,7.27180604934692,7.29487880706787,7.7568211555481,8.44424091339111,7.99365198135376,8.83366905212402,8.85454429626465,7.14362589283102
2004,7,5.82872486114502,3.2078374004364,2.31642555713654,2.48074219226837,4.64261734962463,7.71470426559448,4.91411831855774,3.51986811637878,3.60373553276062,4.05664406776428,4.07202586174011,3.84386250495911,3.42330462455749,7.47278440633469
2004,8,2.22059450149536,2.2119269990921,2.60611607551575,3.49972531318665,6.14270891189575,4.17237375259399,3.35164500236511,3.75096134185791,4.62735757827759,5.64951473236084,5.25349445343018,5.55441614151001,5.44710981369019,3.22689812493748
2004,9,1.36898005008698,1.62009399414062,2.32448268413544,2.82060671329498,3.71177440643311,2.57339924812317,1.86156380176544,2.57315508842468,2.48098639011383,3.31343467712402,2.04284929275513,2.20350361347198,1.6154550409317,0.716177505281197
2004,10,-3.24861135482788,-4.11304402351379,-4.41420981407166,-4.47305130958557,-3.13410241127014,-4.61954459190369,-5.34847092628479,-5.94030395507813,-5.57834339141846,-4.1461270904541,-5.24507103919983,-4.03515839576721,-3.18757247447968,-3.73922744023024
2004,11,1.32307879924774,0.340963188707829,-0.426173469722271,-0.0804492449760437,-1.49996946454048,1.46664223194122,1.29890739679337,0.476835744678974,-0.0726362663507462,-0.437282550930977,-1.20918023705482,-0.471586399376392,-1.3383385181427,-0.24041734256688
2004,12,1.4464993929863,1.04083500027657,0.457913687825203,-0.129158272147179,-2.46377341270447,1.54220837116241,1.70750165939331,1.38411767721176,0.74589513272047,-1.20246597021818,0.831593728065491,0.078740154504776,0.575962884426117,1.10801822696564
2005,1,-0.731734110116959,-0.681071841716766,-0.578160282373428,-0.973448078632355,-2.65201734542847,-1.84178719997406,-1.17414393186569,-0.665079655647278,-0.787401578426361,-2.30360741138458,-1.20319844007492,-1.57223951101303,-1.39473845481873,-0.31075652992937
2005,2,2.39931636810303,1.5857901263237,1.23957761198282,1.73423670530319,-0.266984070539474,3.61374594688416,3.23921135902405,2.67179394245148,2.2015503692627,0.912775432169437,1.65622900247574,0.706219854950905,-0.0698284813761711,1.29342835127602
2005,3,2.32020997524261,2.43838123321533,2.4951473903656,3.14765302658081,4.56973687171936,2.77324054718018,2.92730267524719,3.32234631538391,3.70103151321411,4.41823841094971,3.31697489738464,4.07056092262268,3.3313800907135,2.31331943266491
2005,4,1.97057925224304,1.95592990875244,1.42061892986298,1.91124946117401,3.83556122779846,2.18482573032379,2.43423057556152,2.2131477689743,2.45705913066864,3.13947383880615,2.39980464935303,2.92888967514038,2.45180978775024,2.57593110045032
2005,5,2.8810351896286,3.14667641639709,3.35774887084961,4.98870777130127,5.68137699127197,4.06567782402039,4.84758586883545,5.22382955551147,6.74626138687134,7.23054382324219,7.22553865432739,8.00793502807617,8.15552698135376,2.87785685626713
2005,6,6.09277910232544,5.73973014831543,5.69688089370728,6.15882314682007,6.02746751785278,8.48379421234131,7.34554103851318,7.43038513183594,7.86473785400391,7.08637001037598,8.36159435272217,7.60544460296631,7.64511995315552,6.19902214496093
2005,7,7.47665252685547,6.56656288146973,5.75804183959961,6.32228523254394,6.84013917922974,10.3532930374146,8.37050598144531,8.1322102355957,8.63541467666626,7.93407791137695,10.1306231307983,9.0482816696167,10.0542024993896,8.91915303856663
2005,8,3.00128182411194,3.33113591194153,3.67380820274353,5.46371236801147,7.47836177825928,4.91521697044373,4.36171642303467,4.78178600311279,6.1031556892395,7.99560514450073,6.17847763061523,7.55478235244751,7.26033081054687,2.17841988819591
2005,9,1.20136726379395,1.29939571857452,1.48177988529205,1.73008605957031,3.91588842391968,1.7092107629776,1.32698528051376,1.65427577495575,1.98864674568176,2.88555208206177,1.88500274181366,2.60111089706421,2.43618384361267,1.90806098449865
2005,10,3.02655189037323,2.61624852657318,2.89617285251617,4.40700724601746,5.64707319259644,4.02502589225769,3.88768846511841,4.70914970397949,6.04126226425171,6.92022218704224,6.19092952728271,7.51657207489014,7.28816453933716,2.57896498436406
2005,11,0.0506622722744942,0.362570955753326,0.989318194389343,1.918696205616,2.62943293571472,0.156625773310661,0.537264237999916,1.49203441619873,3.02642982006073,3.54672525405884,3.81480801582336,4.28322037696838,4.46389549255371,0.726471040904875
2005,12,0.300921682417393,-1.63620826512575,-2.42824879646301,-1.03924800276756,-2.76811329364777,0.300311296284199,-0.645547217428684,-1.93236889839172,-1.24287370562553,-0.77385094165802,-2.68021729946136,-0.765183415412903,-2.19483609676361,-0.596230684035629
2006,1,2.61380698680878,0.853933952450752,-0.746993838846683,-0.800585969984531,-3.99658181190491,3.51010192871094,2.58707194328308,0.835988524258137,-0.460477323830128,-2.32448270082474,-1.11713361740112,-1.58517976045609,-1.77452236175537,0.758832482191233
2006,2,1.4377098107338,1.68259780883789,1.08270768165588,0.410303367674351,-0.153817980885506,1.86742353916168,1.89940791130066,1.7015198636055,0.391503390669823,-0.203747785687447,-0.5188304951787,-0.857474202513695,-2.04114017724991,2.10345763955596
2006,3,2.65665628433228,2.9313312625885,2.70219129562378,2.85698588848114,3.2788866519928,3.40596957206726,3.12189465522766,3.46359031677246,3.43551239967346,3.64353289604187,2.99151558876038,3.4037721824646,2.95281693458557,2.78181993890796
2006,4,3.47628640174866,3.80870414733887,3.34908133506775,3.56955379486084,4.58231090545654,3.74473539352417,3.97912470817566,4.02319478034973,4.09448818206787,4.91472869873047,3.54147592544556,4.63285109519958,3.81602875709534,3.54231383532462
2006,5,9.77488855361938,7.55221868515015,5.9357871055603,5.84850147247314,4.64823289871216,11.5112006378174,9.79112495422363,8.41726175308228,7.68113283157349,5.95605201721191,7.95849351882935,6.64957578659058,6.61637062072754,8.25153578667951
2006,6,7.86742351531982,7.26130737304687,6.30299697875977,6.3917474937439,6.73344320297241,9.75767562866211,8.5666849899292,7.90600008010864,7.41402669906616,7.14118293762207,7.55026544570923,7.36019044876099,7.14923999786377,7.36528012597349
2006,7,4.58560697555542,3.23957761764526,2.56460964202881,3.10858815193176,4.88762738227844,6.16456079483032,4.86186895370483,3.91051697731018,4.30482816696167,4.51419150352478,4.96136240005493,4.60880176544189,4.54605383872986,5.88761549024187
2006,8,2.33400476694107,2.09277908802032,2.32167491436005,3.36934626102448,5.3539644908905,4.5759628868103,3.56515901088715,3.65281086921692,4.32411644935608,5.3389488697052,4.6383445930481,4.85796251296997,4.75553924560547,3.07933933459795
2006,9,2.36061771869659,2.70560947418213,2.77580418586731,3.55905511856079,5.04437527656555,4.05578950881958,4.10388815879822,4.50564606666565,5.09772327423096,5.15387899398804,5.43001890182495,5.4673747253418,5.36360866546631,3.35524230031572
2006,10,-1.67466274499893,-2.11096865653992,-1.64670694351196,-0.487578584551811,1.59433558225632,-1.72569125652313,-2.13526215076447,-1.65683938503265,-0.198742599189281,1.44625526309013,0.0573765498399735,1.62265763759613,1.74388084888458,-0.405655736974358
2006,11,0.53555514395237,-1.88365987896919,-3.16425560951233,-2.18653481006622,-5.15668678283691,0.418970882892609,-0.485869500935078,-1.77891716480255,-0.977476646900177,-3.87523648738861,-1.19196728467941,-2.18250625133514,-1.85851188182831,-2.20879487490513
2006,12,0.451931876242161,-0.621497892737389,-1.16047121405601,-0.74162241101265,-2.34035279512405,1.17902704715729,0.53982786655426,-0.0441921523213387,-0.401757917404175,-1.27766587972641,-1.21162179708481,-1.28962949633598,-2.32265151023865,0.543462756073334
2007,1,0.416895563602448,-1.21980100333691,-2.76982235431671,-1.97839221477509,-3.34786060333252,1.1555881023407,0.295061948895454,-1.43966306626797,-1.43758774995804,-1.85326252937317,-1.15632058501244,-1.5644265294075,-1.89867543697357,-0.281772090706247
2007,2,3.79905996322632,2.61978881835938,1.24031008243561,0.334370991587639,-1.7652444767952,3.17719586372375,3.45834094047546,2.30788011550903,0.744186039566994,-1.21455166697502,0.584142097234726,-1.20466337263584,-1.2827931278944,2.10625675589552
2007,3,2.42702798843384,2.30714764595032,2.33290606021881,2.22279191970825,0.438137091994286,3.28633337974548,3.36006833076477,3.60275893211365,3.49703957557678,1.6078862118721,3.57028623580933,2.58279921531677,2.39650856018066,1.67242923965292
2007,4,2.73185617923737,2.888481965065,3.33870473861694,3.04437525749207,3.6780809211731,4.42678383827209,4.57571870803833,4.55582004547119,3.66721601486206,3.87242869377136,3.48507598876953,3.86571440696716,3.37337483406067,2.27163962393823
2007,5,1.62668619275093,2.05603367805481,2.97161692619324,4.30861255645752,6.27247749328613,4.28041261672974,3.68455107212067,4.49807728767395,5.63742904663086,6.17750110626221,5.80845998764038,6.20704381942749,5.72080814361572,0.791789871877467
2007,6,7.55990962982178,7.38765800476074,5.9705792427063,6.03637916564941,5.45663185119629,9.23445037841797,8.4856254196167,8.1975217628479,7.86083127975464,6.856741771698,8.15113224029541,7.24348405838013,7.02520908355713,8.78313385664359
2007,7,3.17328938961029,2.95745590209961,3.12531282424927,3.6733198928833,4.18104130744934,5.37679304122925,4.12122320175171,4.09583106040955,4.62577060699463,4.84490021705627,5.26338274002075,5.10993099212646,5.31172557830811,3.94538715393586
2007,8,4.14392965316772,3.17316728591919,3.62094854354858,4.88469756126404,6.07336866378784,6.84697553634644,4.5796252155304,4.67704325675964,5.73094055175781,6.46450588226318,5.69553802490234,6.4302020072937,5.79320032119751,6.09657435022162
2007,9,3.84520540237427,4.24647498130798,4.82744302749634,6.0435817527771,7.12360368728638,5.58090703964233,5.26985286712647,5.89733255386353,6.2927424621582,6.96954164505005,5.56467067718506,6.02527009963989,5.04486358642578,3.39247964966227
2007,10,-0.00854544252157211,0.642006959617138,1.49874868869781,2.14209850311279,3.38668130874634,0.993835074901581,0.788134034872055,1.80650673389435,2.95049743175507,3.34712809562683,3.9342000579834,4.0670206451416,4.90703773498535,-0.0492464600670973
2007,11,0.986388324797153,-0.525300615429878,-1.39498260259628,-1.67576145410538,-4.60037839889526,1.74668863534927,0.918391008377075,0.0500518840551376,-0.557529143095016,-4.17286211013794,-0.474516269564629,-2.52078374862671,-1.73387047052383,0.367569641248714
2007,12,0.264664588868618,0.18433742582798,-0.659097831249237,-0.15662576764822,-0.671305623948574,0.330830737650394,0.77324055314064,0.563510959744453,-0.123054386973381,0.0682414689660072,-0.595617402195931,-0.541781113743782,-1.6343770813942,-0.572916724360906
2008,1,1.66160043239594,2.554477186203,2.35195016860962,2.09595311641693,2.49819932937622,0.807666482925415,2.01440518856049,2.5434902048111,1.97131172180176,1.94408836841583,0.442776042819023,1.33516448974609,0.194714029431343,1.20838926587055
2008,2,1.66831471800804,0.471952636539936,0.264054210186005,0.183116649389267,-3.58749920368195,2.60770307540894,2.10718427658081,1.38423975944519,0.567661594748497,-3.08417261362076,0.759445765018463,-2.37660990715027,-1.47543184518814,-0.313230595292424
2008,3,1.32832813739777,1.75706523418427,2.01501554489136,2.44485137462616,3.15595434188843,1.26448146820068,1.92321307182312,2.50503568649292,2.65189527511597,3.00714152336121,2.13404139995575,2.5842641544342,1.91930659770966,1.50000342497459
2008,4,5.06207651138306,4.68827443122864,3.622779712677,3.26460354804993,4.95696759223938,4.42165657997131,4.74284322738647,4.3191112613678,3.56821094512939,4.68363544464111,2.77287431716919,3.82078983306885,2.65372641563416,4.76762422584218
2008,5,-0.578160286545753,0.392968319654465,1.30488922119141,2.44204356193542,4.51663307189941,0.565586279928684,0.893731306195259,1.91320268392563,3.1371543598175,4.06909600257874,4.11157904624939,4.06543368339539,4.82939630508423,1.33747386094734
2008,6,7.4248916053772,6.4048098564148,5.64219003677368,6.43557342529297,5.93944940567017,9.85851184844971,8.52261491775513,8.11585178375244,8.81987421035767,7.73838731765747,9.87999752044678,9.19050220489502,9.71262882232666,7.73030344551132
2008,7,6.05542325973511,4.46218640327454,3.65586277008057,3.82201059341431,5.94750654220581,8.61637065887451,5.81004693984985,4.6106329536438,4.63248485565186,4.69047180175781,4.8733443069458,4.61356279373169,4.5533784866333,7.42675238389235
2008,8,3.20637245178223,4.23792953491211,4.12805955886841,3.8314105796814,4.57205633163452,3.8598547077179,5.57639015197754,6.39895011901855,6.48586948394775,5.29939570426941,7.37874624252319,6.73344318389893,7.40657999038696,0.436825299536335
2008,9,2.26991392612457,2.70548737049103,2.60965634822845,2.58121222019196,3.8113898563385,2.74845875740051,3.04120122909546,3.52182139396667,3.38655922889709,3.36556184768677,2.87285603523254,3.02935970306396,2.25050357341766,2.05296513173707
2008,10,0.525300615727901,0.320087884366512,1.28120612978935,2.30116582393646,2.30971127510071,1.56943172454834,1.58517974853516,1.99536103725433,2.26185678482056,2.38124883651733,1.29744246959686,1.69529388427734,0.766770436167717,-0.627833655115063
2008,11,-0.298968443870544,-1.2724165302515,-2.06006225585937,-1.40621376037598,-1.84190928459167,-0.369895622730255,-0.9002014285326,-1.52780319690704,-1.23664772987366,-1.39302936553955,-0.814869065284729,-1.06818043708801,-1.01373372793198,-1.52288397776305
2008,12,0.145028382837772,-0.710126350224018,-1.07001160264015,-0.108405056297779,-1.66391989797354,0.529573339223862,0.270280169844627,-0.131477752923965,0.404687784016132,-0.295916496217251,0.0206311416625977,0.500640906095505,-0.114997254312038,-0.317528597393332
2009,1,1.3111151766777,-0.0886284536123276,-0.719526335895062,-0.0920466333627701,-2.21046206116676,2.42141243934631,1.50216688156128,0.422755295336247,0.561313552856445,-1.11786606967449,0.781908068656921,0.0601843339204788,0.189464684724808,0.16061532947086
2009,2,2.07202588558197,2.27577366352081,1.83153267860413,1.4454007101059,1.15265823841095,2.72465358734131,3.0812427520752,2.80083010673523,2.1479582452774,1.31343464851379,2.54178112030029,1.5491668176651,1.67002379417419,1.31296801536217
2009,3,3.03802720546722,2.77470547676086,1.96789355278015,0.727339308261871,-1.17499847173691,3.32234635353088,3.22822438240051,2.29982299804688,1.16523225784302,-0.774217177033424,0.517609712183476,-0.109747907817364,-0.452298109531403,2.32731503398108
2009,4,3.57675636291504,3.70640293121338,3.69602634429932,4.52505647659302,5.17499845504761,4.66776529312134,4.42812671661377,4.7477262878418,5.33211254119873,5.64914848327637,4.52725386619568,5.21247632980347,4.0080571269989,3.61592166945779
2009,5,2.93609227657318,3.01715193748474,2.81621192932129,2.78068726539612,4.47207468032837,3.51144476890564,3.77879509925842,4.06897391319275,4.03259473800659,4.12110110282898,4.60123292922974,4.38393448829651,4.31630340576172,4.08471111785731
2009,6,7.50070192337036,7.66343162536621,5.83958980560303,5.60507843017578,6.6566562461853,10.0216077613831,9.99719219207764,8.6916925239563,8.05212713241577,7.19941400527954,8.81962999343872,8.20692174911499,7.99157665252686,5.41859128630373
2009,7,4.67142772674561,4.51199412345886,4.16871144294739,4.72086918830872,4.98968444824219,6.63089786529541,5.60874074935913,5.6414575958252,5.96374284744263,5.64963682174683,6.07678688049316,5.85082092285156,5.42953060150147,5.5186914212605
2009,8,4.697796459198,4.02209609031677,3.61472255706787,4.20802049636841,5.1399621295929,6.84905078887939,5.4197643661499,5.09467132568359,5.37874626159668,5.23908926010132,5.315143699646,5.4698162651062,4.89580661773682,5.00164875194166
2009,9,3.86827805519104,4.0272233581543,5.08051027297974,7.15595430374146,8.31496061325073,5.64573030471802,5.20466334342957,6.82500146865845,8.57999139785767,9.60666540145874,8.89177803039551,9.72068607330322,9.63779529571533,5.15794802699569
2009,10,1.08014406055212,-0.42971371948719,-1.62241345882416,-1.15754134178162,-2.31154246807098,1.68442897796631,1.26936458587646,-0.492217544019222,-0.980406514406204,-1.82921319961548,-0.349752790331841,-1.26802172422409,-0.646890064477921,-0.838219149930943
2009,11,0.572300550043583,-0.214856860637665,-1.10748945474625,-0.669474446773529,-1.16108160972595,0.742232801914215,0.793749616146088,0.0836232668161392,-0.196178966462612,-0.641396570205689,-0.243911369740963,-0.356589143276215,-0.634438138008118,-0.682786708620526
2009,12,-2.5227369594574,-2.2096075296402,-2.62357322692871,-3.32161387443542,-4.24586460113525,-3.53378500938416,-3.19013608932495,-3.17841661453247,-3.46188118934631,-4.14429586410522,-3.65964720726013,-3.46407858848572,-3.78111454963684,-1.98506388509062
2010,1,1.43477993488312,1.06378562569618,1.5937251958251,1.48275651752949,-2.57388756275177,3.12189462661743,2.69279129505157,2.26844899177551,1.55844473659992,0.373680032491684,0.299578823745251,0.662149785459042,-0.460721479058266,-0.0760096553162005
2010,2,2.80705607414246,3.09735699653625,3.2431178855896,2.59793688774109,-2.00073246359825,3.15509980201721,3.74571197509766,3.94640784263611,3.08295182228088,-0.361472260057926,3.0965024471283,0.971006526947021,1.31966060519218,1.28038986494555
2010,3,2.78288468837738,3.70249647140503,4.76457301139832,4.72062502861023,5.05267650604248,3.52963436126709,4.13721536636353,5.0680583190918,4.937679271698,4.88274431228638,3.68442899703979,4.85686382293701,3.83861319541931,2.88423161887558
2010,4,-2.78105351924896,-2.00622596263885,-1.90038452625275,-0.964536404013634,0.438747479319572,-3.47909419536591,-5.67161083221436,-5.00250257492065,-3.69920040130615,1.02923761039972,-5.28645548820496,-0.80498077660799,-2.81108465671539,0.42523151715479
2010,5,5.31636451721191,5.52169929504395,4.78959897994995,4.74418599128723,5.11945307731628,5.39022157669067,6.61014461517334,5.73045234680176,5.09662454605103,5.16865044593811,5.3944942855835,5.41488126754761,5.38338521957397,4.13448127628078
2010,6,5.00054934501648,5.55124210357666,4.7778794670105,6.02673500061035,7.24739054679871,7.46505525588989,7.82384174346924,8.11804914474487,8.21095035552979,7.43172800064087,8.73356517791748,8.23084899902344,8.34987487792969,4.49179350553885
2010,7,4.43752670764923,3.54379540920258,2.50882011413574,3.3905878162384,3.69199782848358,8.22022827148438,6.0636025428772,4.87444298744202,4.63089787483215,3.62119269371033,5.70432762145996,4.0023194694519,4.63578095436096,7.68903900533033
2010,8,2.53665383338928,1.40023194313049,0.960385774374008,1.29402428746223,3.77794053554535,4.3706280708313,2.33339434623718,2.22083867073059,2.61478361606598,2.74088994503021,3.52243176460266,3.04205576896667,3.3477384853363,6.63673229894694
2010,9,-2.99456754684448,-2.12952450752258,-0.906427387595177,0.614051152467728,1.67100041359663,-3.07867909431457,-2.01123114049435,-0.0610388743877411,2.11560762763023,2.3469450044632,2.9248611497879,3.3080632019043,4.19715554237366,-1.3881108448262
2010,10,-0.796069094836712,0.570591467320919,1.99804675579071,3.85753523349762,4.27955805063248,-0.970151996314526,1.09894402503967,3.67185499191284,5.46114873886108,5.61936151504517,5.43575653076172,5.81944696426392,6.00512723922729,-1.30350517887159
2010,11,0.545443434417248,-0.22144906938076,1.38204237103462,1.93139228463173,-1.31978270173073,0.550814856290817,0.310321666002274,1.1662088701129,1.20612828493118,0.704510777294636,-1.23554902493954,-0.580479769706726,-3.02252335309982,-2.25341826090975
2010,12,0.734419821500778,0.614173225164413,0.633461512625217,1.02997009515762,1.72312763720751,1.71568088531494,0.909601418972015,1.0985777926445,0.80009765714407,1.38289690285921,0.525666845440865,-0.5055240213871,-0.011719463467598,1.45603015123916
2011,1,2.20289325475693,1.17231275647879,1.62143686175346,2.09277909755707,-2.59171088606119,3.63987059593201,2.9076481628418,2.74516265392303,2.49685651302338,1.3951046743989,2.50601233482361,1.69053286552429,1.03094671010971,-0.348914865382324
2011,2,0.478422753512859,0.300677529871464,0.38784105181694,0.451687723994255,-2.63810045599937,1.14777512311935,0.783739237785339,0.476469511985779,0.83879631280899,-0.20020752966404,0.376121593415737,0.958676674365997,0.0736128920316696,-0.447028541529672
2011,3,3.64255630493164,4.0141609954834,3.01495451450348,2.18604650020599,2.69462244987488,3.93774031639099,4.71000423431397,4.55789534568787,3.06317523002624,2.27821521282196,2.99761947631836,2.48513703346252,2.6457913684845,3.15114128519092
2011,4,1.2145516705513,1.20026857733726,2.14881277084351,3.20368670940399,4.54739666938782,2.64432642936707,2.49124091863632,3.05072329044342,3.75767561912537,4.47707988739014,3.79136909484863,4.20753222465515,4.26295548439026,2.47974971205702
2011,5,2.05835316181183,3.31123722553253,5.04950249671936,7.01532073974609,6.80021983146667,2.83159374237061,5.46346822738647,7.64536403656006,8.53592128753662,7.91588844299316,8.97747657775879,8.74418605804443,8.92498310089111,2.69954386512203
2011,6,3.32576449394226,2.32619177818298,2.92425076007843,4.00415062904358,4.68473411083221,5.63437703132629,4.55081481933594,3.97631689071655,4.96258317947388,4.6842458152771,6.06604406356811,5.52267595291138,6.2107061958313,3.49044884097647
2011,7,5.40596956253052,3.91198191642761,3.47079288482666,4.27443077087402,6.10315567016602,7.23921127319336,5.72642370223999,5.12519074440002,5.5909174156189,5.60983944892883,6.0224623298645,5.6092290687561,5.45504487991333,7.26234471445253
2011,8,7.59848621368408,6.8823780632019,7.26863201141357,9.30110469818115,8.78117559432983,9.91063907623291,8.73954711914062,8.50967456817627,9.49545249938965,10.3192332077026,8.79326126098633,9.25373859405518,7.83617162704468,6.39140296687741
2011,9,1.88329364299774,2.08398947238922,2.38100469112396,3.19221143722534,4.77018862724304,1.64475370407104,2.20228282928467,2.69657570838928,3.15216994285583,4.34706705093384,3.34444241523743,3.76402367591858,3.82677164077759,1.09447409574097
2011,10,0.0380882596969604,-0.473051334321499,-0.022462306022644,0.195690656900406,-1.27729963541031,-1.14093877673149,-1.17402184963226,-1.61044985532761,-1.08344015657902,-1.23274124264717,-1.2223646491766,-1.16572056293488,0.29774766176939,-0.291830867793433
2011,11,-0.715986082553864,-0.978697432875633,-1.83800282001495,-2.04455840110779,-2.47549290657043,0.228407497704029,-0.623695289492607,-1.94567538976669,-1.70676921367645,-1.48080326557159,-1.34078005075455,-0.6865653398633,-0.551303179860115,-0.0595580560744867
2011,12,-4.58572907447815,-4.53250318527222,-3.62949398040771,-3.88683391571045,-3.41134100914001,-6.4966123008728,-6.63016540527344,-5.34151249885559,-3.51425256729126,-3.02203503131866,-1.27559054285288,-1.80565218478441,1.011414283216,-1.8888463829396
