"Year","Month","CCMPv.1","CCMPv.2","CCMPv.3","CCMPv.4","CCMPv.5","CCMPv.6","CCMPv.7","CCMPv.8","CCMPv.9","CCMPv.10","CCMPv.11","CCMPv.12","CCMPv.13","CCMPv.14"
1987,1,NA,NA,NA,NA,NA,NA,NA,NA,NA,NA,NA,NA,NA,NA
1987,2,NA,NA,NA,NA,NA,NA,NA,NA,NA,NA,NA,NA,NA,NA
1987,3,NA,NA,NA,NA,NA,NA,NA,NA,NA,NA,NA,NA,NA,NA
1987,4,NA,NA,NA,NA,NA,NA,NA,NA,NA,NA,NA,NA,NA,NA
1987,5,NA,NA,NA,NA,NA,NA,NA,NA,NA,NA,NA,NA,NA,NA
1987,6,NA,NA,NA,NA,NA,NA,NA,NA,NA,NA,NA,NA,NA,NA
1987,7,0.548617472052574,0.443264359235764,0.240615271925926,0.415186469554901,0.65531343460083,-0.00146493226289749,0.173838737010956,0.110236220955849,0.232924367487431,0.791063895225525,-0.606848562061787,0.719160099625587,-0.00219740241765976,0.621513064487799
1987,8,-2.50479154586792,-1.75828601121902,-1.19404260396957,-1.89977415084839,-1.51352010726929,-2.69657569885254,-2.65409265518188,-2.40627478122711,-2.73258867263794,-2.10181286334991,-2.65751081466675,-2.61087711334229,-2.23097112178802,-0.861135816697538
1987,9,1.84532745361328,1.46127081871033,0.821461269855499,1.16303484678268,2.27797105789185,1.55881094932556,1.41988646030426,0.963559789657593,1.15082708120346,2.2245010137558,0.819630105495453,1.9206494474411,1.26777758359909,0.798561934624198
1987,10,0.318134647607803,0.68058352470398,1.04266616821289,0.891778061389923,-0.199352984726429,0.0864310571551323,0.682780927419662,1.32576450586319,1.23603736162186,0.279802232980728,1.14875175952911,0.722578277587891,0.893120920658112,0.173545458921667
1987,11,-1.24409447669983,-0.627235541045666,-0.040041506588459,-0.189098454117775,-0.866263808012009,-1.75669901371002,-1.23567113161087,-0.818043090105057,-0.548495392799377,-0.491851305961609,-0.686687415838242,-0.198010129928589,-0.0844778117537499,-1.29960447025193
1987,12,-0.56021485209465,-0.156869924366474,-0.022096075117588,-0.383080018460751,-2.63761215686798,-1.10834401130676,-0.614539457559586,-0.151376427412033,-0.190319233238697,-1.15607641339302,-1.14179332256317,-0.429591648280621,-1.51046816587448,-0.496870942546066
1988,1,0.211316611468792,0.669474451541901,0.778001582622528,0.186534824371338,-2.29652688026428,-0.736250984668732,0.169443936645985,0.714399070739746,0.48550326615572,-1.04229993522167,-0.30873466283083,-0.106451808214188,-0.661539397239685,-0.662470516809345
1988,2,-3.43111760139465,-2.48599153995514,-1.67832506656647,-1.83458462715149,-1.24616980314255,-4.50552397727966,-3.60690961837769,-2.83293657302856,-2.84966122627258,-2.2777269077301,-3.73863147735596,-3.16254654884338,-3.68357440948486,-2.6818461999209
1988,3,-1.62497709751129,-1.59555636644363,-1.68406275749207,-1.80272232532501,-0.875663797855377,-2.20240490436554,-2.15137641429901,-2.4291033411026,-2.48867727279663,-1.63132515907288,-2.5978147983551,-2.28138924598694,-2.47793444633484,-1.27719344414727
1988,4,-2.01098699092865,-1.91185982704163,-1.67368612766266,-1.54172006845474,-1.45480070829391,-2.70707439422607,-2.56106938362122,-2.69865102767944,-2.54336810588837,-1.52108891963959,-2.87505337715149,-2.06653235435486,-2.35439172744751,-1.70614508504169
1988,5,1.0884453368187,0.75859121799469,0.582310936450958,0.649209549427032,1.20380882740021,1.42830982685089,0.957577974796295,0.667154977321625,0.601599218845367,0.770921080112457,0.596105716228485,0.533357750177383,0.601110907793045,1.31612831213065
1988,6,1.60495635509491,1.7955197429657,2.08789597988129,2.05176096439362,2.44802538394928,1.17353354930878,1.40621376514435,1.37227613449097,1.16608679294586,1.80040285110474,1.06085575580597,1.12775437355041,0.670573151111603,2.06215707331719
1988,7,0.303729477226734,-0.000122078061103821,-0.0616492700576782,-0.211316610872746,-1.42953060388565,0.656534203290939,0.110846607983112,-0.26857107758522,-0.106818042099476,-0.226454253792763,0.224745161533356,0.510162974298,0.58743819475174,1.03265868964985
1988,8,-0.352804734110832,-0.836232680082321,-1.42147348642349,-1.76121589183807,-0.917414395809174,-0.559238229990005,-0.930965027809143,-1.65329914093018,-1.87255080699921,-1.37801379919052,-1.49117988586426,-1.61984983444214,-1.35140082359314,-0.0762986031597888
1988,9,-2.56412134170532,-3.24092046737671,-3.72630164146423,-4.18226208686829,-3.24775680541992,-2.80498075485229,-3.53195385932922,-4.51162787437439,-4.76432884216309,-4.11634006500244,-3.94128058433533,-4.43838119506836,-3.50546297073364,-1.23007793349804
1988,10,-0.0706830251216888,0.253189279139042,0.303241164982319,0.472318866252899,0.0345480081439018,-0.772019777297974,-0.00561557650566101,0.481596779823303,0.761765241622925,0.620399186611176,0.38478911280632,1.04486357450485,0.802539216279983,-0.549693050954116
1988,11,-1.41427088975906,-0.652871878147125,-0.185924432277679,-0.276384056508541,-0.87200147151947,-1.95397667407989,-1.00433375358582,-0.370017699599266,-0.330464506149292,-0.604407008886337,-0.530672035217285,-0.532136970758438,-0.594030401706696,-2.80296683875767
1988,12,0.1621192663908,1.06573887586594,1.52047852993011,1.16376731395721,-0.499175968170166,-0.768357446789741,0.397973509430885,1.34847097158432,1.25764511108398,0.261124333441257,0.321308675408363,0.72282243013382,0.258316548168659,-1.2521277781598
1989,1,-0.0772752243280411,0.164804979860783,0.174327050447464,-0.313861927390099,-2.89055725574493,-0.130012817084789,0.353048892021179,0.70988219499588,0.494781174659729,-1.38814623236656,0.483916248679161,-0.169810163378716,0.0303973633050919,-1.213915270902
1989,2,-3.10993099212646,-2.55337851047516,-2.33217357635498,-2.2424464225769,-2.07422327518463,-4.11292192459106,-3.37215404510498,-3.0183726978302,-2.55838370323181,-1.92235851764679,-2.86589756965637,-1.83104437828064,-2.14942317008972,-2.86581162023826
1989,3,-2.10144660949707,-1.29170480728149,-0.771897691488266,-0.457547455430031,0.109259597361088,-3.34419825553894,-2.32350606441498,-1.71104192256928,-1.22700359344482,0.0330830743908882,-2.32216321468353,-0.340719032585621,-1.25202953219414,-1.97291029275522
1989,4,-2.33253981113434,-2.02795578479767,-1.9803454875946,-2.28615029335022,-1.53927851200104,-3.23933343887329,-2.91094425201416,-2.94537017822266,-3.03265577316284,-2.44521759033203,-3.35420861244202,-2.93242994308472,-2.86077031135559,-1.81538302036961
1989,5,-0.0551791507005692,-0.798998955488205,-1.06940119981766,-1.25886590003967,-0.752975642681122,0.49905389636755,-0.71037051230669,-1.66294328689575,-1.7801379442215,-0.958920841217041,-1.49679545402527,-1.21467374563217,-1.17719587087631,1.024225207211
1989,6,0.449246166348457,-0.554355119764805,-0.759201604127884,-1.14924005568027,-1.5269486451149,0.455350056290627,-0.239272420108318,-1.87279496192932,-2.38112675189972,-2.35646705627441,-2.75932368278503,-2.87737286567688,-2.97820909500122,-0.0184561353198875
1989,7,-1.66367575645447,-2.64212903022766,-3.11762192249298,-3.41060853004456,-1.10382713794708,-0.903741682767868,-2.41811634063721,-3.92736369132996,-4.66251600265503,-2.93389489650726,-3.48226819992065,-4.37624363899231,-3.42269422531128,0.445872777312465
1989,8,-2.04687785148621,-2.31972165107727,-2.12024659633636,-2.33449306488037,-1.40181895971298,-2.30543856143951,-2.81084049224854,-3.31843983650208,-3.43026306152344,-2.41518647670746,-3.35750471115112,-3.14276993751526,-2.95281694412231,-0.84746527742352
1989,9,-1.28669962644577,-1.11237257242203,-0.71500946521759,-0.672526396512985,0.116950497031212,-1.63401087760925,-1.70444972038269,-1.69590427398682,-1.57455898761749,-0.569614846110344,-2.00366231441498,-1.19855948448181,-1.7327717590332,-0.107594573991539
1989,10,1.39315143108368,0.586339492201805,-0.570103156864643,-0.310809989273548,-0.277604833245277,1.11566868066788,0.796313248872757,-0.203991940021515,0.0909479355812073,0.649209543764591,-0.064823292195797,1.26460354804993,0.861014464497566,-0.557530589401722
1989,11,-0.375389120578766,-0.499908440113068,-0.97515716791153,-1.37227614879608,-2.84319109916687,-0.522859058380127,-0.334737228155136,-0.406396872997284,-0.686931570768356,-1.81029114723206,-0.697308186292648,-1.02374411821365,-1.1568088889122,-1.08082161067858
1989,12,-3.02362200737,-2.54825120449066,-2.26893731594086,-2.6525056219101,-2.47903312683105,-3.79893793106079,-3.33833849906921,-3.18244522094727,-3.38692545890808,-3.18598544120789,-3.62839529037476,-3.72227307319641,-3.77977169036865,-2.56585426037834
1990,1,-1.22126595020294,-0.609778426289558,-0.510040893256664,-0.662638105750084,-2.20509062767029,-2.23243605613709,-1.02642982840538,-0.195324420630932,-0.260025634467602,-1.26484771251678,-1.42830981731415,-0.926814370155335,-2.53897330760956,-2.2686599187068
1990,2,-3.33833852767944,-3.47714094161987,-2.60037844181061,-2.50393698692322,-1.30073856592178,-3.58957453727722,-3.96594026565552,-3.93407797813416,-3.71800035476685,-2.63199659347534,-3.93249097824097,-3.69297442436218,-3.94433250427246,-1.77877775469475
1990,3,0.235610087513924,1.51144477844238,1.82823657512665,1.68540558815002,1.55356160640717,-2.09351155757904,0.284441184401512,1.50680583715439,1.40511505126953,1.29597751617432,0.512848682403564,0.898248178958893,0.295428185462952,-1.31547819236679
1990,4,0.571201848983765,0.167368612885475,-0.440334496498108,-0.362448881566524,-0.0574986267089844,0.160410182476044,0.176646521389484,-0.399804674685001,-0.200695843696594,0.215955561995506,0.35536837041378,0.513581140637398,0.868339130878448,0.37813406631615
1990,5,-0.053592137992382,-0.902887136936188,-1.40450466156006,-1.42537997245789,-0.570469383597374,0.567661603093147,-0.225965937972069,-1.55966548204422,-1.70591464996338,-0.939632549285889,-1.52487333774567,-1.07294145822525,-1.01202465415001,0.518252610322639
1990,6,0.118415430188179,-0.372337177693844,-0.443020203411579,-0.380760544538498,0.215955563485622,0.457059142291546,-0.419825425446033,-1.0275285410881,-1.03900384426117,-0.12622840821743,-0.800708045959473,-0.714276993274689,-0.627845931053162,1.80360865116825
1990,7,-1.12055178642273,-1.70432765007019,-1.52230971097946,-2.00817920207977,-1.8411768245697,-0.582066780328751,-1.69920037746429,-2.50369285583496,-2.90838064193726,-2.75846913814545,-2.49563570976257,-3.21674907684326,-2.71244582176208,0.27803391187325
1990,8,-0.562412256896496,-1.54025515079498,-2.35732161045074,-2.45229810714722,-1.44747603416443,-0.505890249609947,-1.57577977657318,-2.85771836280823,-2.88640662193298,-1.8195690536499,-2.59061220169067,-2.0651895236969,-2.00024413108826,0.326720543999291
1990,9,-0.687908191680908,-0.791185981035233,-0.756637967824936,-1.01483243107796,-0.0948544177412987,-0.826710603237152,-1.10272843360901,-1.37691509008408,-1.5196239900589,-1.0338765668869,-1.30586584091187,-1.5359824180603,-1.22529451370239,0.0873325525303564
1990,10,0.687541964352131,1.44381370782852,1.90465724468231,2.63993162631989,2.33778916358948,-0.295550265312195,1.04864799320698,2.12659464359283,2.89397547721863,3.45406821250916,1.89830921411514,3.63889394760132,2.83659890174866,-0.501150890170822
1990,11,-1.41475919485092,-0.284807423055172,0.451199412047863,0.389305983483791,-0.766404195725918,-2.73185617446899,-1.50387596845627,-0.313373615443707,0.0755661341547966,0.0158701112866402,-1.37422938466072,0.294573640227318,-1.0057986843586,-1.82231760902341
1990,12,-2.36647744655609,-0.544344747066498,0.450466946065426,0.530183721184731,-0.251358114182949,-4.44216567993164,-2.03454800605774,-0.0242934733629227,0.317890492081642,0.174571201205254,-1.51132269620895,0.154550448954105,-1.17573093175888,-2.54228748447267
1991,1,-0.90862478017807,-0.664957575798035,-0.43825916826725,-0.490996762514114,-0.753219796419144,-1.15009460449219,-1.00384544610977,-0.920588414669037,-0.84038332939148,-0.58853688955307,-1.41134101867676,-0.67008484005928,-1.35066838026047,-1.65175186150525
1991,2,-3.19733868598938,-2.39382287025452,-1.87316119670868,-1.58102910995483,-0.495269481539726,-4.27845935821533,-3.40255140304565,-2.73930293083191,-2.2961606502533,-1.06244277000427,-2.97088443756104,-1.68357440948486,-2.32741253852844,-2.51677033291942
1991,3,0.0401635840535164,0.371604713499546,0.663248484134674,0.728804247379303,0.968809127807617,0.184459500312805,0.314716472923756,0.606848558187485,0.682780921459198,0.680461450815201,0.729414632320404,0.470853933095932,0.724165292978287,0.215622557867208
1991,4,-0.44900201767683,-0.381615084707737,-0.558627845048904,0.179088082313538,1.25422693490982,-1.12775437116623,-0.8254898250103,-0.860648226737976,0.0269791892170906,1.71873283147812,-0.413233225643635,1.79417690753937,1.03705059945583,-0.202999427253325
1991,5,-1.55221874952316,-1.18171274185181,-0.811206732988358,-0.714521151781082,1.36800340771675,-2.21082828998566,-1.89354817390442,-1.73582370281219,-1.78087041378021,-0.33717877715826,-2.21388022899628,-1.73777695655823,-2.39846181869507,-1.11925082971182
1991,6,2.60794726371765,1.70261856555939,0.921687107086182,0.381737163364887,1.15204785108566,2.55362263679504,1.78550938129425,0.637001771628857,-0.113654398024082,0.0474882510304451,-0.149789411425591,-0.851248243451118,-1.87841054677963,2.69138126119354
1991,7,0.975767549276352,-0.0730025056004524,-0.539461632370949,-1.43294878363609,-1.84728071212769,1.9128364610672,0.211316609382629,-1.19343220472336,-1.99584936141968,-2.38234755992889,-1.41353841543198,-2.59183297157288,-2.01464932441711,1.68216294720328
1991,8,-0.98541169911623,-2.21034000873566,-2.27357626438141,-2.81377036094666,-2.23939449310303,-1.59909662306309,-2.7346639585495,-3.48263443946838,-3.94604156494141,-3.38802414894104,-4.0031739616394,-4.21009580612183,-4.17335041046143,0.254033713430695
1991,9,-3.52658239364624,-2.94390526294708,-1.98266495227814,-1.60129402160645,0.645547209978104,-5.15216993331909,-4.45351887702942,-3.73631200790405,-3.0390038394928,-1.16352314680815,-3.40877738952637,-2.27845935821533,-2.3349813747406,-2.81295337505947
1991,10,-1.55429408073425,-0.810718421936035,-0.115119329690933,0.34755539059639,1.710065305233,-1.97192210674286,-1.12335956811905,-0.501739605665207,-0.258316548168659,0.839772936105728,-0.58023561000824,-0.195568575561047,-1.17866080284119,-2.42811947743568
1991,11,-1.81602880001068,-1.4972837638855,-1.09601415395737,-0.954526031017303,-1.28645547151566,-2.54104865074158,-2.03735580921173,-1.64670694828033,-1.24031007289886,-0.808398948907852,-1.87340534210205,-0.643960203528404,-1.45101629495621,-1.27415956301097
1991,12,-5.31636448860168,-2.88359884738922,-1.56125251531601,-0.65116278976202,1.73448084115982,-7.20393091201782,-4.62247452735901,-2.39406701564789,-1.34590733766556,0.642251114249229,-1.69724714279175,-0.376487821340561,-0.701702990531921,-4.7642833537604
1992,1,-2.77153144836426,-2.19312701702118,-1.47543183803558,-1.58615638017654,-0.449612399637699,-3.3615332698822,-3.19465298652649,-2.86894950866699,-3.01812854766846,-1.72398216724396,-3.44198253631592,-2.99529998779297,-3.26399313926697,-2.02584074618372
1992,2,-3.42391499519348,-2.55704082012176,-1.81627296209335,-2.04992978572845,-2.03479215145111,-4.43313186645508,-3.56930962562561,-3.02899347305298,-2.7953366279602,-2.50711100578308,-2.8720014667511,-2.59732647895813,-2.48477081298828,-2.73316942247942
1992,3,-3.43575654029846,-2.89104556560516,-1.91344686031342,-1.30122687220573,0.265519134104252,-4.13648289680481,-3.66599521636963,-3.03692851066589,-2.13367513656616,-0.676188728809357,-2.38906180858612,-1.5052188205719,-1.7984495973587,-2.92031318390158
1992,4,-0.558505762815475,-0.33791124522686,0.14856863796711,0.489653908014297,1.55820057868958,-0.535188918113709,-0.559970697164536,-0.456937063932419,-0.0902154675126076,0.995788314342499,-0.359030700325966,0.468168223798275,0.0104986903071404,-0.0935628532746134
1992,5,0.579136908352375,1.5651590013504,1.60092776298523,1.99963376522064,1.86229627609253,-0.823658663332462,0.904107920229435,2.2110724401474,2.59415246963501,2.5388512468338,1.50241104125977,2.84599889755249,1.89159495353699,-0.519625083096987
1992,6,-0.731001646518707,-0.650430320501328,-0.730635411739349,-0.312152838110924,0.0469999378919601,-0.963559787273407,-0.695599100589752,-0.313984006047249,0.0806934013962746,0.522126592993736,-0.0771531477570534,0.914362444877625,0.834035266637802,-0.049264517849719
1992,7,-0.780687301158905,-1.13776473999023,-0.900689735412598,-0.960507837533951,-1.72630164861679,-0.611243367195129,-1.28804248332977,-1.61337970256805,-1.62595372676849,-1.29158273935318,-1.41671244621277,-1.46188121795654,-1.07147652626038,0.589855913712075
1992,8,-2.12244400501251,-2.91460659980774,-3.10871022701263,-3.39083196640015,-2.22718671798706,-1.80894829273224,-3.13471281051636,-3.95214549064636,-3.87706765174866,-3.19599585533142,-3.08429467201233,-3.33980347633362,-2.60965633392334,-0.226277273126255
1992,9,4.70426656723022,3.73692238807678,1.71104192733765,1.05939083814621,0.730391252040863,4.78288469314575,3.88939750671387,2.31483853340149,1.36543977737427,0.904352080821991,1.23786852359772,0.99713118314743,0.777391189336777,3.82554868833553
1992,10,-1.35603979110718,-0.876640422642231,-0.997497404813766,-1.49740583658218,-0.64786669254303,-2.71879385471344,-2.08606480121613,-2.38979427337646,-2.81206124305725,-1.58786545753479,-3.22138799667358,-2.5981810092926,-3.21858022689819,-2.75209508814226
1992,11,0.57742781996727,0.959287061691284,0.481230545639992,-0.777757424712181,-3.91063904762268,-0.713910752534866,0.500030518472195,0.813892447948456,-0.334370988607407,-2.72074708461761,-0.943783184587956,-2.15479459762573,-2.49221754074097,-0.990689939692528
1992,12,-1.17280107021332,-0.951596159934998,-0.98345846414566,-2.00402856826782,-5.28669960975647,-1.83934565067291,-1.41720074176788,-1.3603125,-1.92650916576385,-3.72154062271118,-2.23109320163727,-2.79484831809998,-2.76005614280701,-1.84799728696868
1993,1,0.942318257987499,1.49569674968719,1.17988158583641,0.372581327855587,-3.80919247627258,0.386986509263515,1.86681315898895,2.30433985233307,2.11072451114655,-1.68650432020426,2.30348530769348,0.445339688062668,0.943539032042026,-1.17389688314594
1993,2,-1.58810960292816,-1.29146064281464,-0.96441433429718,-1.00262466430664,0.187145206928253,-2.32204112052917,-2.01696879386902,-2.04370384693146,-2.07458950519562,-0.911798812150955,-2.42385397911072,-1.90783127784729,-2.3635475730896,-1.72709334430081
1993,3,0.0219739976525307,-0.662149783670902,-1.1524140894413,-1.53891228675842,-0.497466889023781,-0.226454251110554,-0.83720929980278,-1.95666239738464,-2.3979734992981,-1.57333821296692,-1.96288833141327,-2.38893973350525,-2.21571137428284,-0.102429745818031
1993,4,1.35701640844345,1.74351460456848,1.58945248126984,1.65244460582733,2.32680217266083,0.383812486231327,1.13910760164261,1.45895134687424,1.24482695102692,1.94494292736053,-0.57449795037508,0.954159798026085,-1.08868948400021,-0.185355940029113
1993,5,-0.141243972480297,-0.501983760595322,-1.01019348859787,-1.39302936077118,-0.59964597761631,0.197643897235394,-0.282610022425652,-0.894707925319672,-1.61972776889801,-1.50558505535126,-1.55234083652496,-1.87084172725678,-1.95312212467194,0.82360954679681
1993,6,1.1648660159111,1.01739608764648,0.769334062337875,0.552401881217957,0.307025577425957,0.829518396854401,0.807666484117508,0.872001469135284,0.682536780834198,0.282487944364548,0.129036195576191,0.430690350532532,0.121833606958389,2.18508360865553
1993,7,0.477446132004261,-0.262955504953861,-0.177134833931923,-0.507477260529995,-0.36318134367466,0.177867299318314,-0.476347431838512,-1.29292559623718,-1.34651772975922,-0.665201728343964,-1.15754135370255,-0.907526087760925,-0.703534150123596,0.62261464909689
1993,8,-1.23176462650299,-1.54562655210495,-1.96630652427673,-2.80876515865326,-2.50820970535278,-1.82933527946472,-1.96191174983978,-2.56229014873505,-3.41024230003357,-3.41390463829041,-3.18891531944275,-4.16810106277466,-4.20179454803467,-0.371849587198193
1993,9,-2.09644141197205,-1.64841603279114,-1.15424524784088,-0.938045529127121,-0.0214856871962547,-3.17768417358398,-2.38332415580749,-1.95470913410187,-1.67747055053711,-0.677287429571152,-2.0789843082428,-1.23615941047668,-1.54819018363953,-1.71457856959669
1993,10,-0.504181157052517,0.428737106919289,1.01641945123672,1.46175913333893,2.77433924198151,-0.904352073669434,0.23182567179203,1.28828662872314,1.47225783348083,2.25074772834778,0.739058782458305,1.40365012645721,0.784593784511089,-2.24534595753314
1993,11,0.155771224498749,0.032106451690197,-0.695721170902252,-1.34432032585144,-2.42971372127533,-0.711713358163834,-0.19349325299263,-0.451565643846989,-1.09125310897827,-2.05591160774231,-1.31111517906189,-1.84398461341858,-2.04443629741669,-1.19739143669429
1993,12,-1.19807115793228,-0.849295001029968,-0.444607216119766,-0.692058840990067,-1.65476407527924,-1.49630713939667,-1.25239577293396,-0.991515593528748,-0.964292249679565,-1.16852835178375,-1.50753828525543,-0.991515593528748,-1.53842397212982,-1.57364737577516
1994,1,-5.07892330169678,-3.95580783843994,-2.39284622192383,-2.05871938705444,-0.719160106182098,-5.75853017807007,-5.93627540588379,-4.72843800544739,-3.5793200302124,-1.94811694145203,-4.47500457763672,-2.85039371490479,-3.01117010116577,-2.58477993521112
1994,2,0.157968626320362,0.8074223279953,0.8253677546978,0.641274493932724,-1.20454128742218,-1.0443752682209,0.300921691954136,1.22749191761017,1.33772812843323,0.208997130095959,0.459989010691643,1.14228163003922,0.489409750401974,-0.612266931264005
1994,3,1.15802967071533,1.7004211473465,2.11804918766022,2.93401695251465,3.37264239311218,1.30647623062134,2.11206736564636,2.7192821598053,3.26948664665222,3.68430689811707,3.14679851531982,3.09760117530823,2.19581272602081,0.312977767378621
1994,4,-1.12567904472351,-0.723066589832306,-0.499786359965801,-0.899102727174759,-0.66031861782074,-1.99511685848236,-1.48336689949036,-1.29524507284164,-1.66843677997589,-1.39009949207306,-2.31569307804108,-2.19471400260925,-2.86028198242188,-1.06772895465941
1994,5,4.23463347434998,3.49276691436768,2.62198621273041,2.09229078769684,0.681804305911064,4.12744917869568,3.9830311870575,3.56918755531311,2.4791552066803,1.19843740701675,2.2694256067276,0.724409452080727,0.135506316423416,2.29300323922253
1994,6,0.359763167202473,-0.510162971317768,-1.24287371397018,-1.5336629486084,-2.034303855896,1.03351034879684,-0.00183116406202316,-1.02935969948769,-1.09808948755264,-1.49215650081635,-0.173594579696655,-0.649209544360638,0.422022827863693,1.86737442210581
1994,7,-0.877006644010544,-1.18867117404938,-0.667399121522903,-0.664103029966354,-0.35488005399704,-0.103521941304207,-0.986022094488144,-1.40499297142029,-1.25911004066467,-0.781908069849014,-0.598791421055794,-0.913385826349258,-0.236098396480083,0.342774854476988
1994,8,0.754684724807739,1.29707621335983,2.12574008464813,1.9210156917572,0.860770308077335,0.874809250831604,1.1922114276886,2.28053469181061,2.37783068180084,0.583287551999092,2.13745955467224,0.88970272898674,1.54330708265305,0.955258495488463
1994,9,-0.46780199021101,-0.25587499588728,-0.514069465398789,-0.908624790906906,-0.504425314366817,-2.28212171077728,-1.72691204547882,-1.5032655787468,-1.30598789691925,-1.04681681632996,-1.1433803153038,-1.28438014507294,-1.25520355701447,-0.770408203042823
1994,10,0.125251784026623,1.34175668716431,2.27211133003235,3.24031004905701,3.44527862548828,-0.202038696408272,1.07452847242355,2.54983823776245,3.57761094093323,4.38332417488098,3.02520904541016,4.65690044403076,3.86803393363953,-0.991755409265411
1994,11,-0.47402795702219,0.275041199922562,0.497833117246628,0.241713968813419,-1.28962948083878,-1.4383201956749,-0.287981444001198,0.494781172573566,0.426051392257214,-0.302020382881165,-0.309711282849312,0.248428250551224,-0.149301104843616,-1.24219541428004
1994,12,-2.7364951133728,-1.8557040643692,-1.57199534416199,-2.04309346199036,-3.73484704971313,-2.97918574333191,-2.16578157901764,-1.6430446100235,-1.66196666240692,-2.15918940067291,-1.95373251914978,-1.60300311088562,-1.76878469467163,-2.87659272921861
1995,1,-1.96960263252258,-1.19428676366806,-0.834035281538963,-0.871391078233719,-1.38582676887512,-2.61600439071655,-2.12415307998657,-1.65207837104797,-1.3024476647377,-0.578404445648193,-1.12946346998215,-0.289568456411362,-0.532503201961517,-1.28934704798919
1995,2,-5.60935111999512,-3.96117923736572,-2.99981688499451,-3.09760116100311,-1.25422693967819,-6.66935235977173,-5.51413047790527,-4.81987422943115,-4.92888969421387,-3.08112066268921,-5.94604156494141,-4.50698892593384,-5.7977170753479,-3.98107143090321
1995,3,-2.35133981704712,-1.68894585609436,-1.27913080453873,-1.83824695110321,-1.13629982352257,-3.64231212615967,-2.83940670967102,-2.44717082977295,-2.99871817588806,-2.4310565662384,-3.63620826721191,-3.64414330482483,-4.03869862556458,-2.07629714729871
1995,4,0.0957089680433273,0.172617959082127,0.107428430318832,-0.954037720263004,-2.03772202730179,0.352560577690601,-0.0322285312414169,-0.683025081753731,-1.63303422927856,-2.5892693567276,-1.25593601942062,-2.31019958496094,-1.51217725276947,-0.717044327474205
1995,5,-1.06744795084,-1.01202465772629,-0.983458452224731,-0.856985895633698,0.551181102693081,-0.991393520832062,-1.10236220598221,-1.26423732280731,-1.13849721908569,-0.429225408732891,-0.680705608725548,-0.70060427069664,-0.0889946866035461,-0.0526956963909448
1995,6,-0.393822863698006,-0.638100470304489,-0.368186541199684,-0.0441921529173851,1.6266861987114,-0.39003845334053,-0.763230180740356,-1.05633889198303,-0.874443012475967,0.486113658547401,-0.852713174819946,-0.380760541558266,-0.552768108844757,0.424166048419546
1995,7,-2.35158394813538,-3.1122504901886,-3.01104803085327,-3.08868946075439,-1.20930230975151,-1.69004454612732,-2.80949764251709,-3.79063662528992,-3.75437950134277,-2.39980466365814,-2.80351582050323,-2.82109499931335,-2.06982845783234,0.466225088832999
1995,8,0.195568578541279,-0.181285475492477,-0.0835011890530586,0.031862296462059,0.365622899532318,0.29323078751564,-0.1035219424963,-0.313007383942604,-0.225233472883701,0.201550387442112,-0.179088082015514,0.0489531835913658,0.289446376562119,0.854977754975212
1995,9,-2.0997375202179,-1.46383444309235,-0.868461209535599,-0.62100958108902,0.0111090767383575,-2.55276809692383,-2.07910638809204,-1.59641090393066,-1.22175425052643,-0.0950985789299011,-1.35347615003586,-0.461087711751461,-0.633827741146088,-1.25140542246005
1995,10,0.454495512843132,0.789721044301987,0.75737044095993,1.1771958732605,1.78355610847473,-0.327656712830067,0.215345172286034,0.348898243308067,0.785814557373524,1.99389610290527,-0.313373619914055,1.66477446079254,-0.104864798784256,-0.736547874363922
1995,11,-4.96587924003601,-3.354574842453,-2.23390098571777,-2.09399985551834,-2.98492336273193,-5.73899770736694,-5.17133615493774,-4.72440945625305,-3.78978207588196,-1.7538912153244,-4.44668251037598,-2.42788254261017,-3.67563937187195,-3.82211750745773
1995,12,-3.00360129356384,-2.3995605134964,-1.80833788871765,-1.46249159812927,-2.81450283050537,-2.87248976707459,-2.81657814979553,-2.38710859775543,-1.42733321666718,-1.60312517166138,-2.25746199607849,-1.09467130661011,-1.87877676486969,-1.34359580591409
1996,1,-2.63114201545715,-1.72007567882538,-1.40096441030502,-1.43453578710556,-2.41909295082092,-3.16926080703735,-2.6051394367218,-1.86974300384521,-1.53134346008301,-1.025819439888,-1.70237441539764,-0.945614341497421,-1.78111456394196,-2.03124034232818
1996,2,-1.55221876144409,-0.835133979320526,-0.543612280786037,-1.02191296100616,-2.61942255496979,-2.58255504608154,-1.5710187292099,-0.92974424123764,-0.663614723682404,-1.74644449234009,-0.611365435123444,-0.919611794948578,-0.867362511157989,-2.17527766750585
1996,3,-2.94268447875977,-1.81663918495178,-0.882255990505219,-0.440578646659851,1.4892266356945,-4.14527250289917,-3.03802721977234,-2.15674782752991,-1.56418237686157,0.0284441184997559,-2.37917352676392,-1.27961910963058,-1.96703899860382,-2.9063898246052
1996,4,-1.41597997426987,-1.28181651353836,-1.016419454813,-1.03973631381989,-0.163340047597885,-2.25404382705688,-1.97094548225403,-2.00830128192902,-1.96020264148712,-0.919978017807007,-2.26490872383118,-1.59226026535034,-1.89745467185974,-1.18319718482403
1996,5,1.07172069072723,0.978575346469879,0.932307875156403,0.952939014434814,1.01092595100403,1.22151009559631,1.19697246551514,1.03033631563187,1.05108954191208,0.992125978469849,1.54648109436035,1.05426357030869,1.41915400505066,0.84069321194344
1996,6,-0.411157903373241,-1.08966611385345,-1.22981138944626,-1.24446071624756,-0.232558137774467,-0.0902154669165611,-1.05389732122421,-1.85838978767395,-1.83031188964844,-0.681682232618332,-1.70640297889709,-1.2206555557251,-1.43783189296722,1.10184210781339
1996,7,-1.68955623626709,-1.74119513988495,-1.36995664834976,-1.29524506807327,-0.827443078756332,-1.51290970802307,-1.75596654415131,-1.8187144947052,-1.59946284294128,-1.06109992265701,-1.02874931335449,-0.988097407817841,-0.47854483127594,0.101779626318689
1996,8,-4.1252517414093,-3.9482390499115,-2.94231826305389,-2.70670818805695,-0.922907892465591,-4.10645177841187,-4.8368430519104,-4.56375509262085,-4.16956602096558,-2.61795763492584,-4.55301221847534,-4.07703101158142,-4.45034481048584,-2.40740599399488
1996,9,-4.17579197883606,-3.54220837593079,-2.94353901863098,-3.7289873790741,-2.45473968267441,-5.22407371520996,-4.78117561340332,-4.77372883796692,-5.0636635017395,-4.69730818748474,-5.28816455841064,-4.81157300949097,-4.7710431098938,-3.05497795942972
1996,10,-4.19654517173767,-3.10297257900238,-2.44949033260345,-2.38588778495789,-0.892510522603989,-5.17231279373169,-4.90398584365845,-4.423121509552,-3.30330222129822,-1.49972530841827,-3.29878531455994,-1.64939264297485,-1.76939509391785,-3.48454360990129
1996,11,-2.15723613739014,-0.851858633756638,0.190685466527939,0.554965515136719,0.154916684031487,-3.19623999595642,-1.55759017109871,0.0157480311393738,0.430202041864395,0.449490323066711,-0.778001584410667,0.361838490366936,-0.702923760414124,-2.86922471692576
1996,12,-0.516633092164993,-0.37355795443058,-0.353048891723156,-1.35323200464249,-3.65793811798096,-0.929744238853455,-0.651406948566437,-0.660318622589111,-1.19404260396957,-3.11115177631378,-0.920832569599152,-2.12342062473297,-1.24433863639832,-0.92800770911592
1997,1,-2.29078922271729,-1.04498565554619,-0.287859363853931,-0.309955440461636,-0.988707810640335,-3.8106573677063,-2.25392173290253,-1.08942197084427,-0.54495513856411,-0.32448269367218,-1.5398888874054,0.0649453684687614,-0.878471582531929,-2.33943251948032
1997,2,-0.480253920853138,-0.236952938139439,-0.35585667937994,-0.352438498437405,0.145882927179337,-1.61826283454895,-1.12628943681717,-1.03204540729523,-0.908991023302078,-0.0437038394808769,-1.66758224964142,-0.461698102653027,-1.38448391675949,-0.504744593296531
1997,3,-1.4888603925705,-1.49972531318665,-1.72349386930466,-2.07959469795227,-1.27546845674515,-2.35658912181854,-2.21925166130066,-2.57132393360138,-2.85222484588623,-2.19044130325317,-2.99249219894409,-2.83989500045776,-2.93572605133057,-1.35647176144391
1997,4,-1.269608746171,-0.406518952548504,0.00939998716115951,-0.173350422978401,-0.332417748272419,-2.89202221870422,-1.39363974571228,-0.431422816514969,-0.392480008602142,-0.521149975061417,-0.373557956218719,-0.637001776695251,-0.575596655607224,-2.29973919883635
1997,5,-0.0483427944779396,0.454251356422901,1.0695232796669,1.48886040210724,2.52005126476288,0.212781540751457,0.32765671402216,0.675334184169769,0.987853274345398,1.98168833732605,0.795092470645904,1.30891778707504,1.00054934501648,0.107432041118836
1997,6,0.29725935280323,-0.312763226032257,-0.832326187491417,-1.95324421405792,-3.21809194087982,0.386376121640205,-0.725141916573048,-1.99926752567291,-2.5603369140625,-3.15058292388916,-1.7116523194313,-2.72758346557617,-1.54147590875626,1.25162213441183
1997,7,1.45834095478058,1.23103216171265,1.4178111410141,1.51876944065094,1.89147287368774,1.87780015468597,1.50131233215332,1.40889946460724,1.53610449314117,1.571384973526,1.84764694213867,1.72898736000061,2.04077396869659,2.12982356054543
1997,8,-1.93944941520691,-2.63822254657745,-2.99591039657593,-3.19379844665527,-2.3728254699707,-1.83409629821777,-2.93499357223511,-3.83385214805603,-3.88671182632446,-2.9451260471344,-3.69907831192017,-3.73777693748474,-3.82848073005676,-0.142592607782437
1997,9,2.26673991203308,1.83958981990814,1.38326314210892,1.56100836038589,1.08344014406204,3.04950251579285,2.95770005226135,2.57144599914551,2.24757369995117,1.48519807338715,2.60990049362183,1.90880789279938,2.36879690170288,1.41832328768524
1997,10,-1.14289202690125,-0.963315629959106,-0.699749742746353,-0.793749606609344,-1.3239333486557,-1.45809680938721,-1.50497467041016,-1.27119575738907,-1.00054934740067,-1.43197215795517,-1.41597997188568,-1.36763718605042,-1.80894829750061,-1.16441599257599
1997,11,-0.462796800136566,-0.772019772529602,-0.773362634181976,-1.07440639019012,-3.22443994998932,-0.716596465110779,-0.732588653564453,-1.02032595157623,-0.858450832366943,-1.79161325216293,-0.522126594781876,-0.923396201133728,-0.59830312371254,-0.985886288994163
1997,12,-0.20850881934166,-0.101202463507652,-0.616614779233932,-1.37532807826996,-4.05359214782715,-1.43685528755188,-0.539339562356472,-0.416163092255592,-0.811450891494751,-2.3477995300293,-1.26326068639755,-1.20393089771271,-1.62827321052551,-1.57924562026939
1998,1,-1.01886100292206,-0.709393881559372,-0.499542211294174,-0.787401571273804,-1.92089359283447,-1.44967345237732,-1.13214917421341,-1.0206921839714,-0.94463773727417,-1.31038271188736,-1.3693462729454,-0.847585914134979,-1.10785569429398,-1.89289156501815
1998,2,-5.14472317695618,-4.06811942100525,-3.01385582923889,-3.17060364723206,-2.2594152545929,-6.23499967575073,-5.51571750640869,-4.73319902420044,-3.97997925758362,-3.23225293159485,-4.65458101272583,-3.66941340446472,-4.63394982337952,-3.5536908970253
1998,3,-2.80620151519775,-1.3914423418045,-0.616981012821198,-0.153695905804634,0.568516137599945,-4.25611912727356,-2.06299209594727,-0.960996148586273,-0.523713605999947,0.251968502700329,-1.16437771320343,-0.0815479472279549,-0.841604098081589,-3.11686560635031
1998,4,-2.66520174980164,-2.43899162769318,-2.2448879814148,-2.43117864131928,-1.52548373222351,-2.58914731025696,-2.8236586856842,-3.02655191421509,-2.9823597240448,-2.12134528636932,-2.63260696411133,-2.26258925437927,-2.14185437202454,-0.945308073561572
1998,5,-1.89220532178879,-0.815235296487808,-0.161386803984642,0.316059330403805,1.17707380056381,-3.04510771751404,-1.83714825630188,-0.867362500429153,-0.273087955713272,0.789598968029022,-0.929255931973457,0.51113959223032,0.126716717779636,-2.05988165621574
1998,6,2.52053959369659,1.41121893882751,0.754440574645996,0.487944822311401,0.882744300365448,3.31624244689941,2.15674784183502,0.827809310555458,0.395898186564445,0.565708359479904,1.09198558807373,0.499542201757431,0.93389488697052,3.63546133323534
1998,7,-0.0676310807466507,-0.631264111101627,-0.789598968029022,-1.3225904917717,-1.48678506851196,0.19044131398201,-0.680095222592354,-1.45028382301331,-1.80089116096497,-1.96056887149811,-1.47970457553864,-1.97338703632355,-1.66379783153534,1.00049589389175
1998,8,-0.39064884185791,-0.897271555662155,-0.700726364850998,-0.490020145773888,0.454861750602722,0.0133064770698547,-0.781541833877563,-1.29316973924637,-0.924128670692444,-0.0474882486462593,-0.355124216675758,-0.126960872411728,0.120002442896366,0.52885314928004
1998,9,0.684123779535294,0.403467001914978,0.112799851894379,-0.265274984836578,-0.255752914845943,0.273210029900074,0.159555633068085,-0.101690777242184,-0.54764084815979,-0.624183602333069,-0.742599036693573,-0.87725081205368,-0.997985718250275,1.05924130385444
1998,10,-0.490142215490341,-0.883843004107475,-1.61630957603455,-2.34023069381714,-2.43667214393616,-0.831715798377991,-1.34847096443176,-1.90429102897644,-2.40712930679321,-2.62125370979309,-2.12598421573639,-2.61954464912415,-2.42641762733459,-0.383876775540191
1998,11,-4.30189826965332,-3.42159555435181,-3.14008421897888,-3.84679240226746,-2.87651833534241,-5.27754377365112,-4.46023315429688,-4.08765181541443,-4.34718910217285,-4.19239455223083,-4.30543855667114,-4.43471891403198,-4.03503630638123,-3.4760017775925
1998,12,-0.160532256960869,-0.336812546849251,-1.0861258649826,-1.99963376998901,-3.87560273170471,-1.1121284198761,-0.893853383362293,-1.38729170084,-2.04773239135742,-3.02386620521545,-2.9039858341217,-2.57462001800537,-3.31648656845093,-1.16865981511287
1999,1,-3.25154123306274,-2.39040469169617,-1.69944452047348,-1.82115606307983,-1.74546786546707,-4.11255568504334,-3.76597688674927,-3.36275405883789,-3.44906304359436,-2.24024901390076,-4.53225902557373,-3.71250686645508,-4.65873159408569,-2.73696178471196
1999,2,0.220838674604893,0.253433435857296,-0.331441124081612,-1.055728495121,-2.53091618061066,-0.752609410583973,0.0125740095973015,-0.42104620218277,-1.12689982891083,-1.66636146068573,-1.10895440101624,-1.14460110187531,-1.39022155761719,-1.06691630316909
1999,3,-0.555209658741951,-0.689251053035259,-0.801074278950691,-0.996398701667786,-0.462796800434589,-0.000854543149471283,-0.628090088367462,-0.858694984912872,-0.859671602249146,-0.956235117912292,-0.758591220378876,-0.826588530540466,-0.83781968832016,0.429872645120296
1999,4,-0.701702984571457,-1.38350729942322,-1.77635352611542,-2.3412073135376,-1.40157480239868,-1.09454922795296,-1.73448086738586,-2.40432155609131,-2.41811632633209,-1.96410912513733,-1.91027284145355,-1.48361105680466,-1.23847889661789,0.313447299529109
1999,5,0.18665689766407,-1.09442713260651,-1.2078373837471,-1.31880607128143,-0.864188479185104,0.566807053387165,-1.1254348897934,-1.36226575613022,-0.859427448511124,-1.09955440044403,-0.204602336287498,-0.361960564553738,0.4792772975564,1.81016401461596
1999,6,-0.13916865080595,-0.679484824538231,-0.804004144668579,-0.847830067873001,-0.990538971424103,-0.116706342697144,-0.570103149414062,-0.518342180252075,-0.139779036343098,-1.0162973845005,0.385399496555328,-0.314594394862652,0.280168462693691,1.34823692709031
1999,7,-2.79545870780945,-2.47476039409637,-1.81138986110687,-2.04382590293884,-0.944759798645973,-3.06366353988647,-3.35921380996704,-2.9967649269104,-2.5381187915802,-1.87010923862457,-2.26954769134522,-1.91869619369507,-1.43661112308502,-0.79702693594278
1999,8,-2.21046205997467,-2.33217357158661,-1.98144415855408,-1.70664711475372,-0.579258985519409,-2.81169505119324,-2.86601963996887,-2.78007688522339,-1.88744428634644,-1.0128791975975,-1.79869375228882,-0.680949760079384,-0.473173410594463,-1.56131318983065
1999,9,1.27290483474731,0.585729106664658,0.668741989135742,0.834889826774597,2.19446986675262,1.57785509347916,0.816944391727447,0.530549956560135,0.422266981899738,1.36714886188507,-0.0651895278692246,0.652017331421375,-0.0119636213779449,1.95012003130461
1999,10,-2.38710857391357,-1.72434841394424,-1.6288835811615,-2.17212962627411,-1.11298296809196,-3.32832812309265,-2.72892631530762,-2.64884329795837,-2.80522492408752,-2.26796069145203,-2.95794418334961,-2.60343039512634,-2.55301228523254,-3.13138493243054
1999,11,-0.524201916456222,-1.09015442848206,-1.53988889694214,-1.30134895086288,-1.89672222137451,-0.217542573511601,-0.59879143178463,-1.14667642593384,-0.883598848581314,-0.758102905750275,-0.0665323829650879,-0.072147958278656,0.715864007472992,-0.775554972067034
1999,12,-0.534578529596329,-0.245742533802986,-0.270890555381775,-0.396386494636536,-3.19135688066483,-0.665201730728149,-0.294695718288422,-0.358664464950562,-0.462918874025345,-1.05182200431824,-0.289812608361244,-0.613440753221512,-0.381004697680473,-1.20614997055051
2000,1,-0.351950194239616,-0.0963193556666374,0.309955440759659,0.84074955701828,-1.6814990952611,-0.855643041729927,-0.256607458889484,0.138069950640202,0.720747109055519,0.0205090656876564,-0.397241042852402,0.450100711882114,-0.31764633834362,-1.87941966659924
2000,2,-1.24055423498154,-1.26277238368988,-1.43307085990906,-1.49520843505859,-2.57901483535767,-1.51022400856018,-1.32478788375854,-1.55771226882935,-2.05737652778625,-1.79442103385925,-2.63114201545715,-2.24916070461273,-3.16401145935059,-1.30789347186949
2000,3,-2.24000487327576,-1.4336812376976,-1.08051027774811,-1.24665813446045,-0.224623085856438,-2.86064824104309,-1.74546785354614,-1.2429957818985,-1.11518036365509,-1.10236221075058,-1.18806078910828,-1.1330037355423,-1.37606055259705,-2.51115402420597
2000,4,-2.45766952037811,-1.61301348209381,-1.15680888175964,-1.38704754829407,-0.802172988057137,-4.02453761100769,-2.49270584106445,-1.93566502571106,-1.82396386146545,-1.69407311439514,-2.26210095882416,-1.95177927017212,-2.42141244888306,-2.75859626312051
2000,5,-3.59250441551209,-3.06317523002624,-2.31312945365906,-2.28431911468506,-1.68662637233734,-3.44417992591858,-3.45223707199097,-3.0204480266571,-2.33278398513794,-2.36830862045288,-2.18030882835388,-2.12232191085815,-2.28932428359985,-1.81715278124668
2000,6,0.171885488033295,0.856375501155853,0.628700473308563,0.325703468620777,0.100714153945446,-0.304095706641674,0.931819556951523,0.93328449010849,0.932063724994659,0.364890433251858,1.4898370218277,1.11139596223831,1.56088627338409,-0.0390251557943384
2000,7,-2.20325946331024,-1.53232008457184,-1.35274368524551,-1.87963130950928,-1.21235426425934,-2.85991574287415,-2.50454739570618,-2.2757736492157,-2.26710613250732,-1.94762862682343,-2.180308842659,-1.92162608146667,-1.78172494411468,-1.5090689674108
2000,8,0.239394492208958,-0.577549893856049,-0.755050966739655,-0.773362629413605,-0.0477324071526527,1.10260635614395,-0.0487090247869492,-0.544833053350449,0.0100103798508644,-0.329976195991039,0.848440454304218,0.620277113318443,1.20783738851547,1.71051533088176
2000,9,2.33546969413757,1.42330464601517,1.28865287780762,1.55014344453812,2.00537138938904,3.63950435638428,2.65909783363342,2.28480741024017,2.91460660457611,2.35524629592896,4.35622289657593,3.41793319702148,4.33705664634705,2.52543857993459
2000,10,-2.86015989303589,-2.64176278114319,-2.25648536682129,-2.60001222610474,-1.39925532817841,-3.69468349456787,-3.63217968940735,-3.61923945426941,-3.48397730827332,-2.16016602516174,-3.70676918983459,-2.31508271217346,-2.76213145256042,-1.9879171848738
2000,11,-3.93456629276276,-0.764695104956627,-1.3075749206543,-2.59280960559845,-3.06024535179138,-6.7499236869812,-4.10974789619446,-2.78618075847626,-2.33412684440613,-3.06500638961792,-2.07947260379791,-1.641579682827,-1.16779587268829,-3.68526761083913
2000,12,1.01873893857002,-0.249893179237843,-1.34065799713135,-2.19019712924957,-3.2799853515625,0.545931760966778,0.210339982807636,-0.912165049314499,-1.57004209518433,-2.79228466033936,-1.45858510971069,-2.02002075195312,-1.93871695041656,0.596158448981463
2001,1,-1.49288895606995,-0.871391077041626,-0.318134650886059,-0.0690960136055946,-2.0869193649292,-2.3436488866806,-1.67734847068787,-1.0333882650733,-0.137459562122822,-0.256485381126404,-1.81370931982994,-0.032106449007988,-1.53402916550636,-2.28863298897383
2001,2,-3.68430687904358,-2.98150521993637,-2.09399988651276,-0.680583540797234,0.699505587518215,-5.20637243270874,-4.56729535102844,-3.79783923149109,-2.14966733396053,0.995910395979881,-3.60251480102539,-0.438747479021549,-2.40468777179718,-3.13627887160115
2001,3,-5.58957456588745,-4.84135994911194,-3.93065979957581,-4.45766951560974,-2.22523346424103,-6.49551364898682,-6.37209300994873,-5.67502899169922,-5.38448390960693,-4.18531403541565,-5.38729167938232,-4.81425867080688,-4.90471826553345,-4.05953709437297
2001,4,-3.30256974220276,-3.10321672439575,-2.67216015815735,-2.80888727664948,-0.506378564238548,-3.9271195602417,-4.09766219139099,-4.05139470100403,-4.26527499198914,-2.1290361905098,-4.81755479812622,-3.93456629753113,-4.58597326278687,-2.04575964989218
2001,5,-3.57590185165405,-3.36861382484436,-2.940120844841,-4.05847526550293,-3.09161935329437,-3.82933526992798,-4.28859183311462,-4.48770065307617,-4.99517793655396,-4.87065860748291,-4.63919916152954,-4.95672342300415,-4.03674536705017,-2.02524480523442
2001,6,0.184703648984432,-0.794482084512711,-1.1843984568119,-2.219984126091,-2.35390345573425,1.23750226825476,-0.33803332567215,-1.12677775144577,-1.63242385149002,-2.89043519973755,-0.220838671028614,-1.86266249656677,-0.393212478458881,2.40789358150324
2001,7,-1.14301409363747,-1.16401146650314,-1.28975157022476,-2.25831652164459,-2.24989318847656,-1.86876638412476,-1.84056644439697,-2.3133736038208,-3.01361166000366,-3.35445276260376,-3.15412317276001,-3.88365983963013,-4.09497643470764,-1.25059277286544
2001,8,-2.71647437572479,-2.38210340976715,-2.56570833921432,-4.2539217376709,-3.3727644109726,-3.98486234664917,-4.01782334327698,-4.50125126838684,-5.74229383468628,-5.40181894302368,-6.23890615463257,-6.28993469238281,-6.41616310119629,-2.38871509118898
2001,9,-2.40407737255096,-1.62570957034826,-1.99108831882477,-3.11395956039429,-2.46560458183289,-3.73838731765747,-3.20588412284851,-3.28291520118713,-3.70750164985657,-3.44479032516479,-4.19251656532288,-3.32417748451233,-3.24177500724793,-1.79817294355857
2001,10,-0.91448451757431,-1.36727093219757,-1.68040039658546,-2.91521697998047,-3.33235667228699,-0.871635222434998,-1.25434901952744,-2.10034790992737,-2.95635719299316,-4.09204658508301,-2.49587988853455,-3.75498991966248,-3.49838248252869,-0.737053524989348
2001,11,-2.83049501419067,-2.2816334104538,-1.60056153774261,-1.28267106056213,-3.23029970169067,-3.19978024482727,-2.55716289520264,-1.82176646232605,-1.50924737930298,-1.57834339618683,-1.73557955741882,-1.88414818286896,-1.83702616691589,-2.83975269120826
2001,12,-1.90307024478912,-0.755905512571335,-0.118049196004868,-0.0478544849157333,-2.91643774271011,-2.6840017080307,-1.51242141723633,-0.603308307826519,-0.347677466571331,-1.17475430369377,-1.55356161594391,-0.845388505458832,-1.20283219337463,-2.6434531064164
2002,1,-2.8652871799469,-3.42306048393249,-2.92315203666687,-2.27467495918274,-3.28096196174622,-3.22334125518799,-3.83275346755981,-3.90026244163513,-3.3192943572998,-2.2965268945694,-4.12085699081421,-3.0779466342926,-4.21949579238892,-1.95551962436304
2002,2,-2.26381004571915,-2.58109014987946,-1.63645242452621,-0.0120857000350952,-0.921076717972755,-2.38039430141449,-2.50601232528687,-1.93212475776672,-0.124641395509243,1.12189464628696,-0.804248299002647,1.13446864724159,-0.322285296618938,-1.48008452276506
2002,3,-1.63645241975784,-1.39400596499443,-0.0588414835929871,0.959042903184891,1.82396384239197,-1.32405541181564,-2.27845937728882,-0.639565408229828,1.17243482351303,2.14392968177795,0.783373008966446,2.27089055538177,2.08997130393982,0.508789778769722
2002,4,-1.61447842121124,-0.499542208909988,-0.185924436151981,-0.76493926525116,-0.335469690859318,-2.42592931747437,-1.38253067493439,-1.05707134604454,-1.25544770717621,-1.49716168880463,-1.28108404159546,-2.23719708442688,-2.27003600597382,-1.28607840381959
2002,5,0.877250800132751,0.451077336072922,0.406763105392456,0.295306107699871,1.03937008023262,0.218152961730957,0.446682534813881,0.0960751980543137,-0.459256548583508,0.359641090035439,-2.34535799503326,-0.315204786658287,-1.46603186011314,0.565332007787284
2002,6,-1.62229141116142,-2.02343894481659,-2.08521026611328,-2.99310259342194,-2.61649267673492,-2.05664407253265,-2.71525362968445,-3.20551790237427,-3.48678506851196,-3.17646340370178,-3.54574862480164,-2.88079106330872,-2.7865470123291,-0.0760638389802543
2002,7,-2.25563081026077,-1.93151436805725,-1.35347616672516,-1.24275163888931,-0.0209973788261414,-3.33882680892944,-3.2724165058136,-2.85356772422791,-2.19727766513824,-0.913629974126816,-2.86345601081848,-1.62143684387207,-2.27931392669678,-0.601973392862893
2002,8,-3.70188611984253,-3.53036681652069,-2.74540681838989,-3.05011291503906,-1.68223156750202,-4.70597568511963,-4.61295240402222,-4.33839956283569,-3.75926263809204,-3.04547393798828,-4.52981746673584,-3.26948663711548,-3.91613252639771,-2.41919841022181
2002,9,-3.24995422363281,-2.89080142974854,-1.74156136035919,-0.920832571983337,0.207410124242306,-3.58566806793213,-3.29951778411865,-2.3706280708313,-0.927058529853821,-0.146005006432533,-0.687053649425507,0.0777635368704796,0.244033453166485,-2.4704674593443
2002,10,1.22724774956703,1.17890495538712,1.0307025539875,0.931575407981873,-2.16016600757837,1.59592259883881,1.57492521286011,1.65513032436371,1.3311359333992,0.969785769879818,1.04156747817993,2.07642068386078,1.72227306842804,0.189545591069749
2002,11,-0.873832632303238,0.156137460768223,0.857840440273285,1.48251235246658,-0.723310753703117,-1.9298052740097,-0.470976006686687,0.77604833483696,1.38338521361351,1.34554110407829,0.208630897402763,1.58444728851318,0.857474209964275,-1.84490923900929
2002,12,-6.10596343994141,-4.73087952613831,-3.04010256290436,-1.63022645264864,0.129036193490028,-6.93230785369873,-6.03454795837402,-4.80314961433411,-3.58212781906128,-0.487090277075768,-4.55142519950867,-2.09619727373123,-3.93993770599365,-4.76516824255328
2003,1,-1.10956479072571,-0.154916678965092,1.04022461861372,2.41225660800934,1.29573338150978,-1.25569186925888,-0.923884508609772,-0.222791920006275,1.01458828836679,3.04791551589966,-1.17109199076891,2.08032717823982,-0.627357629537582,-1.13584689932638
2003,2,-3.52011232376099,-2.89190014839172,-1.11811023384333,0.784593776166439,-0.389061822295189,-3.56406032562256,-3.36299821853638,-1.78734051942825,0.816944386959076,2.18360492706299,0.900079340934753,2.30958918571472,2.08496610164642,-1.65599569255078
2003,3,-2.24879446983337,-1.01898308813572,-0.157480316460133,-0.407495572268963,0.302020387351513,-3.18244518280029,-2.36135015964508,-1.22883476257324,-0.924739053249359,-0.390038452744484,-1.61826282501221,-0.727705547809601,-1.40474881649017,-1.88745584819444
2003,4,2.2705243229866,1.9466520190239,1.36959042191505,0.819263865053654,-0.194469878077507,3.05731549263,2.74125617980957,2.50601230621338,1.65427577972412,0.0594518703222275,1.36519561052322,0.762375635504723,1.76060549736023,0.510866543553637
2003,5,-2.59207715511322,-2.79814440250397,-2.41445401191711,-2.85014953613281,-1.06280900418758,-3.68662636756897,-3.88732220649719,-4.35011897087097,-3.81578462600708,-2.82524567604065,-3.72556917190552,-3.50045777320862,-3.25410487174988,-2.62261319477883
2003,6,1.2226087975502,0.135384241640568,-0.932674105763435,-2.3188670873642,-2.12097906827927,1.20307636499405,0.255997071564198,-1.23200878739357,-2.13758164405823,-3.10297258377075,-1.43673320293427,-2.38942804336548,-1.2278581392765,1.45057637804359
2003,7,-2.6108771276474,-1.86009887456894,-0.660806924104691,-0.849417074918747,-2.37453455924988,-3.0746505355835,-2.41616310119629,-1.60629921674728,-1.16254653692245,-2.2384178519249,-1.80516387939453,-1.64450954437256,-1.93456630706787,-1.30563612008941
2003,8,-1.98889091730118,-0.976011716723442,-0.669474444687366,-1.9362754034996,-1.88536896944046,-2.3481657743454,-1.99426232814789,-1.39766830205917,-1.87816637516022,-2.92852348327637,-1.34309955120087,-2.40017091751099,-1.74571202278137,-0.653459148558639
2003,9,0.277848988771439,1.75608860969543,1.28401392221451,0.980040283203125,1.46188121318817,-2.65751082420349,-0.456692924499512,0.405420259833336,0.00402856290340424,1.28010741710663,-2.16346210956573,0.262100950479507,-1.97509613275528,-0.221798684734565
2003,10,-2.14368554115295,-2.16211926460266,-1.59531218767166,-1.30269181013107,-2.02917656421661,-2.2248672580719,-2.41530857086182,-2.49868762969971,-2.07043886184692,-1.4639565372467,-2.67667704582214,-1.97985716819763,-2.73210033416748,-1.57808985882962
2003,11,0.100592074692249,-0.110114143788815,-1.19843740701675,-1.65818225383759,-3.03338826179504,0.222303602695465,0.732954885661602,-0.763596409857273,-1.64463162899017,-2.37953974246979,-0.838796317577362,-1.84850148677826,-0.763596418499947,-1.23498993622657
2003,12,-2.87102482795715,-2.5321369600296,-1.37105535507202,-0.180064695179462,-2.06299210071564,-2.46499418735504,-2.81596775054932,-1.93725202560425,-0.82402489811182,0.0148934894800186,-1.99694804191589,-0.130989440083504,-1.42647865056992,-3.09058999865365
2004,1,-3.9865714263916,-3.46664224624634,-2.61807970523834,-2.66251600265503,-1.53647073030472,-4.71366655349731,-4.83208204269409,-4.74211071014404,-4.6141731929779,-2.566196641922,-5.3306476020813,-4.41945918083191,-5.47164741516113,-3.45371716667915
2004,2,-3.51718238830566,-3.09076480865478,-2.44741497993469,-2.33754500865936,-0.684123789072037,-3.90184946060181,-4.01757918357849,-3.73033020019531,-2.95220652580261,-1.63620828151703,-2.69388998985291,-1.9149117898941,-1.86510406494141,-2.54804823565236
2004,3,-2.65885365962982,-1.88231703519821,-0.600744672119617,0.671549777984619,2.25502045154572,-2.90068972587585,-2.48367210388184,-1.46871756792068,0.142953057289124,2.1840932559967,-0.583043387234211,1.86852223396301,0.933284499943256,-1.19029430877528
2004,4,-4.99700910568237,-4.4078618144989,-3.81383137226105,-5.44356952667236,-4.60404072761536,-5.01043766021728,-5.27620096206665,-5.53830190658569,-5.97167795181274,-6.33583587646484,-5.69785751342773,-6.00769092559814,-5.4417384147644,-3.56318986407046
2004,5,0.0976622128486633,0.421656592786312,0.300311295986176,0.0821583339571953,0.77641457259655,-1.27681131958961,-0.583165468871593,-0.314716473221779,-0.287737287580967,0.282610024809837,-1.20454128742218,-0.311542454361916,-1.34676189661026,-0.633793070206981
2004,6,-1.21772568821907,-2.26197887420654,-2.76957819461823,-3.48153574943542,-2.50540194034576,-1.11469206571579,-2.21510103225708,-3.14692058563232,-3.23969968795776,-3.45357995033264,-2.54959405899048,-2.94012084960938,-2.14856860637665,0.120163525085477
2004,7,-2.4277604675293,-2.69596532344818,-2.34071902751923,-2.80083011627197,-2.79411583423615,-2.29237622261047,-2.53091617584229,-2.70316791534424,-2.79814442634583,-3.51571750640869,-2.26869315624237,-3.07806871414185,-2.54898368835449,-1.28445311009708
2004,8,-3.89550145149231,-3.58322649478912,-3.4920343875885,-4.78361714363098,-4.2183971118927,-5.17927118301392,-5.07709211349487,-5.74583406448364,-6.38015008926392,-5.78648599624634,-6.80498071670532,-6.5445888710022,-6.89336503982544,-2.5884819861788
2004,9,2.30580477714539,0.896783249378204,0.0325947657227516,-1.12238294959068,-0.672038095593452,3.36238783359528,1.12372580766678,0.389428063035011,-0.0482207196950913,-1.35274370908737,0.866507960557938,-0.202893239855766,0.714032831192017,3.73610324690328
2004,10,2.51675515890121,2.08960508346558,2.03100773870945,3.69675882816315,2.44753708481789,4.90886890411377,5.21149970054626,5.09320634841919,6.07288040161133,5.16132576942444,6.98089483261108,6.98101686477661,7.58737710952759,1.1756666520908
2004,11,-0.630897874832153,-0.868705362081528,-0.803882071971893,-0.371970940828323,-1.65500824809074,-0.333882682323456,-0.652871875166893,-1.0715986084938,-0.582310929596424,0.0219739961624145,-0.507355182766914,0.196545199155807,0.151254348754883,-1.63562531513575
2004,12,-2.79472622394562,-2.46328508853912,-2.38967218875885,-2.9685649728775,-3.36226576805115,-3.50424215316772,-2.75749250411987,-2.94878836631775,-3.00555453300476,-3.26496977806091,-3.05426355361938,-3.30318012237549,-3.66770433425903,-3.40923823429459
2005,1,-4.4817188167572,-3.03924798965454,-2.02771163463593,-1.934688372612,-2.33290605068207,-6.17969839096069,-4.54922787666321,-3.29329181671143,-2.19715557575226,-1.97936884403229,-1.62107061386108,-1.32466581344604,-0.748214614391327,-4.69508187446369
2005,2,-3.80272230148315,-3.09113105297089,-2.31129828453064,-1.90136116027832,-1.99963374137878,-4.28407490730286,-4.05005184173584,-3.34016966819763,-2.35439173698425,-1.39412806272507,-2.59354208946228,-1.28291521310806,-1.86962093353271,-2.60540312228824
2005,3,-1.61801866054535,-1.61545505046844,-1.63449917793274,-2.65775496006012,-2.61063297271729,-1.44283707618713,-2.0169688129425,-2.57034730434418,-3.23274124145508,-3.65281083106995,-3.42830983161926,-3.78978209495544,-3.9222364616394,-0.738425998336817
2005,4,-2.38674232959747,-1.30366842627525,-1.11383751511574,-1.93297928333282,-0.409570887088776,-3.02874928474426,-2.15064395427704,-2.00549349784851,-2.31593725204468,-1.76646522760391,-2.21143869400024,-2.04712200641632,-2.16138679504395,-2.66745330560842
2005,5,-1.85936640143394,-0.484526643753052,0.165171214342117,-0.0784960010647774,0.264054199755192,-2.98699872970581,-1.77952756166458,-0.52334737598896,-0.117194653451443,-0.0336934623122215,-0.192760787308216,0.397851430475712,0.393090398013592,-1.10451481359068
2005,6,1.30501127958298,1.25862172365189,1.21430751562119,1.29561129331589,1.99060001850128,2.42776047229767,2.18055299282074,1.85423913955688,2.18494777679443,2.66459135055542,2.96099613189697,3.30928399085999,3.57687847137451,1.79560858081784
2005,7,0.224989318549633,0.583409628272057,0.237197094857693,-0.15955563724041,0.20545687764883,-0.151498502194881,0.0994933775067329,0.0163584202528,0.254410060346127,-0.0521272042393684,0.724165288209915,0.711347128152847,1.15998290061951,0.858210288693566
2005,8,-4.70927176475525,-3.01666358947754,-1.81932489156723,-2.51162786483765,-2.05505708217621,-5.95214550018311,-5.23786851882935,-4.00219736099243,-3.71775619506836,-3.13275957107544,-4.75920160293579,-3.69321855545044,-4.60965634346008,-3.60817442684484
2005,9,-2.96209485530853,-2.18836599111557,-2.16175301790237,-3.23225291252136,-3.01214675426483,-3.20209970474243,-2.99175973892212,-3.00238049507141,-3.32881644248962,-4.0745894908905,-2.76066653251648,-3.49349935531616,-2.76078862190247,-2.03624263943652
2005,10,-2.29896842479706,-1.03009217500687,-0.201184152662754,-0.399316364526749,0.0510285067558289,-3.28877494812012,-2.27479704856873,-1.16999328613281,-1.13178293943405,-0.475248734951019,-2.54910578727722,-1.17353353738785,-2.18189584255219,-1.56949383483307
2005,11,0.354513829946518,-0.752609415054321,-0.91961178958416,-2.31032167196274,-2.93694684028626,1.5690654873848,-0.102423243820667,-1.24616980433464,-2.45779160022736,-3.85631446838379,-1.36165537118912,-3.70542633056641,-2.38002807378769,1.57939009231752
2005,12,-0.79033144235611,-1.69370688438416,-1.60922906398773,-1.42721112728119,-4.42483057975769,-0.0581090161204338,-1.26741133213043,-2.12183360099792,-1.96899223327637,-1.97180001735687,-2.21864124774933,-1.85155344009399,-2.00390647888184,-1.13120577347702
2006,1,-2.49649023532867,-1.85692485809326,-0.557651214599609,0.306415186822414,-2.74565098404884,-2.85967160224915,-2.61734725952148,-1.21565036088228,0.371482638120651,-0.344259290397167,-0.211926994919777,0.683391315042973,0.40505401879549,-1.7921954701109
2006,2,-2.19569064617157,-2.09534271717072,-0.755539284646511,-0.435451378822327,-1.00775193691254,-1.8128548002243,-2.34657873153687,-1.73765487670898,-0.679851063489914,-0.907037781476974,-0.865409255027771,-0.832570339441299,-0.880180671215057,-1.20600549859055
2006,3,-1.67039004087448,-2.1888542842865,-1.72495879888535,-2.03344929218292,-1.57797717213631,-1.67991209506989,-2.04150642871857,-2.03845447063446,-1.81090151786804,-2.30128790855408,-1.36666055202484,-1.99304156780243,-1.77049379825592,-0.822471839171895
2006,4,-2.9893181848526,-1.69712507367134,-0.861746927499771,-1.77159250020981,-1.5126655626297,-3.74204967498779,-3.07965572357178,-2.24195811748505,-2.31764632701874,-2.422877368927,-2.87957029342651,-2.5293291759491,-2.73649514198303,-2.3353873469685
2006,5,3.90575593948364,4.54959410667419,3.39180855751038,3.0014038848877,2.2182750415802,4.80693402290344,4.87395467758179,4.61173162460327,4.46487213134766,3.20356465339661,4.81413661956787,4.5390954208374,5.01849481582642,4.90207233090372
2006,6,0.285661962330341,-0.796923637390137,-1.03521943092346,-1.48983701229095,-1.00006103664637,0.93230787396431,-0.308612587153912,-1.12641152620316,-1.39876699924469,-1.62509918689728,-1.09271805286407,-1.52133309364319,-1.56503692626953,1.73449746179863
2006,7,-1.53415124535561,-2.17982054233551,-1.5361044883728,-1.99108830928802,-0.891778059005737,-0.171641330718994,-1.87108586788178,-1.91271438121796,-1.56076420307159,-1.8903741645813,-0.574253801107407,-1.17780625939369,-0.26527498036623,0.567408772306682
2006,8,-2.23097112178802,-2.03332722187042,-1.83849111318588,-2.94512602329254,-2.48892143726349,-3.18928155899048,-3.34041382789612,-3.40694621086121,-3.90734296798706,-3.79173535346985,-4.45547218322754,-4.14808038711548,-4.62174205780029,-1.03708310381195
2006,9,-2.14673746109009,-1.50619545459747,-1.23042176246643,-2.17225170135498,-1.96594029903412,-3.17048161506653,-2.35671120643616,-2.16199718952179,-2.49014222145081,-3.02362202644348,-2.50796555519104,-2.9614844417572,-2.81804308891296,-1.87266566520612
2006,10,2.68485624790192,2.17933222770691,1.6635536813736,1.27485807418823,0.566196660995483,2.68961729049683,3.05353109359741,2.58548494338989,1.99670389175415,0.890068969726562,2.57645117759705,1.85411706447601,2.96246105194092,0.317438306055478
2006,11,-0.928889706134796,-0.752365257740021,-0.58353170633316,-0.593908311724663,-3.76634313583374,-0.478056520223618,-0.319111274182797,-0.257706159055233,0.1065738889575,-0.903741677999496,0.484282483756542,0.85784043610096,1.308673620224,-1.39219215133134
2006,12,-2.75651589393616,-1.95336627006531,-1.50143439292908,-1.57394859075546,-2.02465970039368,-4.38747479438782,-3.0712323474884,-2.98699870109558,-3.07574925422668,-1.69895625114441,-3.68980038642883,-2.72233413696289,-3.94933773040771,-3.15594494726355
2007,1,-1.35640601158142,-1.39864493370056,-1.48385519504547,-1.03216749429703,-2.27101263046265,-1.56796678543091,-1.55807849884033,-1.69749130249023,-1.60874077320099,-1.06805835485458,-2.09448819160461,-1.4566318655014,-2.30116584300995,-1.87104035891901
2007,2,-5.73106266021728,-3.7460782289505,-0.993102606832981,0.0765427589416504,-0.405542324483395,-4.66288221359253,-4.75090029716492,-2.77104314804077,-0.811206737458706,0.192882865071297,-1.11774399995804,-0.413843613266945,-0.704877004623413,-3.49230889495484
2007,3,-1.47689677000046,-1.07867911666632,-0.764939262568951,-0.719770490527153,0.322041139602661,-1.71568088054657,-1.60434595584869,-1.62546542167664,-1.41109685897827,-0.505035705566406,-1.74058475017548,-1.00958309412003,-1.61545503139496,-1.61117365175979
2007,4,-1.21980100393295,-1.90612219333649,-1.96667275905609,-1.80174569129944,-0.646279680132866,-1.27852041006088,-1.70029908180237,-1.99853505134583,-1.37190990447998,-1.31465542316437,-1.26997495651245,-1.13056215286255,-1.36714887142181,-0.705938145253785
2007,5,2.94878836631775,1.50802659988403,0.207288043498993,-0.689373129606247,-0.42690594047308,3.36922418117523,1.44515655755997,0.339376175701618,-0.129158275723457,-0.674113408327103,0.166758224070072,-0.0874076792597771,0.24146981626749,4.58472428519345
2007,6,1.78099247455597,1.03668436527252,0.975767557621002,1.13727644205093,1.6658731508255,3.51388633728027,2.59158880233765,2.35365927219391,2.22962825298309,1.43209423065186,2.83965085029602,1.91527802467346,2.40493193626404,3.16448676938841
2007,7,-1.36556185722351,-1.42611242294312,-0.724531523883343,-0.75566135764122,0.799975578188896,-0.993590914607048,-1.62241346359253,-1.47665261745453,-1.07855703830719,0.0267350298166275,-0.541903190016746,0.0476103267073631,0.516388933956623,0.0824024898589715
2007,8,-0.513825307190418,-0.875175484418869,-0.914484527409077,-1.40108648777008,-0.0755661326646805,-0.10986998707056,-0.62577062100172,-1.18586339712143,-1.17475431680679,-1.14032838702202,-0.0705609467625618,-0.871268999576569,0.035768783390522,0.686561003371456
2007,9,-2.87578585624695,-1.85924433231354,-0.924861134290695,-0.272965880930424,0.940609169602394,-3.73313799858093,-2.65458095550537,-1.5397668170929,-0.364646283090115,0.419215041399002,-0.38723066598177,0.221449063420296,-0.174937435090542,-2.54877060065432
2007,10,1.46261367559433,1.00848439097404,0.575474568605423,-0.638222546577454,-1.14215955495834,2.4741500377655,1.8897637796402,1.16498809099197,0.326435936391354,-1.34895927906036,1.48971494436264,-0.695232858359814,0.263687967061996,0.299921225513932
2007,11,-1.74644448280334,-1.23115424394608,-0.353048888742924,0.244277603626251,-2.83208201408386,-1.97155586719513,-1.88524688720703,-0.843801496624947,0.373313800096512,-0.534578525722027,-0.802661289572716,0.588903137147427,-0.135994622409344,-0.809632004409499
2007,12,-2.02075321435928,-1.23322957277298,-1.93993772983551,-2.82426907062531,-2.97747661590576,-3.35188914299011,-2.04162851333618,-2.26014769554138,-2.91045594215393,-2.38027223587036,-4.01001036643982,-2.726118516922,-4.58694988250732,-2.50225102628124
2008,1,-4.823902759552,-3.87682351589203,-2.89580664157867,-3.15351278305054,-1.17353353470564,-6.03833238601685,-5.5065616607666,-5.00921686172485,-4.29835800170898,-2.43288773536682,-4.86528717041016,-2.94634681224823,-3.59079537391663,-4.60514884517038
2008,2,-2.45254224777222,-2.44546175718307,-1.42025269031525,-0.46328511595726,-2.04541292190552,-2.16407249927521,-3.18903741836548,-2.76176522254944,-1.0704998973012,0.0489531853795052,-2.67423548221588,0.376121585071087,-1.30549959242344,-2.74608148127442
2008,3,-3.53805768966675,-2.87627415180206,-2.22559968471527,-2.15662574291229,-0.358176157176495,-4.0344259262085,-3.83995603561401,-3.09894399642944,-2.42299942970276,-1.58823169946671,-2.26673990726471,-1.71568088531494,-1.62778489589691,-2.43572225620055
2008,4,-1.24470487833023,-1.69932247161865,-1.36995665073395,-1.23078800201416,0.234633455574512,-1.33003722429276,-1.95873770236969,-2.10925958156586,-1.50473051071167,-0.621497892737389,-1.63376671075821,-0.60245376765728,-0.524446071088314,-0.647915089800513
2008,5,0.363425503075123,1.18342183589935,1.24763474464417,1.16218030691147,1.98583897590637,0.526521393954754,1.40719037294388,1.63242385387421,1.31282427310944,2.02295060634613,1.07684795618057,2.06201549530029,1.92174814224243,0.894598851233897
2008,6,0.959409134685993,0.218275041878223,-0.365867058336735,-1.29146065711975,-0.993468840420246,1.22871269285679,-0.0698284801840782,-0.499908438622952,-0.714765304028988,-1.32613073825836,0.248062010407448,-0.135262158513069,1.25959835201502,2.5509918363842
2008,7,-0.526277240514755,-1.14093878030777,-1.30293596744537,-1.583104429245,-0.443752662837505,0.0391869586706161,-0.973203922510147,-1.42611242771149,-1.19978025913239,-1.33662941932678,-0.467679913640022,-0.570469387471676,0.22083867430687,0.868232940119752
2008,8,0.464139652848244,1.47299028158188,1.31428919792175,1.42452541589737,0.608679736852646,-1.25764509946108,0.0671427667140961,0.616858936846256,0.844656038582325,0.668253679573536,-1.25117498368025,0.560703169107437,-0.73844839155674,-1.04508317332472
2008,9,-1.83592747449875,-1.66990173816681,-1.35359823405743,-1.6073979139328,-0.326680088341236,-2.04809861660004,-2.08337910652161,-2.12818162918091,-1.75511198997498,-1.07648171067238,-1.73081851959229,-1.09076482057571,-1.28425806522369,-1.61133618132603
2008,10,-1.49105780363083,-0.373680036664009,0.611731676757336,1.69285235404968,1.54489408493042,-1.96435327529907,-0.656656289100647,0.208142592310905,1.27717756748199,2.22291399002075,0.327656718194485,1.8339742231369,0.6809497615695,-2.46091434090624
2008,11,1.60544465661049,1.34480864048004,0.637490082383156,0.29323078751564,-1.63230177164078,1.46578769445419,1.61594334363937,1.27534639835358,0.755173045396805,-0.297503513097763,0.514069459438324,0.213514008522034,0.272965878248215,0.357546986031109
2008,12,-0.959775364398956,-1.09906610488892,-1.00982726097107,-1.14997252464294,-3.77818467140198,-1.36263199090958,-1.31355673313141,-1.74290422439575,-1.71250684261322,-1.87975339889526,-2.39321246147156,-1.46481108188629,-1.9874259853363,-1.68214489704758
2009,1,-1.02801684498787,-1.33015930652618,-0.418360495269299,0.46938899576664,-1.25849963724613,-0.779954826831818,-1.40584752082825,-0.651162796020508,0.256973688602448,0.454495510756969,-0.536775923669338,0.236342543959618,-1.00872855693102,-0.506911658632332
2009,2,-2.83452358722687,-2.37123847126961,-1.98095586776733,-2.18531404018402,-1.61020570755005,-3.58640050888062,-3.46737469673157,-3.22798024177551,-2.27736066818237,-1.86974301815033,-1.88707806587219,-1.40499296665192,-1.0925959777832,-1.90298645202754
2009,3,-1.45919549822807,-1.39608130097389,-0.728926320970058,-0.0197765985131264,0.979674047231674,-1.66233289718628,-1.74229382991791,-1.09454921483994,-0.188121833205223,1.07965573072433,-0.352560578286648,0.495269487798214,-0.00488310962915421,-0.997877359434345
2009,4,-1.58444726467133,-2.1235426902771,-1.76243665218353,-1.49972530841827,0.365134588778019,-1.51400840044022,-2.59757063865662,-2.61209788322449,-1.67612768173218,-0.326802172958851,-1.3463956618309,-0.19727766752243,-0.22230360776186,0.641305549345778
2009,5,0.727461382448673,-0.0596960240602493,-0.188976380228996,-0.950131232738495,0.702435441315174,1.51425256967545,-0.322285289764404,-1.18488676548004,-1.48116950035095,-0.648599154353142,-1.75462368488312,-1.11847646832466,-1.99035583496094,2.39431333290578
2009,6,0.530916195511818,0.556186285614967,0.313861925899982,-0.892754679918289,-0.80021973669529,2.21534515380859,0.447781229019165,-0.00964414179325104,-0.765549652576447,-1.39473844051361,-0.786913260221481,-0.961118226051331,-0.76274186372757,1.87783049011724
2009,7,-1.80308854579926,-1.78001587152481,-1.40230726361275,-2.20386984348297,-1.50875908136368,-1.85790146827698,-2.53628761291504,-2.38527742385864,-2.05029602527618,-2.2015503692627,-1.14032839298248,-1.1029725959897,0.549227859973907,-0.514785311983887
2009,8,-1.83739239692688,-2.1106024312973,-1.87352742910385,-2.2326802110672,-1.53158762693405,-1.86107549667358,-2.13208813667297,-2.40578647613525,-1.81566256046295,-2.17115300178528,-0.520539581477642,-1.2970762348175,-0.0661661443114281,-1.34480575617601
2009,9,-2.1077946510911,-2.30140997886658,-1.67563938140869,-2.01782334327698,-0.679362746477127,-3.26216197967529,-2.83134954452515,-2.57791613578796,-2.41689554214478,-1.96349874019623,-2.24537629127502,-2.06763105869293,-1.88256119251251,-1.58957527621963
2009,10,-1.41500335633755,-0.405054018199444,-0.409326741993427,-0.16504913687706,-1.51889154732227,-2.46633704185486,-1.31978270769119,-1.27375938415527,-1.15986082434654,-0.483672099709511,-2.21119451999664,-0.928645541667938,-1.83861319065094,-1.99086076977867
2009,11,-1.61081608295441,-1.21626076221466,-1.06280901193619,-1.16254654169083,-1.99536105155945,-2.36623331069946,-1.82542878627777,-1.99389610767365,-2.24684122085571,-1.78294573783875,-2.49539155960083,-2.52029543399811,-2.72624061584473,-2.11051865755277
2009,12,-2.94158579349518,-3.33577487468719,-3.92443388938904,-5.20136727333069,-5.89244947433472,-3.78526518821716,-4.00720257759094,-5.04144536972046,-5.37166570663452,-5.44979549407959,-3.98095585823059,-4.27894773483276,-2.75529512882233,-2.15806757482375
2010,1,-0.965513036251068,-0.602209602892399,-1.32515412569046,-0.695232864916325,-1.05011292845011,-1.69944454431534,-0.78312884926796,-1.7167795753479,-1.53097723335028,1.41793321937323,-2.26673989772797,0.144906300604343,-2.42092411756516,-1.92030489056773
2010,2,-2.41762800693512,-0.789354809522629,0.271745102703571,1.34126838922501,0.189586762189865,-3.06683755874634,-1.84532744646072,-0.263199652731419,0.61978880405426,1.78465479850769,-0.667521204352379,0.675822494328022,-1.29866324424744,-1.26305337488299
2010,3,-3.68284193515778,-2.7417444935441,-3.23042178153992,-3.55844472885132,-3.04840383052826,-3.49484222412109,-3.66221081733704,-3.85228590011597,-3.71433800697327,-3.337483959198,-3.86058716773987,-2.98602208137512,-3.20942440986633,-1.98258982682546
2010,4,2.81108465194702,1.31489958822727,0.367698226869106,0.461087711453438,0.925959836244583,3.11884269714355,3.28999571800232,1.29072818517685,0.819263868331909,1.59091742038727,0.972471463680267,1.70335102796555,1.15473356485367,0.745071650565376
2010,5,0.298968442082405,-1.32588658571243,-3.26973080396652,-4.78557037353516,-4.23475549697876,1.55343953371048,-0.630043338239193,-2.86028198242188,-3.54208630561829,-4.71305623054504,-2.30897880554199,-2.95843252658844,-1.46334614992142,2.36955466081758
2010,6,1.56699017047882,0.661539396047592,0.581090149581432,0.611731659471989,-0.701214666068554,1.83397423744202,2.20802048206329,1.49899285078049,1.62851735591888,0.461576022803783,2.24159188270569,1.79747300624847,2.59586158752441,1.9860210066011
2010,7,-0.0361350134015083,-1.11981932610273,-3.06708171844482,-4.36086183547974,-3.77452234268188,0.457059145569801,0.370017700493336,-1.84593786120415,-2.98895195484161,-4.45620464324951,-1.90807541966438,-3.46749680519104,-2.23939447879791,1.18456965102952
2010,8,1.85155342161655,0.654580959975719,-0.776780797839165,-1.44112798810005,-2.06177133560181,2.65921990394592,1.87877676963806,0.73368735909462,-0.242202283143997,-1.54648110151291,1.15583227008581,-0.769944454133511,0.292986629605293,3.14131727435532
2010,9,1.95434291362762,1.07074406445026,1.2958554649353,1.78599767684937,0.278337299525738,2.02636876583099,2.73881461143494,2.72392112255096,2.74906914710999,1.31563204050064,3.05804795265198,1.84972227096558,1.97851430892944,0.735374050159779
2010,10,-1.14093877673149,-0.482085084915161,-0.202893243432045,-0.659464080631733,-1.08820118546486,-3.51156686782837,-1.5312213909626,-1.28792041063309,-1.40633583307266,-1.5061954498291,-1.80455350875854,-1.53061099052429,-1.69334064006805,-2.77567994233067
2010,11,-0.956845512092114,-1.51644997596741,-1.40413842439651,-1.63498747348785,-1.36116707086563,-0.725019837915897,-0.0650674438476563,-0.765671720504761,-0.821339191496372,-1.27827625751495,0.74589513450861,-0.258804854154587,1.26728925943375,-2.24005471822425
2010,12,-4.20875296592712,-2.51223827958107,-1.80394309490919,-1.39498259544373,-1.17426599472761,-5.30965019226074,-4.83073921203613,-3.31282427787781,-2.92852344512939,-0.520783738791943,-4.51297072410583,-2.97991817951202,-5.27974117279053,-3.26099320280658
2011,1,-1.53976682186127,-0.755661361813545,-0.200329617261887,0.721845816671848,-0.919733870327473,-2.29811388969421,-1.37154366731644,-1.06451810240746,-0.384300791025162,1.72019775629044,-1.42367086052895,1.1342244976759,-0.559970699846745,-2.12027042791159
2011,2,-2.67338093757629,-2.46255265325308,-1.89843130588531,-1.49984740972519,-1.35335407614708,-3.33015930175781,-3.52475125312805,-3.29146065711975,-2.38686440944672,-0.330830740332603,-2.57046938896179,-0.908380632996559,-1.3293047618866,-1.88740167484657
2011,3,-2.39858387470245,-0.925959834754467,-0.0830128797888756,-0.854666410982609,-1.80430934429169,-2.47805647850037,-1.24775680661201,-0.197399742603302,-0.616370625495911,-1.79893790721893,-0.710248425006866,-1.3517670583725,-1.05096746444702,-1.7073189225158
2011,4,-3.75486783027649,-3.2941463470459,-2.14673746109009,-1.94616369724274,0.124397236704826,-3.97094548225403,-4.60990049362183,-3.62155891418457,-2.70158087253571,-0.101934944689274,-3.10651281356812,-0.783495091497898,-1.70090947151184,-1.47815222676689
2011,5,1.88512480258942,1.30086064100266,0.185558196306229,-0.418360497951508,0.0891167712211609,1.99487271308899,1.92443385124207,0.950619544088841,0.202649088799953,-0.672038090229034,1.3991332501173,-0.162729659080505,0.765305500924587,2.31252484808307
2011,6,-2.14222058296204,-1.81956904649735,-2.53872916102409,-3.97448573112488,-3.29414635181427,-2.07385705471039,-2.2385399389267,-2.58756025314331,-3.98559478759766,-4.66483546257019,-3.22895684242249,-5.31599824905395,-4.28566191673279,-0.30647658494979
2011,7,-0.384911188483238,-0.811450889408588,-1.71726788699627,-1.71006530761719,-1.6518342089653,0.921198806166649,0.206799731850624,-0.660196546316147,-0.246352924108505,-1.24971005916595,0.842946959137917,-0.125007631778717,0.261124334037304,0.151315027396002
2011,8,-0.173716656565666,0.468900686204433,0.724653598070145,0.304461940824986,0.732954887449741,0.207532197535038,0.24610877007246,0.905694925785065,1.36751511096954,0.252823046445847,1.96960265159607,0.90532870054245,1.92309101581573,2.40455270188271
2011,9,-2.99554414749146,-3.04168956279755,-3.36531771183014,-4.07629856109619,-3.5180370092392,-2.66715495109558,-3.2730269241333,-3.24873342514038,-3.21723736763001,-3.64499785423279,-2.88628455162048,-3.0790453338623,-3.14264785766602,-1.24649341616052
2011,10,1.58139534473419,0.572910941839218,0.585973266065121,1.94347799539566,0.420313736498356,1.51840321540833,1.27180612802505,0.507477260828018,1.08478299975395,1.98107795238495,-0.360617714822292,1.79906000375748,0.551669415831566,-0.676159115056314
2011,11,-0.595495321750641,-0.546175912618637,-0.408228038549423,0.0427272200584412,-0.263565890192986,-0.732222418487072,-0.940120849609375,-0.892266371250153,-0.944149421453476,0.0918024802207947,-0.924983220100403,-1.13275956749916,-1.03766099214554,-0.367659938934992
2011,12,3.73533537626266,3.99316360861063,4.23341267585754,5.09381671905518,1.69041079908609,4.49905386924744,6.06225963592529,6.44302019119263,6.13196603775024,4.81425870895386,4.8209729385376,5.74192764282227,3.66465235710144,0.759247843506774
