"Year","Month","tide.level.mm","tide.level.interp","anomalies","anomalies13","anomaliesb","anomalies13b"
1939,1,704,704,39.301063864206,NA,48.9660286785825,NA
1939,2,652,652,2.49036809596748,NA,12.1553329102862,NA
1939,3,674,674,45.4306311092064,NA,55.0955959235221,NA
1939,4,631,631,35.6636845817022,NA,45.3286493960184,NA
1939,5,555,555,20.169876639865,NA,29.8348414541799,NA
1939,6,646,646,93.3491756926303,NA,103.01414050695,NA
1939,7,631,631,94.8372027474162,44.7861463448808,104.502167561732,54.6287060397995
1939,8,549,549,34.8097836698081,33.8958643620098,44.4747484841266,43.9160189375216
1939,9,558,558,50.9293534285352,21.7556561315599,60.59431824285,31.9534055876692
1939,10,649,649,71.3364546738626,15.0225856287453,81.001419488175,25.3979299654522
1939,11,683,683,23.2421787438486,12.2336027094433,32.9071435581645,22.7865419267479
1939,12,805,805,121.122035381223,10.7271664820342,130.78700019554,21.4577005799366
1940,1,616,616,-50.46190614482,2.93678625478024,-38.4882078827343,13.8449152332801
1940,2,549,549,-102.272601913117,-1.81632059804228,-90.2989036510305,9.26940326105528
1940,3,475,475,-155.332338899881,-8.48119754037773,-143.358640637795,2.78212119931732
1940,4,555,555,-42.0992854273843,-14.5085720606672,-30.1255871652986,-3.06765844037439
1940,5,536,536,-0.59309336922297,-19.8052832867519,11.3806048928629,-8.1867747858611
1940,6,555,555,0.58620568354695,-23.7193689307298,12.5599039456333,-11.9232655492412
1940,7,530,530,-7.92576726167158,-37.5152852026629,4.04793100041502,-25.3714489203172
1940,8,549,549,33.0468136607235,-37.4055671855386,45.0205119228097,-25.0915928829333
1940,9,457,457,-51.8336165805528,-37.3919292621425,-39.8599183184669,-24.9078169392777
1940,10,552,552,-27.4265153352285,-31.4326920726494,-15.4528170731421,-18.7784417295251
1940,11,664,664,2.47920873476153,-29.2985980688744,14.4529069968478,-16.4742097054907
1940,12,658,658,-27.6409346278641,-28.8819573732065,-15.6672363657772,-15.8874309895632
1941,1,610,610,-58.2248761539067,-30.1338760619992,-44.0393836284475,-16.9692116580963
1941,2,604,604,-49.035571922204,-28.5792906071293,-34.8500793967437,-15.244488182967
1941,3,530,530,-102.095308908968,-31.0133983186957,-87.9098163835081,-17.5084578742739
1941,4,521,521,-77.8622554364711,-30.2715420697544,-63.6767629110116,-16.596463605073
1941,5,524,524,-14.3560633783098,-30.8759456035311,-0.170570852850233,-17.0307291185902
1941,6,561,561,4.82323567446019,-37.0208004782782,19.0087281999204,-23.0054459730777
1941,7,524,524,-15.6887372707583,-38.8167167502112,-1.50324474529816,-24.4793363845685
1941,8,530,530,12.2838436516367,-38.2454602715485,26.4693361770966,-23.7561920657228
1941,9,512,512,1.40341341036037,-34.0010531173831,15.58890593582,-19.3598970713746
1941,10,539,539,-42.1894853443154,-32.964892850967,-28.0039928188551,-18.1718489647756
1941,11,628,628,-35.2837612743252,-31.9846450010382,-21.0982687488654,-17.0397132746639
1941,12,610,610,-77.403904636951,-34.8756966130625,-63.2184121114904,-19.7788770465054
1942,1,619,619,-50.9878461629935,-32.1276153018552,-34.8278117151572,-16.8789078951152
1942,2,604,604,-50.7985419312909,-34.5730298469854,-34.6385074834534,-19.1724346000625
1942,3,640,640,6.14172108194532,-39.7763683277825,22.3017555297824,-24.2238852406768
1942,4,512,512,-88.6252254455579,-42.7268197711489,-72.465190997721,-27.0224488438603
1942,5,475,475,-65.1190333873966,-42.1004540741563,-48.9589989395597,-26.2441953066849
1942,6,506,506,-51.9397343346266,-40.3222320258265,-35.7796998867891,-24.3140854181722
1942,7,582,582,40.5482927201549,-32.579686759298,56.7083271679924,-16.2991860836177
1942,8,472,472,-47.47912635745,-29.0084302806352,-31.319091909613,-12.6074633771117
1942,9,457,457,-55.3595565987264,-29.917869280316,-39.1995221508896,-13.3964361489493
1942,10,546,546,-36.9524553534021,-34.958632090823,-20.7924209055645,-18.3167327316131
1942,11,631,631,-34.046731283412,-26.2091534716634,-17.8866968355751,-9.44678788461037
1942,12,677,677,-12.1668746460377,-20.6386666221493,3.99315980179995,-3.75583480725307
1943,1,695,695,23.2491838279196,-16.1982776186343,40.9752792377175,0.805020424105088
1943,2,652,652,-4.56151194037761,-23.1052306253029,13.1645834694212,-5.98146635472036
1943,3,573,573,-62.6212489271414,-23.1547229522539,-44.8951535173429,-5.91049245382821
1943,4,543,543,-59.3881954546447,-21.1820974725434,-41.6621000448466,-3.81740074627441
1943,5,567,567,25.1179966035166,-20.8634240832431,42.8440920133148,-3.37826112913102
1943,6,567,567,7.29729565628656,-16.0852020349133,25.0233910660852,1.52042714704205
1943,7,549,549,5.78532271106803,-16.8041952299233,23.5114181208669,0.997240508774973
1943,8,472,472,-49.2420963665369,-23.0790925974143,-31.5160009567385,-5.20231652981624
1943,9,466,466,-48.1225266078133,-24.3731469817105,-30.3964311980151,-6.42103058521269
1943,10,555,555,-29.7154253624889,-22.1831405614482,-11.9893299526901,-4.15568383605063
1943,11,634,634,-32.8097012924989,-21.6644311730579,-15.0836058827005,-3.5616341187605
1943,12,719,719,28.0701553448755,-26.9400981696976,45.7962507546748,-8.76196078650043
1944,1,652,652,-21.5137861811671,-29.3458630123365,-2.80826649567211,-11.0923853002395
1944,2,600,600,-58.3244819494644,-32.4835852497743,-39.6189622639683,-14.1547672087776
1944,3,616,616,-21.3842189362282,-29.9176929613407,-2.67869925073251,-11.5135345914442
1944,4,570,570,-34.1511654637314,-28.8681444047071,-15.4456457782362,-10.3886457059107
1944,5,491,491,-52.6449734055702,-30.6263940923299,-33.9394537200749,-12.0715550646338
1944,6,518,518,-43.4656743528002,-33.3097105055385,-24.7601546673043,-14.6795311489426
1944,7,521,521,-23.9776472980187,-39.1056267774716,-5.27212761252281,-20.3825343487219
1944,8,488,488,-35.0050663756236,-42.765139529578,-16.299546690128,-24.0244743575743
1944,9,500,500,-15.8854966169,-42.4438092984896,2.82002306859539,-23.6855713832319
1944,10,552,552,-34.4783953715757,-46.6384182628427,-15.7728756860797,-27.862607604331
1944,11,616,616,-52.5726713015856,-49.4274011821447,-33.86715161609,-30.6340177803789
1944,12,625,625,-67.6928146642114,-50.241529717246,-48.9872949787148,-31.4305735722261
1945,1,628,628,-47.2767561902539,-49.5703714829618,-28.3427908424567,-30.7418425946879
1945,2,591,591,-69.0874519585511,-48.2465552588611,-50.1534866107529,-29.4004536273333
1945,3,585,585,-54.1471889453151,-49.7575860473506,-35.2132235975171,-30.8939116725687
1945,4,530,530,-75.9141354728183,-53.4772682599477,-56.9801701250208,-34.5960211419118
1945,5,475,475,-70.407943414657,-49.3893641014167,-51.4739780668592,-30.4905442401268
1945,6,500,500,-63.2286443618869,-47.68806513001,-44.2946790140888,-28.771672525466
1945,7,512,512,-34.7406173071055,-47.1762890942507,-15.8066519593071,-28.2927708886988
1945,8,518,518,-6.7680363847104,-46.1434941540494,12.1659289630874,-27.3104230907435
1945,9,463,463,-54.6484666259869,-44.8990869998841,-35.7145012781892,-26.1164630788242
1945,10,524,524,-64.2413653806625,-41.5552344257757,-45.3074000328643,-22.8230576469617
1945,11,689,689,18.6643586893276,-37.5352464228177,37.5983240371254,-18.8535167862498
1945,12,664,664,-30.4557846732981,-32.4262980348421,-11.5218193254993,-13.7950155405201
1946,1,616,616,-61.0397261993406,-24.7551398005579,-42.7615737007415,-6.17430444848193
1946,2,628,628,-33.850421967638,-21.3544004995342,-15.5722694690377,-2.82401228970425
1946,3,588,588,-52.9101589544018,-21.8654312880236,-34.632006455802,-3.38549022043975
1946,4,597,597,-10.6771054819051,-20.3543442698515,7.60104701669445,-1.92485034451359
1946,5,NA,523.516621989379,-23.6542914343649,-18.804901649782,-5.37613893576543,-0.42585486669014
1946,6,561,561,-3.99161437097382,-24.5651411399138,14.2865381276263,-6.2365414990678
1946,7,585,585,36.4964126838078,-24.7456727964622,54.7745651824079,-6.59281084768499
1946,8,536,536,9.46899360620273,-19.2513393947225,27.7471461048026,-1.22376799576788
1946,9,506,506,-13.4114366350735,-19.9300091636341,4.866715863526,-2.02772831450216
1946,10,555,555,-35.0043353897493,-20.0476950510641,-16.7261828911492,-2.27070475175485
1946,11,628,628,-44.0986113197592,-20.2212933549814,-25.8204588211594,-2.56959360549485
1946,12,640,640,-56.2187546823849,-21.4597774277272,-37.9406021837842,-3.93336822806327
1947,1,646,646,-32.8026962084275,-20.3270807319046,-16.1533208575228,-2.92596208206325
1947,2,674,674,10.3866080232752,-13.6186491231886,27.035983374181,3.6571789768301
1947,3,600,600,-42.6731289634886,-13.6681414501396,-26.0237536125834,3.48239610005642
1947,4,555,555,-54.4400754909918,-15.4647467396598,-37.7907001400869,1.56050026071362
1947,5,536,536,-12.9338834328306,-9.53068873497489,3.71549191807446,7.36926771557581
1947,6,527,527,-39.7545843800606,-4.9832359174143,-23.1052090291549,11.7914299833138
1947,7,561,561,10.7334426747209,0.913155502960361,27.3828180256265,17.3597378136013
1947,8,652,652,123.706023597116,2.86902736623851,140.355398948021,19.1128166366152
1947,9,530,530,8.82559335583971,5.03651144348076,25.4749687067448,21.0775076735931
1947,10,555,555,-36.7673053988361,10.5342101714354,-20.1179300479304,26.3724133612833
1947,11,716,716,42.138418671154,11.5144580213642,58.7877940220593,27.1498681709477
1947,12,713,713,15.0182753085284,16.6234064093398,31.6676506594343,32.056023518659
1948,1,701,701,20.4343337824857,19.6791800282394,34.4473996099537,34.9090040972943
1948,2,658,658,-7.37636198581163,21.6953039446477,6.63670384165744,36.7223349734383
1948,3,683,683,38.5639010274245,12.7227346946198,52.5769668548933,27.5469726831459
1948,4,640,640,28.7969544999213,16.0799755589457,42.8100203273896,30.7014205072076
1948,5,509,509,-41.6968534419175,18.5524951020921,-27.6837876144489,32.9711470100896
1948,6,622,622,53.4824456108527,13.5614863811912,67.4955114383215,27.7773452489243
1948,7,552,552,-0.0295273343658664,13.1501854938735,13.9835384931032,26.8848814655454
1948,8,567,567,36.9430535880292,12.7983650494594,50.9561194154981,26.2546911653345
1948,9,530,530,7.06262334675273,15.0427722036247,21.0756891742214,28.220728463703
1948,10,646,646,52.4697245920771,11.0789324700409,66.4827904195461,23.9785188743223
1948,11,671,671,-4.62455133793276,11.8284110892004,9.38851448953574,24.4496276376851
1948,12,677,677,-22.7446947005585,19.9373594771761,-8.73162887308899,32.280206169864
1949,1,692,692,9.67136377339887,22.4546715576141,20.0656214755084,34.5191483945052
1949,2,683,683,15.8606680051016,24.4707954740224,26.2549257072121,36.2569024551167
1949,3,668,668,21.8009310183378,23.959764685533,32.195188720448,35.4675018108304
1949,4,600,600,-12.9660155091655,18.393928626782,-2.57175780705575,29.6232958962827
1949,5,591,591,38.5401765489958,14.7895250930053,48.9344342511058,25.7405225067092
1949,6,634,634,63.7194756017658,16.7215932951813,74.1137333038762,27.3942208530884
1949,7,640,640,86.2075026565473,19.0795231770944,96.6017603586579,29.1264451298788
1949,8,558,558,26.1800835789423,15.6507796557572,36.5743412810527,25.3503658592159
1949,9,555,555,30.299653337666,16.2028791176148,40.6939110397761,25.5551295717477
1949,10,530,530,-65.2932454170098,14.8544239994156,-54.8989877148992,23.8593387042226
1949,11,683,683,5.61247865298037,11.450056464729,16.0067363550904,20.1076354202103
1949,12,722,722,20.4923352903547,10.1743894680893,30.8865929924657,18.4846326742448
1950,1,692,692,7.90839376431211,4.7686246254504,13.7872867251863,12.7315320822801
1950,2,634,634,-34.9023020039851,1.16936392647411,-29.02340904311,8.78493563397799
1950,3,671,671,23.0379610092509,-0.110897631246129,28.9168539701258,7.15733832693192
1950,4,619,619,4.27101448174778,-0.522887536150935,10.1499074426222,6.39801267270135
1950,5,497,497,-57.222793460091,5.48809354545702,-51.3439004992164,12.0616580049835
1950,6,594,594,21.956505592679,13.1124694399407,27.8353985535541,19.3386981501414
1950,7,549,549,-6.55546735253949,16.0088608603153,-0.676574391664303,21.4825340401032
1950,8,573,573,39.4171135698556,14.8878096466704,45.2960065307304,19.9562630453715
1950,9,536,536,9.53668332857922,21.0552937239127,15.4155762894538,25.7185273415268
1950,10,622,622,24.9437845739035,20.6299155287904,30.8226775347787,24.8879293653176
1950,11,692,692,12.8495086438936,22.9947787633346,18.7284016047684,26.8475728187749
1950,12,808,808,104.729365281268,27.1037271513102,110.608258242144,30.5513014256636
1951,1,744,744,58.1454237552254,25.6979623086713,58.7564595619697,28.7403168019379
1951,2,664,664,-6.6652720130719,20.4063939173873,-6.05423620632655,23.043528629567
1951,3,695,695,45.2749910001642,19.4338246673594,45.8860268069093,21.6657395984521
1951,4,634,634,17.508044472661,19.7910655316854,18.1190802794056,21.6177606816912
1951,5,591,591,35.0142365308222,18.494354305601,35.6252723375671,19.9158296745199
1951,6,570,570,-3.80646441640772,14.3494994308539,-3.19542860966249,15.3657550186859
1951,7,561,561,3.68156263837375,1.93819854353626,4.29259844511921,2.10117096175973
1951,8,460,460,-75.3458564392313,-1.72131420857021,-74.7348206324862,-2.00640517886821
1951,9,555,555,26.7737133194925,-2.55383013132796,27.3847491262372,-3.28698449014753
1951,10,613,613,14.1808145648167,-6.2099775572195,14.7918503715621,-7.39119530456066
1951,11,689,689,8.08653863480686,-12.9220373995984,8.69757444155175,-14.5513185354611
1951,12,664,664,-41.0336047278189,-17.1977043962381,-40.422568921073,-19.2750489206224
1952,1,631,631,-56.6175462538614,-21.4496230850309,-61.8313344978973,-23.9750309979366
1952,2,683,683,10.5717579778412,-21.5873453224687,5.3579697338065,-24.560816623896
1952,3,634,634,-17.4879790089226,-17.1752991878812,-22.7017672529578,-20.5968338778302
1952,4,616,616,-2.25492553642584,-21.8180583235553,-7.46871378046137,-25.6876564020257
1952,5,488,488,-69.7487334782645,-22.4224618573319,-74.9625217222999,-26.7401233243239
1952,6,555,555,-20.5694344254946,-17.6442398090021,-25.7832226695294,-22.4099646645156
1952,7,500,500,-59.081407370713,-10.7478483886274,-64.2951956147479,-16.4343249879826
1952,8,539,539,1.89117355168207,-6.63813037150315,-3.32261469235311,-12.7972953261782
1952,9,512,512,-17.9892566895943,-9.39372321733781,-23.2030449336297,-16.0255765273329
1952,10,567,567,-33.58215544427,-11.2037167970755,-38.7959436883049,-18.3082584623906
1952,11,689,689,6.3235686257201,-17.531161254839,1.1097803816848,-25.108391275474
1952,12,777,777,70.2034252630943,-14.8068282514788,64.98963701906,-22.8567466274337
1953,1,738,738,48.6194837370517,-7.36643924796378,37.2607468738563,-15.8890459792387
1953,2,671,671,-3.19121203124553,-0.888776870016998,-14.5499488944399,-9.88407195661192
1953,3,628,628,-25.2509490180094,-3.93826919696802,-36.6096858812043,-13.4062526388829
1953,4,579,579,-41.0178955455126,-1.27333602494975,-52.3766324087078,-11.2140078221846
1953,5,475,475,-84.5117034873514,0.276106595119727,-95.8704403505465,-10.1372535574351
1953,6,543,543,-34.3324044345813,1.05432864344953,-45.6911412977759,-9.8317198644252
1953,7,637,637,76.1556226202001,-4.51081839771427,64.7968857570056,-16.3464756948087
1953,8,564,564,25.1282035425952,-5.86263884212844,13.7694666794005,-18.1752165731225
1953,9,494,494,-37.7522266986812,-2.54130861104003,-49.1109635618761,-15.3308067759337
1953,10,619,619,16.6548745466431,-2.50514834462388,5.29613768344871,-15.7715669434173
1953,11,671,671,-13.4394013833668,1.32125335145877,-24.7981382465616,-12.4220856812343
1953,12,725,725,16.4404552540075,9.19943250866517,5.08171839081342,-5.02082695792746
1954,1,689,689,-2.14348627203503,15.485975358334,-19.7021887759259,0.788795457841712
1954,2,707,707,31.0458179596676,13.9636377362808,13.4871154557778,-1.21046259811117
1954,3,695,695,39.9860809729038,11.9910684862529,22.4273784690134,-3.65995228203877
1954,4,597,597,-24.7808655545994,20.502155504425,-42.33956805849,4.37421430223374
1954,5,570,570,8.72532650356186,20.8208288937252,-8.83337600032871,4.21596725763431
1954,6,597,597,17.9046255563318,25.8298201728243,0.34592305244189,8.74803810283376
1954,7,610,610,47.3926526111134,30.803134670122,29.8339501072234,12.7846775587172
1954,8,597,597,56.3652335335084,37.6820834564771,38.8065310296182,19.2038717375578
1954,9,533,533,-0.515196707767927,37.3111059952578,-18.0738992116584,18.373139668824
1954,10,677,677,72.8919045375563,35.5011124155201,55.3332020336665,16.1033914815718
1954,11,707,707,20.7976286075465,40.558283342372,3.23892610365613,20.7008078009091
1954,12,762,762,51.6774852449207,43.9749240380399,34.1187827410312,23.6576938890626
1955,1,774,774,81.0935437188781,42.3383899646318,57.5580313172984,21.56140520814
1955,2,765,765,87.2828479505808,36.1237446502709,63.7473355490022,14.8870052862645
1955,3,683,683,26.223110963817,38.9204061694737,2.68759856223801,17.2239121979528
1955,4,640,640,16.4561644363138,41.1238008799535,-7.0793479652657,18.9675523009182
1955,5,604,604,40.962356494475,29.7501665769461,17.4268440928959,7.13416339039616
1955,6,634,634,53.141655547245,35.0668501637374,29.6061431456662,11.991092369673
1955,7,561,561,-3.37031739797351,33.5017031225736,-26.9058297995521,9.54474118284577
1955,8,509,509,-33.3977364755784,29.1498826781595,-56.9332488771574,4.77147120028284
1955,9,628,628,92.7218332831452,25.6250590630941,69.186320881566,0.825198047068519
1955,10,634,634,28.1289345284696,23.8919885602794,4.5934221268908,-1.32932199389499
1955,11,613,613,-74.9653414015404,23.9128530636666,-98.5008538031195,-1.72990702865665
1955,12,802,802,89.9145152358338,19.4064168362576,66.3790028342557,-6.65779279421446
1956,1,726,726,31.3305737097913,13.1544981474649,2.31621731227654,-13.331161021156
1956,2,704,704,24.5198779414941,14.9770280446591,-4.49447845601969,-11.9300806621107
1956,3,700,700,41.4601409547302,14.5429203330928,12.445784557216,-12.7856379118259
1956,4,629,629,3.69319442722701,7.90016119741872,-25.3211619702876,-19.8498465856488
1956,5,NA,581.528016494959,16.7274029803471,3.60344997133435,-12.2869534171673,-24.568007349882
1956,6,565,565,-17.6213144618417,6.38167201966416,-46.6356708593556,-22.211234839701
1956,7,538,538,-28.1332874070603,-1.71030875197799,-57.147643804574,-31.0882068886167
1956,8,NA,564.483277750217,20.3225712655515,-5.83465128113719,-8.69178513196266,-35.5760911569003
1956,9,498,498,-39.0411367259416,-9.17746667029522,-68.0554931234559,-39.2824482851828
1956,10,614,614,6.36596451938271,-14.9825200509164,-22.6483918781311,-45.4510434049285
1956,11,662,662,-27.7283114106272,-17.3205276411306,-56.7426678081414,-48.1525927342672
1956,12,675,675,-38.8484547732529,-19.2212318105803,-67.8628111707662,-50.4168386428414
1957,1,NA,681.151161503781,-15.2812347955141,-17.5462427449096,-49.0216338016476,-49.1053913162953
1957,2,NA,658.957212898315,-22.2858791692782,-15.0335909055581,-56.0262781754105,-46.9562812160682
1957,3,NA,641.366106936796,-18.9367221175603,-17.943013627978,-52.677121123693,-50.2292456776127
1957,4,NA,593.064222588515,-34.0055529933451,-16.3236734447313,-67.7459519994782,-48.9734472334904
1957,5,NA,539.862679278141,-26.7009042455574,-18.4107201705694,-60.4413032516903,-51.4240356984531
1957,6,NA,576.402533248429,-7.98175122249927,-16.5252814039597,-41.7221502286318,-49.9021386709678
1957,7,NA,572.049800808024,4.15354339187672,-14.8596592143543,-29.5868556142557,-48.8888326067779
1957,8,NA,550.454862998262,4.53118650450983,-14.9923382359824,-29.2092125016229,-49.3102860146969
1957,9,NA,521.304182609121,-17.4999241259078,-13.7446397663028,-51.2403231320408,-48.3513619313082
1957,10,NA,591.40729114597,-17.9897143437339,-10.1981800334863,-51.7301133498663,-45.0936765847827
1957,11,NA,670.725638503201,-20.7656429165129,-2.76133392113558,-54.5060419226457,-37.9456048587229
1957,12,NA,712.393817337639,-3.21760744470077,4.20433144544457,-36.9580064508327,-31.2687138784336
1958,1,681,681,-17.1953663083823,8.53683327600345,-54.6898323362975,-27.2249864341656
1958,2,666,666,-17.0060620766795,12.1645109764099,-54.5005281045937,-23.8860831200501
1958,3,656,656,-6.06579906344336,13.3877214957465,-43.560265091358,-22.9516469870044
1958,4,656,656,27.1672544090534,8.56771754398625,-10.3272116188616,-28.0604253250555
1958,5,631,631,62.6734464672147,9.62429161436573,25.1789804392998,-27.292625640967
1958,6,650,650,63.8527455199846,19.3466953162955,26.3582794920703,-17.8589963253281
1958,7,618,618,48.3407725747661,25.905100787621,10.8463065468519,-11.790306454711
1958,8,599,599,51.3133534971612,31.3994341893607,13.8188874692466,-6.49691426738856
1958,9,561,561,20.4329232558848,36.7207644204491,-17.06154277203,-1.37652525071753
1958,10,531,531,-80.1599754987908,40.9107708407114,-117.654441526705,2.6125399551274
1958,11,689,689,-4.25425142880079,50.8910186906402,-41.7487174567154,12.3918465906389
1958,12,823,823,105.625605208574,54.6153516940004,68.1311391806597,15.9152383795818
1959,1,782,782,82.041663682531,64.2865099282846,41.9349618671902,25.3854553994487
1959,2,739,739,54.2309679142337,64.1487876908468,14.1242660988939,25.0467919475935
1959,3,716,716,52.1712309274698,65.0223722869727,12.0645291121297,25.719435329302
1959,4,679,679,48.4042843999666,66.1488439205295,8.29758258462607,26.6449657484414
1959,5,727,727,156.910476458128,77.2367480790605,116.803774642788,37.5319286925551
1959,6,699,699,111.089775510898,81.3226624350826,70.983073695558,41.4169018341599
1959,7,761,761,189.577802565679,76.7575153939188,149.47110075034,36.5461613368367
1959,8,596,596,46.5503834880744,75.8672334110431,6.44368167273433,35.551227112219
1959,9,605,605,62.6699532467981,78.1885636421315,22.5632514314577,37.7679051015654
1959,10,648,648,35.0770544921224,82.6862623700862,-5.02964732321743,42.160951587778
1959,11,759,759,63.9827785621125,88.5895871430919,23.8760767467722,47.9596241190418
1959,12,768,768,48.8626351994867,82.2369970695291,8.7559333841474,41.502381803737
1960,1,748,748,46.2786936734442,80.1389245345825,4.81151271545741,39.2996570270484
1960,2,757,757,70.4679979051469,69.2319715279139,29.0008169471612,28.2880517786378
1960,3,750,750,84.408260918383,68.7209407394244,42.9410799603969,27.6723687484063
1960,4,743,743,110.64131439088,64.7704892960581,69.1741334328933,23.617265063298
1960,5,697,697,125.147506449041,67.0122396084352,83.6803254910548,25.7543631339332
1960,6,664,664,74.3268055018111,66.790461656765,32.8596245438252,25.427932940521
1960,7,657,657,83.8148325565926,65.3022376925243,42.3476515986068,23.8300221466862
1960,8,599,599,47.7874134789876,64.0273403250332,6.32023252100157,22.5500901913431
1960,9,584,584,39.9069832377113,59.9640551715063,-1.56019772027503,18.481770449964
1960,10,626,626,11.3140844830356,57.7694462071532,-30.1530964749502,16.2821268977589
1960,11,761,761,64.2198085530256,53.8266171340051,22.7526275950395,12.3342632367587
1960,12,782,782,61.0996651903999,48.806587717184,19.6324842324146,7.30919923208564
1961,1,733,733,29.5157236643574,48.7591566604738,-12.0169069357062,7.25673358752341
1961,2,718,718,29.7050278960601,47.5240602865504,-11.8276027040024,6.0166026257479
1961,3,685,685,17.6452909092962,47.5489455101323,-23.8873396907667,6.03645326147767
1961,4,690,690,55.878344381793,47.1369556052275,14.3457137817297,5.61942876872085
1961,5,633,633,59.3845364399542,50.76332130222,17.8519058398912,9.24075987786131
1961,6,NA,651.323288537643,59.8871240303677,42.0030818120883,18.3544934303051,0.475485799877588
1961,7,NA,648.658339217073,73.7102017645789,32.4379347709245,32.1775711645163,-9.00208359372947
1961,8,NA,620.734136225687,67.7585796955881,31.0861143265104,26.2259490955253,-10.2612918027346
1961,9,NA,593.966908156927,48.1109213855516,29.3305214806757,6.57829078548855,-11.9242724131604
1961,10,651,651,34.5511144739488,33.8282202086303,-6.98151612611377,-7.33396144979694
1961,11,757,757,58.4568385439389,34.731544981636,16.9242079438759,-6.33802444138229
1961,12,673,673,-49.6633048186868,29.6866472157655,-91.1959354187489,-11.2903099718439
1962,1,642,642,-63.2472463447294,35.4867832548464,-103.575917884477,-5.39756169735409
1962,2,702,702,11.9420578869733,35.6061118468645,-28.3866136527733,-5.18562086992711
1962,3,676,676,6.88232090020938,35.9616859640914,-33.4463506395377,-4.73743451729133
1962,4,712,712,76.1153743727062,38.5522415855768,35.7867028329588,-2.05426666039696
1962,5,643,643,67.6215664308675,40.1016842056463,27.2928948911201,-0.412211804918599
1962,6,587,587,-6.19913451636251,43.802983177053,-46.5278060561093,3.38169940189711
1962,7,712,712,135.288892538419,54.2378361358892,94.9602209986722,14.0923467351395
1962,8,630,630,75.261473460814,68.5014003068596,34.932801921067,28.5390930451074
1962,9,620,620,72.3810432195377,74.0534997687173,32.0523716797904,34.2743746459624
1962,10,700,700,81.7881444648619,81.3973523428257,41.4594729251153,41.8014093590682
1962,11,755,755,54.6938685348521,84.0699078850622,14.365196995105,44.657147040302
1962,12,831,831,106.573725172226,77.6403947345763,66.24505363248,38.4108160288135
1963,1,793,793,85.9897836461837,80.8500145073221,48.0424799134018,41.8036179405567
1963,2,814,814,122.179087877886,76.0969076544996,84.2317841451056,37.2336932267316
1963,3,755,755,84.1193508911226,70.2012614813948,46.1720471583413,31.5212291926241
1963,4,740,740,102.352404363619,65.9431177303361,64.4051006308378,27.4462675805628
1963,5,688,688,110.858596421781,69.4156372734825,72.9112926889992,31.1019692627066
1963,6,579,579,-15.9621045254493,63.88616701412,-53.9094082582303,25.7556811423415
1963,7,614,614,35.5259225293322,57.2440968960331,-2.42138120344873,19.5589147751788
1963,8,630,630,73.4985034517272,57.4307379900805,35.551199718946,20.0076774811531
1963,9,548,548,-1.3819267895492,55.9059143750151,-39.3292305223306,18.7449754780145
1963,10,637,637,17.0251744557752,58.4036131029697,-20.9221292770058,21.504795817896
1963,11,829,829,126.930898525765,51.845399414437,88.9835947929839,15.2087037412901
1963,12,709,709,-17.1892448368604,42.2620401101049,-55.1365485696409,5.887466048885
1964,1,729,729,20.2268136370969,46.4716598828506,-14.3129091406355,10.3592074335576
1964,2,782,782,88.4161178687997,51.487783799259,53.8763950910683,15.6374529618928
1964,3,775,775,102.356380882036,49.515214549231,67.816658104304,13.9270053237917
1964,4,756,756,116.589434354533,52.5703364898561,82.0497115768004,17.2442488763437
1964,5,596,596,17.0956264126938,54.7221729539124,-17.4440963650381,19.6582069523269
1964,6,583,583,-13.7250745345361,44.5773180791653,-48.2647973122677,9.7754736895067
1964,7,619,619,38.7629525202453,46.2429402687707,4.22322974251392,12.0289707998819
1964,8,659,659,100.73553344264,47.0449659782027,66.1958106649087,13.156749818157
1964,9,599,599,47.855103201364,39.4432192862142,13.3153804236321,5.88075643501142
1964,10,NA,660.072453991888,38.3346584385764,32.6332257064765,3.79493566084489,-0.603483835883315
1964,11,NA,748.831119971829,44.9990484885072,26.3827043256361,10.4593257107754,-6.52825190788073
1964,12,723,723,-4.9522148459472,27.1724088626355,-39.4919376236783,-5.41279406203833
1965,1,715,715,4.46384362801018,31.9179508339108,-25.8410861347634,-0.341498781920002
1965,2,726,726,30.6531478597129,30.9340747503191,0.3482180969404,-0.999621556668706
1965,3,664,664,-10.406589127051,20.6538131925989,-40.7115188898239,-10.954129805546
1965,4,655,655,13.8264643454459,20.164900210771,-16.4784654173275,-11.1172894785308
1965,5,616,616,35.3326564036071,18.0933848314645,5.02772664083398,-12.8630515489944
1965,6,NA,625.849829937309,27.3617853936858,13.6538284204228,-2.94314436908689,-16.976854651193
1965,7,NA,629.966988580885,47.9669710920431,17.011758302336,17.6620413292706,-12.9216349171933
1965,8,586,586,25.9725634335537,16.0445532425372,-4.33236632921921,-13.5173034337483
1965,9,520,520,-32.9078668077227,15.3658834736256,-63.2127965704958,-13.8244366594162
1965,10,665,665,41.4992344376016,18.3251206631187,11.194304674829,-10.4936629266795
1965,11,717,717,11.4049585075917,12.9207531284321,-18.8999712551813,-15.5264939181224
1965,12,717,717,-12.7151848550341,10.8000326927824,-43.0201146178061,-17.2756778105284
1966,1,751,751,38.7008736189234,13.5596655472736,13.2259189183176,-14.1445084127935
1966,2,689,689,-8.10982214937394,11.655251880537,-33.5847768499787,-15.6773855362865
1966,3,698,698,21.8304408638622,16.7596057074321,-3.64451383674293,-10.2014951661477
1966,4,671,671,28.063494336359,31.8091542640658,2.58853963575348,5.21958993372967
1966,5,526,526,-56.4303136054797,32.3585968841353,-81.9052683060851,6.14056909704279
1966,6,NA,608.01430529287,7.76329074016064,39.9829727786189,-17.7116639604442,14.1364815347702
1966,7,647,647,63.2370125020718,46.4178257374551,37.762057801467,21.3411121847418
1966,8,585,585,23.2095934244669,45.3736976007333,-2.26536127613826,20.6952251959119
1966,9,647,647,92.3291631831904,45.3873355241294,66.8542084825851,21.1071042671998
1966,10,788,788,162.736264428515,43.885034252084,137.26130972791,20.0030441430462
1966,11,756,756,48.6419884985049,42.096051332782,23.1670337978996,18.6123023716361
1966,12,842,842,110.521845135879,49.3588458746038,85.0468904352748,26.2733380613497
1967,1,785,785,70.9379036098366,46.6442883171287,50.6400838318247,23.9570216517665
1967,2,724,724,25.1272078415393,40.4296430027678,4.82938806352843,18.1406174852974
1967,3,670,670,-7.93252914522452,35.8416891373553,-28.2303489232357,13.9509047677767
1967,4,647,647,2.30052432727223,28.4296992324505,-17.9972954507394,6.93715601076379
1967,5,589,589,4.80671638543345,12.7483726217507,-15.4911033925779,-8.34592945204416
1967,6,640,640,37.9860154382035,-0.242636099150266,17.6881956601925,-20.9386970250532
1967,7,558,558,-27.5259575070151,-10.6539369864679,-47.8237772850258,-30.5457391874395
1967,8,546,546,-17.55337658462,-17.1596035847282,-37.8511963626312,-36.64538820866
1967,9,520,520,-36.4338068258963,-15.2998118151783,-56.7316266039078,-34.3795788620704
1967,10,623,623,-4.02670558057207,-14.0328823179929,-24.3245253585829,-32.7066317878454
1967,11,668,668,-41.1209815105819,-17.8987883142179,-61.4188012885933,-36.1665202070308
1967,12,613,613,-120.241124873208,-22.5590706954731,-140.538944651218,-40.4207850112462
1968,1,691,691,-24.8250663992502,-21.8109893842658,-39.8446576757464,-39.2666861229992
1968,2,687,687,-13.6357621675475,-22.7179423909344,-28.6553534440426,-39.7676215526282
1968,3,729,729,49.3045008456886,-25.7674347178854,34.2849095691931,-42.4110963025395
1968,4,655,655,8.53755431818547,-24.3332707766363,-6.48203695831046,-40.5709147842508
1968,5,538,538,-47.9562536236533,-24.2453666181053,-62.975844900149,-40.0769930486801
1968,6,548,548,-55.7769545708833,-22.1594522620832,-70.7965458473785,-37.5850611156182
1968,7,635,635,47.7110724838982,-14.1861377647854,32.6914812074031,-28.8093745268646
1968,8,526,526,-39.3163465937067,-17.6148812861227,-54.3359378702022,-31.8417635337853
1968,9,501,501,-57.1967768349831,-16.2935510550343,-72.2163681114788,-30.1240787882806
1968,10,611,611,-17.7896755896588,-19.4112369424643,-32.809266866154,-32.8454101612942
1968,11,708,708,-2.8839515196687,-18.6617583233047,-17.9035427961643,-31.6995770277182
1968,12,721,721,-14.0040948822945,-20.7066560891752,-29.0236861587891,-33.3481202791723
1969,1,701,701,-16.588036408337,-15.1893440087372,-26.4550189974201,-27.4344536843179
1969,2,633,633,-69.3987321766343,-15.7886047077135,-79.2657147657163,-27.6373598688778
1969,3,685,685,3.54153083660185,-14.376558573126,-6.32545175248072,-25.828959219874
1969,4,657,657,8.7745843090986,-9.71162540110773,-1.0923982799842,-20.7676715334393
1969,5,606,606,18.2807763672599,-11.3929520118075,8.41379377817714,-22.0526436297227
1969,6,531,531,-74.53992457997,-20.4608838096315,-84.4069071690523,-30.7242209131303
1969,7,605,605,15.9481024748114,-17.1798770046415,6.08111988572921,-26.6749346633332
1969,8,607,607,39.9206833972064,-10.3778512952095,30.0537008081241,-19.5009840235104
1969,9,539,539,-20.9597468440699,-3.2103672179672,-30.8267294331525,-11.9615750158774
1969,10,634,634,3.44735440125442,-4.63574541308951,-6.4196281878277,-13.015028280609
1969,11,673,673,-39.6469215287555,-2.3478052554684,-49.513904117838,-10.3551631925971
1969,12,616,616,-120.767064891381,0.068835440199539,-130.634047480463,-7.56659756653841
1970,1,748,748,28.6489935825763,8.04768598217604,23.6170350885727,0.784177905828862
1970,2,776,776,71.8382978142789,10.679194513969,66.8063393202765,3.78761136801253
1970,3,707,707,23.7785608275151,8.70662526394105,18.7466023335123,2.18696704837532
1970,4,635,635,-14.9883856999882,10.8330968974978,-20.0203441939914,4.68536361232283
1970,5,628,628,38.5178063581731,7.22869336372111,33.4858478641702,1.45288500893687
1970,6,657,657,49.6971054109431,9.31460771974323,44.6651469169406,3.91072429534979
1970,7,620,620,29.1851324657246,21.4417683708871,24.1531739717223,16.7461415117361
1970,8,619,619,50.1577133881196,22.8591786957037,45.1257548941169,18.4998834714046
1970,9,576,576,14.2772831468433,20.9497396960229,9.24532465284028,16.9267761065756
1970,10,639,639,6.68438439216766,22.1397461162852,1.65242589816512,18.4531141616897
1970,11,671,671,-43.4098915378423,21.7353785815986,-48.4418500318452,18.3850782618549
1970,12,726,726,-12.530034900468,23.8443269695743,-17.5619933944699,20.8303582846824
1971,1,758,758,36.8860235734894,19.9770236653969,36.2263763325594,17.2993866153569
1971,2,753,753,47.0753278051922,19.1469937356514,46.4156805642632,16.8056883204631
1971,3,732,732,47.0155908184282,18.4821167933158,46.3559435774989,16.4771430129793
1971,4,691,691,39.2486442909251,17.3008961191802,38.5889970499953,15.6322539736955
1971,5,571,571,-20.2451636509137,16.0811079700189,-20.9048108918432,14.748797459386
1971,6,675,675,65.9341354018563,19.090099249118,65.2744881609273,18.094120373337
1971,7,592,592,-0.577837543362193,22.2172599002619,-1.23748478429115,21.851385592294
1971,8,589,589,18.3947433790329,20.9423625327708,17.7350961381036,20.8702611577644
1971,9,605,605,41.5143131377565,16.8021543023207,40.854665896827,17.0238258602758
1971,10,633,633,-1.07858561691921,13.7613914918138,-1.73823285784817,14.2768359827303
1971,11,707,707,-9.17286154692908,11.4260908766325,-9.8325087878585,12.2353083005105
1971,12,736,736,-4.29300490955484,9.61196234153122,-4.95265215048335,10.7149526983707
1972,1,751,751,28.1230535644027,4.12927442196928,31.2824544519715,5.52603771177016
1972,2,728,728,20.3123577961053,0.683859876839147,23.4717586836753,2.37439609960145
1972,3,680,680,-6.74737919065853,-1.82717091165032,-3.58797830308913,0.157138244073412
1972,4,661,661,7.48567428183821,-2.77762235501667,10.6450751694074,-0.499540266331441
1972,5,NA,601.897869953569,8.88973629356838,-3.1512566580241,12.0491371811376,-0.579401636377462
1972,6,567,567,-43.8288346072305,-9.83457307123276,-40.6694337196607,-6.96894511662461
1972,7,589,589,-5.34080755244895,-18.3997201123966,-2.1814066648792,-14.9916621856312
1972,8,527,527,-45.3682266300539,-19.9053867106569,-42.2088257424844,-16.2486717446956
1972,9,551,551,-14.2486568713302,-23.7379026334146,-11.0892559837609,-19.8325306282575
1972,10,665,665,29.158444373994,-20.0863577516138,32.3178452615639,-15.9323287072608
1972,11,712,712,-5.93583155601584,-21.7214945170697,-2.77643066844644,-17.3188084335207
1972,12,646,646,-96.0559749186416,-20.7585361255224,-92.8965740310714,-16.1071930027776
1973,1,609,609,-115.639916444684,-17.7796855835459,-109.247974047569,-12.8796854216052
1973,2,718,718,8.54938778701853,-18.7635616671376,14.9413301841348,-13.614904466001
1973,3,659,659,-29.5103491997453,-14.5053616863963,-23.1184068026294,-9.10804744606382
1973,4,696,696,40.7227042727515,-11.3019669759165,47.1146466698669,-5.6559956963881
1973,5,581,581,-13.7711036690873,-11.1371397404624,-7.3791612719715,-5.24251142173816
1973,6,634,634,21.4081953836827,-6.05122538444026,27.8001377807989,0.092059973479901
1973,7,591,591,-5.10377756153582,6.46055065131902,1.28816483558057,13.0576926180819
1973,8,556,556,-18.1311966391407,20.1856532838279,-11.7392542420248,26.9879948202379
1973,9,577,577,9.98837311958289,23.8915988995317,16.3803155166986,30.8991400055886
1973,10,665,665,27.3954743649073,29.6200668582556,33.7874167620234,36.8328075339593
1973,11,751,751,31.3011984348973,25.5233916312613,37.6931408320131,32.941331876612
1973,12,804,804,60.1810550722715,20.70926309616,66.5729974693884,28.3324029111577
1974,1,793,793,66.597113546229,23.149652099675,75.6566503487546,30.9779914843197
1974,2,774,774,62.7864177779318,25.1657760160833,71.8459545804584,33.1993149703749
1974,3,747,747,56.7266807911678,26.5008990737477,65.7862175936941,34.7396375976862
1974,4,702,702,44.9597342636647,19.2427553226891,54.0192710661905,27.6866934162745
1974,5,584,584,-12.5340736781741,14.7152748658355,-3.47453687564803,23.3644125290679
1974,6,538,538,-76.354774625404,17.5704199910883,-67.2952378228775,26.4247572239678
1974,7,651,651,53.1332524293774,11.7745037191553,62.192789231904,21.0010815591173
1974,8,597,597,21.1058333517725,6.03806789012578,30.1653701542988,15.4316867675236
1974,9,568,568,-0.774596889503869,-0.640601878785814,8.28493991302219,8.92005803604769
1974,10,555,555,-84.3674956441796,-6.60444161236966,-75.307958841653,3.12325933989954
1974,11,690,690,-31.4617715741895,-10.7011168393639,-22.4022347716633,-0.80637484965898
1974,12,814,814,68.4180850631848,-12.5921684513883,77.4776218657119,-2.53038542424758
1975,1,713,713,-15.1658564628577,-5.53639483248871,-3.9347861736677,4.69242923208775
1975,2,705,705,-7.9765522311551,-10.7510401468496,3.25451805803607,-0.355175044837445
1975,3,668,668,-24.0362892179189,-13.845535168345,-12.8052189287281,-3.2826290288971
1975,4,638,638,-20.8032357454222,-15.6421404578652,-9.5721654562318,-4.91219328098152
1975,5,590,590,-8.29704368726084,-8.78500553010339,2.93402660192976,2.11198268421596
1975,6,579,579,-37.1177446344909,-4.77601425100435,-25.8866743452999,6.28801500075081
1975,7,615,615,15.3702824202907,-9.95654590755276,26.6013527094818,1.41144480334038
1975,8,563,563,-14.6571366573144,-7.84682789042846,-3.42606636812354,3.65808324216714
1975,9,NA,551.414964970923,-19.1226019276673,-9.14088227472466,-7.89153163847675,2.50094927957328
1975,10,617,617,-24.1304656532664,-8.64318354677005,-12.8993953640753,3.13556842923023
1975,11,728,728,4.77525841672377,-14.9706280045336,16.0063287059144,-3.05495560683089
1975,12,768,768,20.655115054098,-24.4001411550195,31.8861853432896,-12.3475483356144
1976,1,731,731,1.0711735280554,-28.421290613043,14.0822092993764,-16.2317773719355
1976,2,727,727,12.2604777597581,-32.1743974658654,25.2715135310801,-19.8479638030556
1976,3,669,669,-24.7992592270057,-32.5315821005087,-11.7882234556841,-20.0682280159966
1976,4,643,643,-17.5662057545089,-35.2062616185615,-4.55516998318774,-22.6059871123469
1976,5,497,497,-103.060013696348,-35.9645113061843,-90.0489779250263,-23.2273163782674
1976,6,487,487,-130.880714643578,-36.4939815655468,-117.869678872256,-23.6198662159275
1976,7,512,512,-89.3926875887962,-36.6745132220952,-76.3816518174742,-23.5470409514271
1976,8,546,546,-33.4201066664011,-39.2571028972786,-20.4090708950795,-26.013194127264
1976,9,553,553,-19.3005369076775,-41.2434649738825,-6.28950113635608,-27.8831197045214
1976,10,589,589,-53.8934356623531,-35.6688431690048,-40.8823998910312,-22.1920614002972
1976,11,691,691,-33.9877115923631,-30.4578260883068,-20.9766758210416,-16.8646078202527
1976,12,747,747,-2.10785495498874,-21.271954623408,10.9031808163336,-7.56229985600748
1977,1,750,750,18.3082035189686,-15.1392579275854,32.8329137817939,-1.31316666083831
1977,2,684,684,-32.5024922493286,-10.3539032419463,-17.9777819865024,3.58862452414724
1977,3,682,682,-13.5622292360925,-9.94185710735882,0.962481026733371,4.11710715808116
1977,4,710,710,47.6708242364043,-3.20000085841747,62.1955344992298,10.975399906369
1977,5,652,652,50.1770162945655,1.27251868472893,64.7017265573912,15.5643559488619
1977,6,636,636,16.3563153473356,-2.79541311309511,30.8810256101617,11.6128606503844
1977,7,552,552,-51.155657597883,-6.43748323118198,-36.6309473350567,8.19314803937297
1977,8,554,554,-27.1830766754879,-10.3277652140577,-12.658366412662,4.4087870642264
1977,9,546,546,-28.0635069167643,-7.54489652143082,-13.5387966539386,7.29757676458229
1977,10,713,713,68.34359432856,-7.12412087039928,82.8683045913863,7.82427342334286
1977,11,731,731,4.24931839855014,-12.6054114820089,18.774028661376,2.44890381946226
1977,12,664,664,-86.8708249640756,-14.2656938632641,-72.3461147012489,0.89454244593622
1978,1,684,684,-49.4547664901181,-21.5945356289799,-33.5530831268152,-6.32837831205052
1978,2,686,686,-32.2654622584155,-18.2707194048792,-16.3637788951114,-2.89864108022085
1978,3,701,701,3.67480075482069,-23.089442501061,19.5764841181242,-7.61144316867359
1978,4,656,656,-8.09214577268256,-28.655278559812,7.80953759062072,-13.0713582196955
1978,5,580,580,-23.5859537145212,-38.3074490239216,-7.68427035121795,-22.617607676076
1978,6,650,650,28.5933453382487,-42.7936967263484,44.4950287015527,-26.9979343707737
1978,7,526,526,-78.9186276069698,-38.0511514598199,-63.0169442436659,-22.0450306220637
1978,8,575,575,-7.94604668457475,-34.6337411350033,7.95563667872898,-18.5231828227945
1978,9,486,486,-89.8264769258511,-33.6201032116072,-73.9247935625476,-17.4051074249459
1978,10,546,546,-100.419375680527,-36.4121652983611,-84.5176923172228,-20.0927320372474
1978,11,NA,671.379029905672,-57.1346217048648,-38.4288156746486,-41.2329383415612,-22.0049449390823
1978,12,NA,698.561893240164,-54.0719017329982,-39.4088211067461,-38.1702183696939,-22.8805128967272
1979,1,710,710,-25.217736499205,-42.9362973529001,-7.95836596801917,-26.3035516684287
1979,2,715,715,-5.02843226750224,-39.9201734364917,12.2309382636846,-23.1829902775678
1979,3,680,680,-19.0881692542661,-42.8927426865197,-1.82879872307967,-26.0511220531433
1979,4,NA,633.233109408788,-32.6220063729809,-37.3047325914245,-15.3626358417948,-20.3586744835955
1979,5,NA,571.040323059188,-34.3086006644201,-26.9091361252011,-17.0492301332338,-9.85864054291968
1979,6,NA,586.84360033905,-36.3260243317878,-19.4677625311538,-19.0666538006011,-2.31282947441974
1979,7,NA,589.417751754303,-17.2638458617532,-14.5376705907917,-0.00447533056637894,2.83160756716142
1979,8,545,545,-39.7090166936615,-16.4279525736674,-22.449646162475,1.0512332110525
1979,9,531,531,-46.5894469349379,-16.0296992656559,-29.3300764037516,1.55939414583065
1979,10,631,631,-17.1823456896136,-16.6089236146244,0.077024841573234,1.09007742362886
1979,11,765,765,34.7233783803765,-12.338914949987,51.9827489115629,5.46999371503296
1979,12,794,794,39.6032350177509,-6.77152987425662,56.8626055489381,11.1472864175301
1980,1,747,747,10.0192934917083,-1.54987935836089,28.7074631708612,16.4788445601925
1980,2,672,672,-49.791402276589,-3.02742865382205,-31.1032325974351,15.111202891498
1980,3,701,701,0.148860736647066,-4.23076713461921,18.8370304158005,14.0177720374676
1980,4,641,641,-26.6180857908561,-2.41198780875479,-7.92991611170294,15.9464589900987
1980,5,630,630,22.8881062673051,-0.0163913425314535,41.5762759464584,18.4519630830887
1980,6,663,663,38.0674053200752,-2.31509237112472,56.755574999229,16.2631696812622
1980,7,640,640,31.5554323748567,-4.11100864305775,50.2436020540105,14.6965158423176
1980,8,550,550,-36.4719867027483,-1.38590601054884,-17.7838170235947,17.5409732810485
1980,9,524,524,-55.3524169440246,5.24311652823188,-36.6642472648713,24.289350626051
1980,10,627,627,-22.9453156987004,2.27927679464803,-4.25714601954644,21.444865698689
1980,11,746,746,13.9604083712898,5.0287554138076,32.6485780504432,24.3136991240705
1980,12,761,761,4.84026500866401,6.06078072486016,23.5284346878183,25.4650792413449
1981,1,755,755,16.2563234826215,1.11655434375975,36.4961056426586,20.6402076664664
1981,2,769,769,45.4456277143241,1.90190902939884,65.6854098743623,21.5449171583274
1981,3,739,739,36.3858907275603,7.9293397793709,56.6256728875981,27.6917027145213
1981,4,631,631,-38.3810557999429,14.2096575667738,-18.1412736399055,34.0913753081461
1981,5,618,618,9.12513625821839,19.0667924945356,29.3649184182559,39.0678650421297
1981,6,663,663,36.3044353109883,22.6911683890192,56.5442174710264,42.8115957428353
1981,7,584,584,-26.2075376342301,23.8183290401631,-5.96775547419202,44.1873531925115
1981,8,630,630,41.7650432881649,19.9280470572874,62.0048254482027,40.4263132019465
1981,9,623,623,41.8846130468885,14.403223442222,62.1243952069261,35.0307315791916
1981,10,678,678,26.2917142922129,10.5932298624843,46.531496452251,31.3499799917645
1981,11,774,774,40.1974383622029,18.9580930970285,60.4372205222406,39.8440852186193
1981,12,819,819,61.0772949995772,16.6055030234657,81.3170771596158,37.6207371373671
1982,1,760,760,19.4933534735346,9.58435356544217,41.4132815336095,30.7288296716542
1982,2,691,691,-34.3173422947626,12.2158620972351,-12.3974142346867,33.4895801957577
1982,3,678,678,-26.3770792815264,2.47406207797641,-4.457151221451,23.8770221688096
1982,4,658,658,-13.1440258090297,-3.55331244231302,8.77590225104541,17.9788896408308
1982,5,681,681,70.3621662491315,-11.2346390530128,92.2820943092069,10.4268050224416
1982,6,607,607,-21.4585346980984,-22.1487246969906,0.461393361977343,-0.358038629225615
1982,7,557,557,-54.970507643317,-33.7138717381544,-33.0505795832411,-11.6580715896663
1982,8,598,598,8.0020732790781,-41.5272306441071,29.9220013391537,-19.3355584072062
1982,9,498,498,-84.8783569621983,-42.9751311822494,-62.9584289021229,-20.647586856936
1982,10,617,617,-36.471255716874,-43.708201685064,-14.5513276567981,-21.244785271338
1982,11,662,662,-73.5655316468839,-43.5741076812891,-51.6456035868084,-20.9748191791505
1982,12,658,658,-101.68567500951,-54.5420823702365,-79.7657469494333,-31.8069217796853
1983,1,653,653,-89.2696165355521,-56.0247702897985,-65.5833513261133,-33.1537376108346
1983,2,645,645,-82.0803123038494,-50.6240309887748,-58.3940470944095,-27.6171262213983
1983,3,653,653,-53.1400492906133,-48.5966002388027,-29.4537840811738,-25.4538233830136
1983,4,637,637,-35.9069958181165,-49.7008978360152,-12.2207306086774,-26.4222488918135
1983,5,601,601,-11.4008037599552,-50.0745321390226,12.285461449484,-26.6600111064083
1983,6,558,558,-72.2215047071852,-43.6809254753082,-48.5352394977455,-20.1305323542812
1983,7,573,573,-40.7334776524037,-34.0922263626258,-17.0472124429639,-10.2701500494132
1983,8,607,607,15.2391032699912,-25.0594314224246,38.9253684794309,-1.10154400543872
1983,9,619,619,34.358673028715,-15.1996396528747,58.0449382381543,8.89405886788438
1983,10,556,556,-99.2342257259608,-9.2404024633816,-75.5479605165209,14.9891071611506
1983,11,696,696,-41.3285016559706,-7.49092384422202,-17.6422364465312,16.8743968840833
1983,12,771,771,9.55135498140362,-4.92043699470793,33.2376201908439,19.5806948373706
1984,1,767,767,22.9674134553611,0.750721239576269,48.419223013851,25.387664175428
1984,2,757,757,28.1567176870637,-2.31007792093848,53.6085272455548,22.4626761186864
1984,3,754,754,46.0969807002999,-8.74418563250488,71.5487902587906,16.1643795108932
1984,4,699,699,24.3300341727967,-17.463867845102,49.7818437312869,7.58050840206925
1984,5,601,601,-13.163773769042,-10.375963686571,12.2880357894485,14.8042236643734
1984,6,654,654,22.0155252837279,-12.443895484395,47.4673348422189,12.8721029703226
1984,7,617,617,1.50355233850939,-12.7782732947896,26.9553618970006,12.7998278388542
1984,8,513,513,-80.5238667390955,-13.6685552776653,-55.0720571806048,12.0358374311316
1984,9,518,518,-68.4042969803719,-13.7318404311922,-42.9524874218814,12.0988438527577
1984,10,578,578,-78.9971957350475,-20.3110647801607,-53.5453861765566,5.64591107894223
1984,11,732,732,-7.09147166505738,-24.3308169302319,18.3603378934331,1.75245050402411
1984,12,695,695,-68.2116150276831,-25.0680223884101,-42.7598054691916,1.141536620999
1985,1,751,751,5.20444344627424,-29.0122487695105,32.2980434817541,-2.67639818494835
1985,2,742,742,11.393747677977,-34.842278699256,38.4873477134579,-8.38013653954083
1985,3,737,737,27.3340106912132,-32.4302325646686,54.4276107266935,-5.84179882980033
1985,4,637,637,-39.4329358362901,-30.9191455464965,-12.33933580081,-4.20442023647511
1985,5,588,588,-27.9267437781289,-25.369702926427,-0.833143742648645,1.47131395874742
1985,6,611,611,-22.7474447253588,-26.1299424165587,4.34615531012196,0.837366043768811
1985,7,588,588,-29.2594176705774,-26.5412433038764,-2.16581763509657,0.657911189906128
1985,8,521,521,-74.2868367481823,-32.354602209829,-47.1932367127017,-5.0498932577444
1985,9,539,539,-49.1672669894587,-36.3409642864329,-22.0736669539783,-8.93070087604632
1985,10,610,610,-48.7601657441344,-42.3048040200167,-21.6665657086535,-14.7889861513282
1985,11,734,734,-6.85444167414425,-47.0937869393187,20.2391583613362,-19.4724146123281
1985,12,748,748,-16.97458503677,-49.3694539359585,10.1190149987112,-21.6425271506658
1986,1,674,674,-73.5585265628125,-58.2367572401358,-45.0927185694065,-30.4042759965411
1986,2,662,662,-70.3692223311098,-59.6052487083428,-41.9034143377028,-31.6672130064462
1986,3,671,671,-40.4289593178737,-62.5008948814477,-11.963151324467,-34.4573047212491
1986,4,628,628,-50.195905845377,-67.451346324814,-21.7300978519706,-39.3022017063134
1986,5,516,516,-101.689713787216,-72.2865190893599,-73.2239057938092,-44.0318200125573
1986,6,578,578,-57.5104147344456,-73.8159893487224,-29.0446067410387,-45.4557358136177
1986,7,481,481,-138.022387679664,-80.3811363898862,-109.556579686257,-51.8422355756716
1986,8,550,550,-47.049806757269,-82.2714183727619,-18.5839987638624,-53.6594247377392
1986,9,478,478,-111.930236998545,-84.1039342955197,-83.464429005139,-55.418847839689
1986,10,547,547,-113.523135753221,-88.0677740291035,-85.0573277598141,-59.3095947524649
1986,11,631,631,-111.617411683231,-85.9336800253285,-83.1516036898245,-57.102407927882
1986,12,740,740,-26.7375550458568,-84.0555008681222,1.72825294755069,-55.1511359498676
1987,1,647,647,-102.321496571899,-86.1535734030687,-72.9054819079895,-57.1761156640061
1987,2,636,636,-98.1321923401966,-77.6759110251219,-68.7161776762857,-48.6253604652514
1987,3,619,619,-94.1919293269605,-75.2638648905345,-64.7759146630501,-46.1402215098559
1987,4,588,588,-91.9588758544637,-64.7527778723624,-62.5428611905536,-35.5560416708758
1987,5,597,597,-22.4526837963024,-60.4341044830621,6.96333086760774,-31.1642754607676
1987,6,560,560,-77.2733847435325,-51.5020362808862,-47.8573700796217,-22.1591144377836
1987,7,536,536,-84.7853576887509,-48.9133371682038,-55.3693430248402,-19.4675529074438
1987,8,571,571,-27.8127767663559,-41.4190037664641,1.60323789755466,-11.9434499088545
1987,9,576,576,-15.6932070076323,-37.4822889199911,13.7228076562781,-7.97696546553196
1987,10,687,687,24.7138942376921,-30.8307440381903,54.1299089016029,-1.29565098688168
1987,11,687,687,-57.3803816923178,-28.0043423421077,-27.9643670284074,1.56052030605053
1987,12,773,773,4.49947494505648,-22.818470877209,33.9154896089676,6.77616136779882
1988,1,758,758,6.91553341901385,-18.378081873694,36.7185528419677,11.2463199681633
1988,2,731,731,-4.8951623492834,-12.3619579572857,24.9078570736715,17.2922134814212
1988,3,668,668,-46.9548993360472,-2.87298874577513,-17.1518799130928,26.8109522897812
1988,4,674,674,-7.72184586355047,-5.82344018914147,22.0811735594036,23.8902704432645
1988,5,566,566,-55.2156538053893,-10.5047667998412,-25.4126343824349,19.2387134294142
1988,6,684,684,44.9636452473808,-2.26500628997296,74.7666646703356,27.5082435361321
1988,7,603,603,-19.5483276978377,1.6313851304017,10.2546917251171,31.4121981878132
1988,8,594,594,-6.57574677544267,-0.643512237089375,23.2272726475119,29.1150944547793
1988,9,689,689,95.543822983281,-1.78372046753943,125.346842406235,27.9526798587862
1988,10,610,610,-54.0490757713948,-0.516790970354045,-24.2460563484399,29.1974029904286
1988,11,710,710,-36.1433517014046,-7.22885081273293,-6.34033227845021,22.4631367825067
1988,12,820,820,49.7365049359696,-4.27374857860345,79.539524358925,25.3960326510933
1989,1,808,808,55.1525634099271,-13.7564364981654,84.6669000808222,15.8911383659884
1989,2,715,715,-22.6581323583702,-15.2018510432955,6.85620431252596,14.4235174553152
1989,3,697,697,-19.7178693451341,-22.4051895240927,9.7964673257618,7.19797260897505
1989,4,653,653,-30.4848158726372,-36.6633332751514,-0.970479201741909,-7.08237750762654
1989,5,528,528,-94.978623814476,-35.4985060396972,-65.4642871435803,-5.93975663771545
1989,6,624,624,-16.799324761706,-33.7972070682905,12.71501190919,-4.26066403185163
1989,7,546,546,-78.3112977069245,-40.8238925709928,-48.7969610360283,-11.3890037400923
1989,8,564,564,-38.3387167845295,-47.0218668615608,-8.82438011363365,-17.6664258706555
1989,9,495,495,-100.219147025806,-49.8543827843185,-70.7048103549103,-20.5783896334086
1989,10,576,576,-89.8120457804815,-53.9720686717485,-60.2977091095854,-24.775523360834
1989,11,709,709,-38.9063217104914,-52.222590052589,-9.39198503959574,-23.1054925816697
1989,12,758,758,-14.0264650731172,-47.8828724338441,15.4878715977795,-18.8452228029201
1990,1,713,713,-41.6104065991597,-51.9040218918676,-13.1288918482037,-22.9458201009389
1990,2,714,714,-25.421102367457,-49.210840484755,3.06041238350008,-20.3320865338217
1990,3,659,659,-59.4808393542208,-50.260332811706,-30.9993246032643,-21.461026700768
1990,4,612,612,-73.2477858817241,-43.90309194738,-44.7662711307678,-15.1832336764373
1990,5,617,617,-7.74159382356288,-39.6613416350029,20.7399209273935,-11.0209312040555
1990,6,604,604,-38.5622947707928,-35.4215811251346,-10.0807800198359,-6.8606185341825
1990,7,557,557,-69.0742677160114,-32.9867281662984,-40.5927529650544,-4.64290115595784
1990,8,NA,560.801747379156,-43.2999394144607,-31.4923947645587,-14.8184246635039,-3.28625549483419
1990,9,545,545,-51.9821170348927,-27.5556799180857,-23.5006022839361,0.512771611022693
1990,10,650,650,-17.5750157895683,-21.6733658055157,10.9064989613887,6.25739798297656
1990,11,715,715,-34.6692917195782,-10.2315794940484,-6.18777696862162,17.5614965538277
1990,12,790,790,16.2105649177961,-8.27647725991893,44.6920796687534,19.3789110473411
1991,1,774,774,17.6266233917535,-3.06685748717318,44.3181975147,24.4508430794708
1991,2,719,719,-22.1840723765438,0.564651044619767,4.50750174640382,27.9446638706476
1991,3,746,746,25.7561906366923,1.06887045773371,52.4477647596395,28.3111955431454
1991,4,704,704,16.9892441091891,4.19534209129044,43.6808182321359,31.2999794360861
1991,5,702,702,75.4954361673504,5.89863086520608,102.187010290297,32.8655804693856
1991,6,662,662,17.6747352201204,8.70821278296796,44.3663093430679,35.5374746465314
1991,7,657,657,29.1627622749019,7.06084697211154,55.8543363978495,33.5602386864101
1991,8,584,584,-21.8646568027031,5.49176670511214,4.82691732024421,31.7989760107622
1991,9,562,562,-36.7450870439794,6.98591844906425,-10.0535129210324,33.1009453460656
1991,10,658,658,-11.3379857986552,4.72750709533481,15.3535883242924,30.6503515836874
1991,11,756,756,4.56773827133497,3.28288290875735,31.2593123942821,29.0135449884614
1991,12,NA,777.407678302617,1.85527321132633,-2.99278408788239,28.5468473342744,22.545695583173
1992,1,NA,752.931155993996,-5.20519062333744,-4.62931816129049,18.9880121871767,20.7169791011163
1992,2,NA,740.175622306392,-2.77142007923862,-11.6901173218052,21.4217827312765,13.4639975319528
1992,3,NA,719.246679667228,-2.76009970516634,-11.3549942641409,21.4331031053484,13.6069381809685
1992,4,NA,685.170568938107,-3.60315696179055,-6.76698416904568,20.5900458487238,18.0027658674151
1992,5,NA,626.476663525419,-1.79087031631775,-4.14061847205311,22.4023324941968,20.436949155759
1992,6,640,640,-6.08823478896636,-3.054704116031,18.1049680215486,21.3306811031325
1992,7,626,626,-3.60020773418489,-4.65121102662687,20.5929950763302,19.3038096982316
1992,8,545,545,-62.6276268117899,-9.15158193211764,-38.434424001275,14.5652567070846
1992,9,583,583,-17.5080570530662,-12.4591457245978,6.68514575744837,11.019510828948
1992,10,694,694,22.8990441922581,-14.3650377402762,47.0922470027732,8.87543672761338
1992,11,776,776,22.8047682622482,-16.0902182702017,46.9979710727629,6.91207411203149
1992,12,796,796,18.6846248996225,-16.4025516918737,42.877827710138,6.36155860470326
1993,1,741,741,-18.89931662642,-18.9621626883587,2.19751907056195,3.56376552256193
1993,2,681,681,-63.7100123947174,-25.4075772334889,-42.6131766977343,-3.11983110822454
1993,3,678,678,-45.7697493814812,-21.3801464835168,-24.6729136844986,0.669417556091196
1993,4,663,663,-27.5366959089845,-20.4844440807293,-6.43986021200215,1.32693787322243
1993,5,604,604,-26.0305038508233,-24.4392927780885,-4.9336681538407,-2.86609290979312
1993,6,642,642,-5.85120479805323,-27.3533784220664,15.2456308989298,-6.01836063942725
1993,7,592,592,-39.3631777432716,-31.0969904705752,-18.2663420462886,-10.2715778514604
1993,8,522,522,-87.3905968208767,-23.7565032226817,-66.2937611238939,-3.20251368143464
1993,9,592,592,-10.2710270621529,-20.5120960685163,10.8258086348295,-0.229529605137232
1993,10,667,667,-5.86392581682867,-17.0913204174848,15.2329098801544,2.91982296802639
1993,11,NA,726.444212873427,-28.5139888734114,-19.8803033367867,-7.41715317642888,-0.140583029143457
1993,12,764,764,-15.0783451094643,-22.9252011026572,6.01849058751918,-3.45690387288183
1994,1,NA,731.679954904515,-29.982331730992,-23.6386582529884,-12.4139960462925,-4.44178410108089
1994,2,823,823,76.5270175961958,-21.3148420288878,94.0953532808963,-2.38939095484817
1994,3,704,704,-21.532719390568,-14.4412574327619,-3.96438370586793,4.21277056340983
1994,4,691,691,-1.29966591807124,-7.39170887612823,16.2686697666285,10.9908960421756
1994,5,568,568,-63.7934738599099,-9.22688164067413,-46.2251381752101,8.88430019976181
1994,6,584,584,-65.61417480714,-14.1751375056849,-48.0458391224396,3.66462125688325
1994,7,618,618,-15.1261477523585,-15.5095153160795,2.44218793234199,1.77022782977342
1994,8,602,602,-9.15356682996344,-13.5290245993025,8.41476885473674,3.46212600770324
1994,9,606,606,1.96600292876019,-17.4384635989833,19.5343386134601,-0.73590553082488
1994,10,756,756,81.3731041740845,-11.7869187171825,98.941439858785,4.6270468121286
1994,11,727,727,-29.7211717559254,-10.4989785595614,-12.1528360712254,5.62639443090246
1994,12,688,688,-92.8413151185512,-8.54387632543193,-75.2729794338502,7.29290412618472
1995,1,731,731,-32.4252566445937,-4.56502578345541,-18.6086239649086,10.983162129314
1995,2,744,744,-4.23595241289104,-5.54890186704708,9.58068026679518,9.71069350687502
1995,3,753,753,25.7043106003451,-3.36762496322886,39.5209432800308,11.603377871846
1995,4,746,746,51.937364072842,-8.24115332967213,65.7539967525273,6.44125696655547
1995,5,649,649,15.4435561310032,-16.3057305416245,29.2601888106886,-1.91191278424417
1995,6,613,613,-38.3771448162269,-12.91212387791,-24.5605121365408,1.19310134062306
1995,7,621,621,-13.8891177614453,-3.63111707291999,-0.0724850817592824,9.89779757857761
1995,8,585,585,-27.9165368390502,-0.752168286564921,-14.0999041593644,12.4890283367446
1995,9,625,625,19.2030329196734,-1.89237651701497,33.019665599359,11.0611020781064
1995,10,615,615,-61.3898658350023,-6.85621625059881,-47.5732331553162,5.80954431633445
1995,11,NA,735.017742183716,-23.4663995812959,-15.1067376314392,-9.64976690161029,-2.72869509269408
1995,12,797,797,14.3957148723621,-21.9208661665405,28.2123475520485,-9.83054165598345
1996,1,793,793,27.8117733463196,-23.7112463937948,37.888071659559,-11.9086399114258
1996,2,755,755,5.0010775780222,-25.3105070927711,15.0773758912628,-13.7956186385902
1996,3,710,710,-19.0586594087416,-20.9753840351067,-8.98236109550146,-9.74821360911401
1996,4,657,657,-38.8256059362449,-22.0027585553961,-28.7493076230051,-11.0633061575915
1996,5,580,580,-55.3194138780837,-18.9148543968651,-45.2431155648436,-8.26312002724864
1996,6,580,580,-73.1401148253136,-16.1379971318981,-63.0638165120731,-5.77398079046967
1996,7,575,575,-61.652087770532,-17.3954518653696,-51.5757894572915,-7.58759359518489
1996,8,580,580,-34.6795068481371,-22.9011184636299,-24.6032085348968,-13.3617002365006
1996,9,636,636,28.4400629105866,-25.2720959248492,38.5163612238266,-16.0011177407755
1996,10,684,684,5.84716415591095,-23.7743971968946,15.9234624691514,-14.7718590558764
1996,11,739,739,-21.247111774099,-20.8710724238888,-11.1708134608589,-12.1369743259261
1996,12,797,797,12.6327448632753,-13.7621240359132,22.7090431765163,-5.29646598100598
1997,1,765,765,-1.9511966627673,-7.11712507968456,4.63538109075068,1.08009293216715
1997,2,708,708,-43.7618924310646,-6.33177039404547,-37.1753146775455,1.59700757475071
1997,3,705,705,-25.8216294178284,-3.61203195176571,-19.2350516643099,4.04830597397495
1997,4,698,698,0.411424054668373,0.283670451021793,6.99800180818659,7.67556833370699
1997,5,636,636,-1.08238388717041,4.83311307109127,5.50419386634792,11.9565709107209
1997,6,692,692,37.0969151655996,2.68825819634416,43.6834929191185,9.54327599291837
1997,7,NA,651.659929385278,13.2448716056587,-5.95381192174272,19.8314493591776,0.400629745209552
1997,8,565,565,-51.4424768572238,-8.9210169815415,-44.8558991037052,-2.79871140115547
1997,9,610,610,0.677092901499805,-7.67660982737616,7.26367065501825,-1.78644033355649
1997,10,759,759,79.0841941468241,-5.40968033019078,85.6707719003431,0.248353077062549
1997,11,827,827,64.9899182168142,-7.00166918907329,71.5764959703328,-1.57577186838626
1997,12,737,737,-49.1302251458116,-8.58220702813566,-42.5436473922922,-3.38844579401492
1998,1,669,669,-99.7141666718541,-12.1369722228595,-96.1453580436984,-7.17534707530503
1998,2,713,713,-40.5248624401514,-9.71007364378017,-36.9560538119946,-4.98058458279207
1998,3,705,705,-27.5845994269152,0.0865878754226696,-24.0157907987588,4.58394084984444
1998,4,703,703,3.64845404558162,0.922072547108383,7.21726267373754,5.18728943496387
1998,5,NA,618.560922785453,-20.2844311108042,-4.06972277160324,-16.715622482648,-0.036641970314121
1998,6,NA,635.036679048506,-21.6293757949812,-7.63631517446541,-18.0605671668246,-3.83537045974254
1998,7,NA,631.062995422896,-9.11503236580972,-2.8119355397541,-5.54622373765289,0.574994479898282
1998,8,663,663,44.7945531336894,12.4516286312163,48.363361761846,15.6566800423648
1998,9,687,687,75.914122892413,19.0806511699971,79.4829315205694,22.1038239726414
1998,10,NA,693.217169495677,11.5383936334141,24.3749149408406,15.1072022615708,27.2162091349808
1998,11,NA,777.963906795846,14.190855003573,25.0474704830771,17.7596636317293,27.7068860687133
1998,12,NA,806.517412134504,18.624216979606,26.8055786567871,22.1930256077633,29.2831156339193
1999,1,NA,784.063846786376,13.5867101054354,23.9354538873401,14.7910968230385,26.2311122559682
1999,2,854,854,98.7121675507618,19.1005781558333,99.916554268366,21.2143579159574
1999,3,780,780,45.652430563998,10.3587781365746,46.8568172816017,12.2906792881946
1999,4,NA,742.355345557555,41.2408295940502,4.63909592397748,42.4452163116536,6.3891184670935
1999,5,653,653,12.3916760946561,-2.82816680177432,13.5960628122596,-1.26002286716239
1999,6,661,661,2.570975147426,-1.43178373774033,3.77536186503005,-0.0455184116323766
1999,7,583,583,-58.9409977977925,4.27096059536477,-57.7366110801884,5.35312226609254
1999,8,548,548,-71.9684168753975,3.76038270584475,-70.7640301577935,4.72031932969657
1999,9,544,544,-68.8488471166738,-5.53367167845145,-67.64446039907,-4.69596010147569
1999,10,685,685,1.55825412865056,-11.7282806428045,2.76264084625461,-11.0127941127048
1999,11,680,680,-85.5360218013594,-16.4676747588415,-84.3316350837557,-15.8744132756178
1999,12,822,822,32.3438348360149,-23.2818032939428,33.5482215536194,-22.8107668575951
2000,1,865,865,92.7598933099723,-31.3029527519663,92.3753544181872,-30.9541413624946
2000,2,764,764,6.94919754167506,-26.5945211432503,6.56465864989093,-26.3679348006546
2000,3,714,714,-22.1105394450888,-16.5670903932782,-22.4950783368733,-16.4627290975586
2000,4,668,668,-34.877485972592,-9.97908029818302,-35.2620248643769,-9.9969440493394
2000,5,622,622,-20.3712939144308,-7.891176139652,-20.7558328062155,-8.03126493768443
2000,6,584,584,-76.1919948616608,-3.4206463990145,-76.576533753445,-3.68296024392288
2000,7,542,542,-101.703967806879,-4.90887036325523,-102.088506698663,-5.35226394804395
2000,8,624,624,2.26861311551579,-11.4914600384386,1.88407422373132,-11.9937083162315
2000,9,673,673,58.3881828742394,-16.0932067304271,58.0036439824547,-16.6543097012242
2000,10,702,702,16.7952841195637,-13.4416618486264,16.4107452277796,-14.0616195124277
2000,11,796,796,28.7010081895538,-11.4614139986976,28.3164692977692,-12.1402263555031
2000,12,764,764,-27.4191351730719,-10.429388687645,-27.8036740648556,-11.1670557374547
2001,1,787,787,12.9969233008856,-4.46411273157134,11.8472734000455,-5.26063447438529
2001,2,766,766,7.18622753258819,-1.44798881516301,6.03657763174931,-2.3033652509812
2001,3,685,685,-52.8735094541756,0.88713424250137,-54.023159355015,-0.0270968863210603
2001,4,717,717,12.3595440183212,-5.52485566240344,11.2098941174814,-6.49794148423004
2001,5,635,635,-9.13426392351755,-5.97541304233395,-10.2839138243571,-7.00735355716481
2001,6,655,655,-6.95496487074752,-8.58180637861953,-8.10461477158663,-9.67260158645454
2001,7,NA,646.823530383263,1.35659256729684,-7.15123348813688,0.206942666457849,-8.29896597750229
2001,8,561,561,-62.494356893571,-8.4926462253117,-63.6440067944103,-9.63846130320308
2001,9,649,649,32.6252128651527,-5.32516214806944,31.4755629643132,-6.46905981448692
2001,10,662,662,-24.9676858895231,-1.21207880473021,-26.1173357903621,-2.35405905967377
2001,11,780,780,10.9380381804671,-7.77029249326294,9.78838827962761,-8.91035533673254
2001,12,788,788,-5.18210518215869,-8.89211333605655,-6.33175508299723,-10.0302587680522
2002,1,NA,766.944359111404,-8.82168759679757,-15.2209551017723,-9.94641114847639,-16.357183122294
2002,2,NA,756.135300194111,-4.44144228238713,-15.2681796763842,-5.5661658340648,-16.402490285432
2002,3,788,788,48.3635205367376,-12.6059979465747,47.2387969850595,-13.7383911441485
2002,4,707,707,0.596574009234359,-15.2487570822488,-0.528149542444112,-16.3792328683486
2002,5,573,573,-72.8972339326043,-15.1348649190335,-74.0219574842826,-16.2634232936594
2002,6,640,640,-23.7179348798344,-17.4351205546268,-24.8426584315121,-18.5617615177787
2002,7,558,558,-89.2299078250528,-29.8464214419445,-90.3546313767305,-30.9174385942184
2002,8,626,626,0.742673097342163,-31.4247310487743,-0.38205045433574,-32.442041801644
2002,9,NA,590.251762737887,-27.8859944060472,-31.1138085249253,-29.0107179577254,-32.0774128783909
2002,10,687,687,-1.73065589860983,-40.0776482585091,-2.85537945028761,-40.9875462125706
2002,11,NA,747.337844060895,-23.487087767725,-47.4050927162726,-24.6118113194032,-48.26128427093
2002,12,NA,775.979790108999,-18.9652850822462,-40.7576827898354,-20.0900086339235,-41.5601679450887
2003,1,611,611,-166.529016717288,-40.855755324782,-166.955557076713,-41.6045340806311
2003,2,733,733,-29.3397124855853,-38.3780929468352,-29.7662528450094,-39.0731653032803
2003,3,741,741,-0.399449472349261,-41.5045083507093,-0.825989831773654,-42.1458743077503
2003,4,640,640,-68.1663959998524,-40.3974030816054,-68.5929363592772,-40.9850626392422
2003,5,553,553,-94.6602039416912,-37.6171912307667,-95.086744301116,-38.1511443889994
2003,6,679,679,13.5190951110789,-35.5572648794288,13.0925547516546,-36.0375116382573
2003,7,624,624,-24.9928778341397,-29.1977803905156,-25.419418193564,-29.5336696480442
2003,8,570,570,-57.0202969117446,-18.6265239118528,-57.4468372711691,-18.8717620674854
2003,9,580,580,-39.900727153021,-19.0744244499952,-40.3272675124458,-19.2290115037318
2003,10,677,677,-13.4936259076966,-21.6536487989637,-13.9201662671207,-21.7175847508044
2003,11,807,807,34.4120981622934,-10.1349394105733,33.9855578028689,-10.1082242605181
2003,12,800,800,3.29195479966768,4.3586243620177,2.86541444024408,4.47599061396895
2004,1,843,843,63.7080132736252,2.26055182707114,64.4599372388473,2.46856918091835
2004,2,735,735,-29.1026824946722,3.43052189732562,-28.350758529449,3.72919035306878
2004,3,708,708,-35.162419481436,3.0733372626823,-34.4104955162131,3.46265682032141
2004,4,676,676,-33.9293660089392,5.28147755760956,-33.1774420437168,5.76144821714467
2004,5,731,731,81.5768260492221,6.42695411550582,82.3287500144447,6.99757587693684
2004,6,761,761,93.7561251019921,2.20517616383563,94.5080490672153,2.86644902716266
2004,7,637,637,-13.7558478432264,0.86247969600957,-13.0039238780032,1.72238234694852
2004,8,619,619,-9.78326692083147,-4.33549459455844,-9.03134295560835,-3.36761325790331
2004,9,560,560,-61.6636971621077,-2.32185667116233,-60.911773196885,-1.24599664879113
2004,10,NA,681.061692597817,-11.1949033189666,0.791226672176901,-10.4429793537435,1.97506538026416
2004,11,NA,775.748441191748,1.39756934495483,3.69455144518262,2.14949331017749,4.98636883898599
2004,12,778,778,-20.4710152094191,-3.18911226725234,-19.7190912441954,-1.78931618773284
2005,1,NA,766.89185745339,-14.1630992820711,-9.99857043213945,-12.0074524025398,-8.49079566690386
2005,2,762,762,-3.86565250375895,-9.21321574650036,-1.71000562422648,-7.5974622955487
2005,3,742,742,-2.92538949052278,-6.03193884268214,-0.769742610990647,-4.30820670601442
2005,4,717,717,5.30766398197397,-3.90546720912541,7.46331086150565,-2.07375638674157
2005,5,655,655,3.81385604013519,-4.20692401965723,5.96950291966698,-2.26723451155731
2005,6,NA,661.096042694662,-7.91080221243237,-1.64012052453882,-5.75515533290002,0.407547669277269
2005,7,NA,657.751986810773,5.2331689584596,7.33319397275894,7.38881583799196,9.59132581305529
2005,8,627,627,-3.54623692991822,12.1435383396224,-1.39059005038609,14.5041551406832
2005,9,655,655,31.5733328288054,13.0802531860955,33.7289797083373,15.5433549479205
2005,10,660,660,-34.0195659258702,10.1933365294347,-31.8639190463379,12.7589232520239
2005,11,761,761,-15.1138418558802,11.4043536101327,-12.9581949763482,14.0724252934863
2005,12,835,835,34.7660147814942,13.205609690416,36.9216616610271,15.976166334534
2006,1,879,879,96.1820732554517,10.4078415635724,99.6700246249188,13.2808831684546
2006,2,816,816,48.3713774871543,9.21227418684433,51.8593288566226,12.1878007524909
2006,3,755,755,8.31164050039035,11.9320126291241,11.7995918698583,15.0100241555349
2006,4,673,673,-40.4553060271128,13.1354073396039,-36.9673546576453,16.315903826779
2006,5,674,674,21.0508860310484,19.5310038058272,24.5388374005163,22.8139852537666
2006,6,698,698,27.2301850838185,15.6169181618493,30.7181364532867,19.0023845705531
2006,7,610,610,-44.2817878614001,9.05177112068554,-40.7938364919316,12.6126037220433
2006,8,622,622,-10.309206939005,-1.0692800929594,-6.8212555695369,2.56443374028835
2006,9,657,657,31.8103628197186,-6.74794986187099,35.2983141891865,-3.04135479673343
2006,10,743,743,47.2174640650429,-4.32717421083944,50.7054154345112,-0.54769791381208
2006,11,827,827,49.123188135033,1.65307363908936,52.6111395045009,5.50543116800658
2006,12,736,736,-65.9969552275927,0.531252796295768,-62.5090038581239,4.45649155710286
2007,1,734,734,-50.5808967536352,-0.489896661727717,-46.1454893696,3.50822333096922
2007,2,734,734,-35.3915925219326,5.98776571621908,-30.9561851378962,10.0587669408058
2007,3,723,723,-25.4513295086964,14.3228887738835,-21.0159221246605,18.46677123036
2007,4,755,755,39.7817239638005,14.1416680997479,44.2171313478359,18.3584317881143
2007,5,692,692,37.2879160219617,14.306495335202,41.7233234059973,18.5961402554582
2007,6,679,679,6.46721507473171,14.3924096912241,10.9026224587678,18.7549358433703
2007,7,670,670,13.9552421295132,22.1532542304544,18.3906495135494,26.6086312244902
2007,8,674,674,39.9278230519083,29.1430452824118,44.3632304359442,33.6183918864477
2007,9,725,725,98.0473928106319,34.7889952121073,102.482800194668,39.2843114261431
2007,10,727,727,29.4544940559562,39.5573162924117,33.8899014399924,44.0726021164474
2007,11,829,829,49.3602181259462,39.3533586023657,53.7956255099821,43.8886140364014
2007,12,854,854,50.2400747633205,39.5210661556427,54.6754821473572,44.0762911996784
2008,1,NA,821.237890545123,34.8940237824011,42.7152284126646,39.5890360964356,47.2904230667002
2008,2,NA,811.440949452831,40.2863869218115,44.8705359633294,44.9813992358472,49.465700227365
2008,3,NA,788.220056081891,38.0057565641083,44.7038184126429,42.7007688781437,49.3189522866784
2008,4,NA,753.518090580548,36.5368445352616,40.1010865294196,41.2318568492965,44.7361900134552
2008,5,NA,693.605327980327,37.1302739932014,40.7184067003202,41.8252863072366,45.3734797943557
2008,6,NA,713.763869148919,39.4681142145637,40.1810460304152,44.1631265285993,44.8560887344507
2008,7,NA,705.799052295589,47.9913244160157,39.3567083927059,52.6863367300515,43.9983441357911
2008,8,NA,677.809387245335,41.9742402881561,39.8028223387768,46.6692526021915,44.391081510912
2008,9,NA,666.476072091438,37.7604948929834,39.6856362322382,42.4555072070185,44.2205188334234
2008,10,NA,737.52035428186,38.2118783287293,39.4433866579343,42.906890642765,43.9248926881692
2008,11,NA,818.882408160804,37.4796562776637,39.3069225073253,42.1746685916989,43.7350519666102
2008,12,NA,847.897424662947,42.3745294171808,39.3444556506282,47.069541731217,43.719208538963
2009,1,NA,827.630522244909,39.5236854730997,39.7950288995138,43.5248023647831,44.1164052168986
2009,2,NA,813.611037621429,40.6935050813227,39.2435381680325,44.6946219730071,43.5115379144671
2009,3,NA,790.740237063681,38.7629675368108,38.920718998482,42.764084428495,43.1353421739665
2009,4,NA,753.60072815253,34.8565120981564,38.4361751218951,38.85762898984,42.5974217264296
2009,5,NA,693.000834573557,34.7628105773454,38.0770020169315,38.7639274690293,42.1848720505159
2009,6,NA,713.676929799581,37.6182048561386,38.3474944553134,41.6193217478232,42.4019879179477
2009,7,NA,704.896264338737,45.325566450077,37.7417279038836,49.3266833417615,41.600411216421
2009,8,NA,678.420061873024,40.8219449067582,37.5287640993713,44.8230617984423,41.245013832762
2009,9,NA,668.256138291542,37.7775910839998,37.1847576079052,41.7787079756838,40.7585737621491
2009,10,NA,732.532870459571,31.461424497354,36.9292378657328,35.4625413890383,40.36062044083
2009,11,NA,816.70834985643,33.542627964203,36.8560326181733,37.543744855887,40.1449816141238
2009,12,NA,848.281923231481,40.9960579766276,36.8913856740757,44.9971748683126,40.0379010908795
2010,1,NA,824.369371029489,34.4995642485936,37.3506546871794,36.6490446113694,40.3547365248363
2010,2,NA,811.435658563633,36.7551560144395,37.0285322435133,38.9046363772164,39.8901805020235
2010,3,NA,789.96166022822,36.2214206922637,36.4057217396926,38.3709010550401,39.124936419056
2010,4,NA,755.948396952029,35.4412108885695,35.8399537225788,37.5906912513456,38.4167348227956
2010,5,NA,693.905837885182,33.9048438798835,35.7770398228996,36.0543242426596,38.2113873439696
2010,6,NA,713.044095256605,35.2224003040768,35.8225010513588,37.3718806668535,38.114414993282
2010,7,NA,704.922369924232,43.5887020264853,34.0818214539272,45.738182389262,35.9902637241358
2010,8,NA,680.499061657771,41.1379746824188,33.24004939186,43.2874550451952,34.9074535695008
2010,9,NA,664.966925573717,32.7254083570888,33.9894058872844,34.8748887198651,35.4157719723573
2010,10,NA,733.257022832825,30.4226068615211,31.1823615207605,32.5720872242979,32.3676895132655
2010,11,NA,815.572235702838,30.6435438015241,26.3973480666871,32.7930241643004,27.3416379666242
2010,12,NA,843.182459198111,34.1336239341716,21.8981550788795,36.2831042969489,22.6014068862488
2011,1,810,810,18.3672232100176,16.5659213703479,17.3832083694111,17.0281350851493
2011,2,800,800,23.5565274417203,14.5110937541229,22.5725126011149,14.7322693763565
2011,3,802,802,46.4967904549565,13.6539812996511,45.5127756143505,13.6341188293167
2011,4,722,722,-0.270156072546797,12.3214586583065,-1.25417091315308,12.0605580954043
2011,5,635,635,-26.7639640143855,11.6972841373894,-27.7479788549915,11.1953454819193
2011,6,655,655,-24.5846649616155,11.5853342085778,-25.568679802221,10.8423574605399
2011,7,629,629,-34.0966379068341,9.39076722909774,-35.0806527474394,8.064592100923
2011,8,658,658,16.875943015561,4.2697160154528,15.8919281749552,2.60138059970926
2011,9,664,664,29.9955127742847,-7.48587683038186,29.0114979336786,-9.49637253369433
2011,10,720,720,15.402614019609,-12.6035627178119,14.4185991790035,-14.9562187086932
2011,11,809,809,22.3083380895991,-23.3925456371138,21.3243232489932,-26.0873619155641
2011,12,840,840,29.1881947269734,-31.129751095292,28.2041798863683,-34.1667276613111
2012,1,799,799,5.60425320093077,-36.9201313225463,0.172154621928712,-40.2992681761343
2012,2,730,730,-48.2064425673665,-41.7501612522918,-53.6385411463675,-45.4714583934487
2012,3,628,628,-129.26617955413,-45.6458074253967,-134.698278133132,-49.7092648541225
2012,4,704,704,-20.0331260816336,-52.9808742533784,-25.4652246606354,-57.386491969673
2012,5,523,523,-140.526934023472,-62.5852777871551,-145.959032602474,-67.3330557910186
2012,6,554,554,-127.347634970702,-71.8839788157483,-132.779733549703,-76.9739171071807
2012,7,565,565,-99.8596079159208,-81.4491258569122,-105.291706494922,-87.3198223675709
2012,8,546,546,-96.8870269935258,-84.493253993634,-102.319125572527,-90.8025484359501
2012,9,602,602,-33.7674572348021,-82.0950006856225,-39.1995558138036,-88.842893059596
2012,10,641,641,-65.3603559894777,-81.5203788807448,-70.7924545684789,-88.7068691863758
2012,11,679,679,-109.454631919488,-86.540131030816,-114.886730498489,-94.1652192681043
2012,12,714,714,-98.5747752821135,-77.1234903351481,-104.006873861114,-85.1871765040937
2013,1,700,700,-95.158716808156,-69.0677167162485,-106.292588498704,-77.5700008168515
2013,2,746,746,-33.9694125764534,-70.3592851075325,-45.1032842670004,-79.3001671397929
2013,3,742,742,-17.0291495632172,-66.2549312806373,-28.1630212537648,-75.6344112445552
2013,4,604,604,-121.79609609072,-71.0515365701575,-132.929967781268,-80.8696144657327
2013,5,580,580,-85.2899040325591,-68.1174785654727,-96.4237757231067,-78.3741543927053
2013,6,665,665,-18.1106049797892,-66.493102670989,-29.2444766703363,-77.188376429879
2013,7,644,644,-22.6225779250076,-65.0582497121528,-33.7564496155546,-76.7158623729306
2013,8,528,528,-116.649997002613,-61.5639163104131,-127.78386869316,-73.7452699414212
2013,9,594,594,-43.5304272438889,-59.6272014639401,-54.6642989344366,-72.3322960651785
2013,10,612,612,-96.1233259985646,-64.8218104282932,-107.257197689112,-78.0506459997619
2013,11,763,763,-27.2176019285745,-57.8415625783644,-38.3514736191221,-71.5941391200634
2013,12,726,726,-88.3377452912002,-58.1941526519272,-99.471616981747,-72.4704701638565
2014,1,717,717,-79.9216868172429,-63.1383790330276,-97.8641911207851,-77.9384375151873
2014,2,732,732,-49.7323825855401,-58.4299474243116,-67.6748868890813,-73.7537468767016
2014,3,752,752,-8.79211957230393,-49.7871320589549,-26.7346238758457,-65.6346724815753
2014,4,643,643,-84.5590660998072,-39.5837373484751,-102.501570403349,-55.9550187413257
2014,5,636,636,-31.052874041646,-26.8035254976364,-48.9953783451879,-43.6985478607174
2014,6,595,595,-89.8735749888759,-23.1022265262297,-107.816079292417,-40.5209898595409
2014,7,586,586,-82.3855479340943,-9.28275818277807,-100.328052237636,-27.8176148100627
2014,8,685,685,38.5870329883006,3.90388291126932,20.6445286847591,-15.2233260397583
2014,9,635,635,-4.29339725297575,13.9175208346654,-22.2359015565175,-5.80204044010518
2014,10,799,799,89.1137039923485,23.8767580241585,71.1711996888073,3.56484442564488
2014,11,862,862,70.0194280623386,37.0877751048565,52.076923758797,16.1835091825999
2014,12,837,837,20.899284699713,43.7351850312937,2.95678039617201,22.2385667852941
2015,1,890,890,91.3153431736704,49.1755740348087,65.6722586614692,27.0866034650661
2015,2,875,875,91.5046474053731,56.5763133358324,65.861562893173,33.8949904423468
2015,3,843,843,80.4449104186092,60.6037440858045,54.8018259064086,37.3300688685759
2015,4,850,850,120.677963891106,70.7302157193612,95.0348793789051,46.8641881783897
2015,5,756,756,87.1841559492673,66.0488891086615,61.5410714370664,41.5905092439469
2015,6,742,742,55.3634550020373,60.0578803877605,29.720370489837,35.007148199303
2015,7,651,651,-19.1485179431812,60.7235025773659,-44.7916024553815,34.4391050975
2015,8,662,662,13.8240629792139,55.7562975175671,-11.8190215329867,28.830587070036
2015,9,732,732,90.9436327379376,53.3083969794248,65.3005482257366,25.7413735642283
2015,10,839,839,127.350733983262,53.1907110919948,101.707649471062,24.982374709133
2015,11,822,822,28.2564580532519,51.2478820188467,2.61337354105126,22.3982326683195
2015,12,810,810,-7.86368530937386,51.7414457914377,-33.5067698215737,22.2504834732453
2016,1,830,830,29.5523731645836,53.0279886411065,-4.42777992726678,22.8957133552488
2016,2,812,812,26.7416773962863,53.4287279421302,-7.23847569556301,22.6551396886072
2016,3,824,824,59.6819404095224,50.14846638441,25.7017873176728,18.7335651632216
2016,4,810,810,78.9149938820192,40.1210918641206,44.9348407901693,8.06487767526696
2016,5,766,766,95.4211859401805,31.1320729457285,61.4410328483307,-1.56545421079045
2016,6,782,782,93.6004849929506,28.7564488402122,59.6203319011013,-4.58239128397204
2016,7,744,744,72.088512047732,31.0374556452022,38.1083589558827,-3.61298547811923
2016,8,636,636,-13.9389070298729,28.9933275084804,-47.9190601217226,-6.32740164631281
2016,9,614,614,-28.8193372711493,28.8531192780303,-62.799490362999,-7.1378979082347
2016,10,674,674,-39.412236025825,19.5815872367542,-73.3923891176742,-17.0797179809827
2016,11,806,806,10.4934880441651,13.2541427789907,-23.4866650476847,-24.077450470218
2016,12,817,817,-2.62665531846062,5.59386039773551,-36.6068084103094,-32.4080208829449
2017,1,824,824,21.7894031554968,-5.58113521413413,-20.9044943454871,-44.2533045262864
2017,2,790,790,2.97870738719951,-11.4111651438796,-39.7151901137834,-50.7536224875037
2017,3,791,791,24.9189704004357,-3.61450362467681,-17.7749271005475,-43.6272489997727
2017,4,672,672,-60.8479761270676,1.74273723964915,-103.541873628051,-38.9402961669186
2017,5,669,669,-3.34178406890635,8.83064139818017,-46.0356815698897,-32.5226800398594
2017,6,686,686,-4.16248501613632,6.68578652343306,-46.8563825171193,-35.3378229460783
2017,7,622,622,-51.6744579613547,8.42833178996156,-94.3683554623376,-34.9478510410332
2017,8,648,648,-3.70187703895976,6.69189596093202,-46.3957745399429,-37.3665722000743
2017,9,732,732,87.417692719764,9.70553388432814,44.7237952187805,-35.0352196066897
2017,10,756,756,40.8247939650882,23.7416941507443,-1.86910353589474,-21.6813446702852
2017,11,850,850,52.7305180350783,47.4911727699039,10.0366205340949,1.38584861886287
2017,12,804,804,-17.3896253275474,62.5231980809564,-60.08352282853,15.7355885999039
2018,1,824,824,20.02643314641,77.6558947767791,-31.5371736447241,30.185999965715
2018,2,788,788,-0.784262621887251,95.0566340778028,-52.3478694130204,46.9044539367272
2018,3,810,810,42.1560003913489,101.930218673929,-9.40760639978453,53.0957532028415
2018,4,942,942,207.389053863846,108.210536461332,155.825447072712,58.6937856602328
2018,5,922,922,247.895245922007,110.606132927555,196.331639130873,60.4070967964446
2018,6,884,884,192.074544974777,111.999739591269,140.510938183644,61.1184181301476
2018,7,868,868,192.562572029558,NA,140.998965238425,NA
2018,8,828,828,174.535152951953,NA,122.97154616082,NA
2018,9,732,732,85.6547227106771,NA,34.0911159195434,NA
2018,10,886,886,169.061823956001,NA,117.498217164868,NA
2018,11,871,871,71.9675480259915,NA,20.4039412348579,NA
2018,12,894,894,70.8474046633658,NA,19.2837978722332,NA
