"Year","Month","SST.1","SST.2","SST.3","SST.4","SST.5","SST.6","SST.7","SST.8","SST.9","SST.10","SST.11","SST.12","SST.13","SST.14"
1981,1,NA,NA,NA,NA,NA,NA,NA,NA,NA,NA,NA,NA,NA,NA
1981,2,NA,NA,NA,NA,NA,NA,NA,NA,NA,NA,NA,NA,NA,NA
1981,3,NA,NA,NA,NA,NA,NA,NA,NA,NA,NA,NA,NA,NA,NA
1981,4,NA,NA,NA,NA,NA,NA,NA,NA,NA,NA,NA,NA,NA,NA
1981,5,NA,NA,NA,NA,NA,NA,NA,NA,NA,NA,NA,NA,NA,NA
1981,6,NA,NA,NA,NA,NA,NA,NA,NA,NA,NA,NA,NA,NA,NA
1981,7,NA,NA,NA,NA,NA,NA,NA,NA,NA,NA,NA,NA,NA,NA
1981,8,NA,NA,NA,NA,NA,NA,NA,NA,NA,NA,NA,NA,NA,NA
1981,9,NA,NA,NA,NA,NA,NA,NA,NA,NA,NA,NA,NA,NA,NA
1981,10,NA,NA,NA,NA,NA,NA,NA,NA,NA,NA,NA,NA,NA,NA
1981,11,28.2219675925926,28.4751336898396,28.4576149425287,28.2138157894737,27.7054658385093,28.241856,28.37432,28.363728,28.354118616145,27.940612244898,28.4762932454695,28.3054822335025,28.2202852049911,28.1333808844508
1981,12,27.9101647058824,27.9428493150685,28.2996623376623,28.4520770877944,28.4130743243243,27.9544,27.977488,28.0056,28.158272,28.502512,28.109248,28.43696,28.408304,27.8068390804598
1982,1,27.494898989899,27.4799695121951,27.5520661157025,27.6552027027027,27.0221153846154,27.548608,27.61136,27.597456,27.691792,27.570016,27.808848,27.6996,27.7252,27.3847937625755
1982,2,27.7530733944954,27.7674,27.6537845303867,27.8679605263158,27.8451533742331,27.582,27.608144,27.561104,27.842576,28.167904,27.728944,28.178672,27.78616,27.3610897743639
1982,3,28.2226556016598,28.2285648148148,28.3773041474654,28.644347826087,28.7066310160428,28.113856,28.3724267100977,28.4189406099518,28.6432584269663,28.89,28.6243429487179,28.707849117175,28.6978044871795,27.6684219937416
1982,4,29.0598861047836,28.9029745042493,29.1935162094763,29.5824888888889,29.8342647058824,29.32,28.9675824175824,29.2719524617997,29.4040630472855,29.9656907894737,29.3695409836066,29.7898844884488,29.8293369175627,28.2753592814371
1982,5,28.5089573459716,28.2823734177215,28.9194880546075,29.4692215568862,28.7703343465046,29.1158530183727,29.1897935103245,29.2527530364372,29.7968443496802,29.7339015817223,30.0984665226782,29.8909556313993,30.5503595890411,27.8582265446224
1982,6,26.5188235294118,26.554347826087,26.8109545454545,26.1606349206349,25.5465277777778,26.7689423076923,26.8065934065934,27.4059130434783,27.3984,26.6476576576577,28.0506629834254,28.30475,28.8794545454545,26.9159583333333
1982,7,NA,NA,26.98,24.4903448275862,24.3504575163399,NA,NA,NA,25.7791666666667,25.5112141280353,NA,26.3196875,28.0013043478261,27.2947892720307
1982,8,25.8042574257426,25.8530882352941,26.3676923076923,25.3896703296703,25.5478,26.3974588235294,26.4645918367347,26.7942592592593,26.1049253731343,26.0804026845638,27.089,26.5315807560137,27.2256060606061,25.7608757062147
1982,9,26.5128571428571,25.6049609375,26.6642613636364,27.0921678321678,26.2499625468165,27.0168,27.1589450549451,27.630152173913,27.659603960396,27.9705970149254,27.9582904411765,27.9279642857143,27.8349637681159,27.0412532808399
1982,10,28.7777840909091,28.5547246376812,28.2897260273973,28.155619266055,27.4299003322259,28.8543971631206,28.6148846153846,28.583424,28.7642857142857,28.4343910806175,28.965184,29.002032,29.177584,29.066434863236
1982,11,29.0924618736383,28.9508244680851,29.2297619047619,29.0014444444444,29.1235018050542,29.0142620232172,28.9709506398537,28.9174953959484,28.8113022113022,29.1714255765199,28.8748192771084,28.65,28.8845210727969,29.0687104176228
1982,12,29.0654446854664,29.0316202531646,28.7741486810552,28.8480838323353,28.2426011560694,29.05616,28.989984,28.744192,28.797024,28.562944,28.6968649517685,28.649888,28.4835737179487,28.8257228637413
1983,1,27.7917321016166,27.5671018276762,27.2577402597403,27.4372376873662,27.4017589576547,27.947664,27.706704,27.550048,27.447888,27.641472,27.53376,27.442448,27.32024,27.6577496416627
1983,2,27.7518552036199,27.7169113924051,27.5880361757106,27.8728601694915,28.0620895522388,27.728448,27.643408,27.87752,27.6292307692308,28.03408,27.7826699029126,27.9620064205457,27.8845833333333,27.1502027345592
1983,3,27.5846271929825,27.8607481296758,28.086496350365,28.279958677686,28.2576627218935,27.750816,27.802832,28.138592,28.3285897435897,28.3324519230769,28.319952,28.4852487961477,28.5728205128205,27.1913472222222
1983,4,28.2770603674541,28.6127574750831,28.8055641025641,29.1141019417476,29.1113271604938,28.2962126245847,28.5864410058027,28.7275042735043,29.0392694805195,29.1248366013072,28.9487899159664,29.0902482269504,29.0785042016807,27.4574736842105
1983,5,29.1436065573771,29.1162921348315,29.1147297297297,28.8144444444444,28.6660215053763,29.0214417744917,29.0460869565217,28.8536567164179,28.9679166666667,28.9997687861272,29.3175,29.211693989071,29.1013684210526,28.7884364060677
1983,6,27.761676300578,27.6606451612903,27.5233228840125,27.8620227272727,27.7122784810127,28.4187007874016,28.5405,27.9196086956522,28.4045521023766,28.5300499168053,28.7649329758713,28.8825693160813,29.0147504302926,28.3458230958231
1983,7,28.4901587301587,29.022808988764,28.4501086956522,28.2800520833333,26.223768115942,28.3432631578947,28.8004838709677,28.7428691983122,28.7157860262009,28.4901438848921,28.90384,28.9274910394265,29.1059722222222,28.1251184834123
1983,8,NA,24.4586486486486,24.80825,25.1823245614035,24.6056363636364,25.71,25.6172727272727,NA,26.1057142857143,26.7899572649573,26.8766666666667,26.9474647887324,27.1654915254237,27.3908860759494
1983,9,27.721214953271,27.7863076923077,27.9831531531532,28.1825786163522,27.0363636363636,27.8980392156863,28.14448,28.3039365079365,28.4093617021277,28.540962962963,28.446045751634,28.7330526315789,28.5049456521739,27.6326315789474
1983,10,27.5713197969543,27.3550294117647,27.2382911392405,27.9559726027397,26.5911445783133,28.6498352941176,28.49684375,28.808813559322,28.6777593360996,28.6186313868613,28.8696465696466,28.8545083487941,28.7078776290631,27.4663531353135
1983,11,28.5394816414687,28.5698117647059,28.8875296912114,28.6878756476684,28.299012345679,28.720736,28.74528,29.046256,28.9207060755337,28.5942026578073,29.071168,28.7564032258065,28.927936,28.1615224286362
1983,12,28.6319658119658,28.650395480226,28.7335336538462,28.74337972167,28.6660511363636,28.725456,28.441968,28.4595345104334,28.620432,28.6896955128205,28.703008,28.674976,28.718672,28.3708242753623
1984,1,27.8116040100251,27.9411188811189,28.2941621621622,28.4552392344498,28.2230769230769,27.7110841121495,28.0023951048951,28.1714716312057,28.2710841423948,28.4118014705882,27.9637541528239,28.430625,28.1305740740741,27.6680623501199
1984,2,28.4718579234973,29.0328571428571,29.6335897435897,29.2331707317073,28.97,27.8588081395349,28.031320754717,28.2498387096774,28.2840909090909,28.8111940298507,28.3918867924528,28.2610546875,28.3659330143541,28.0109025641026
1984,3,28.9587248322148,28.9108212560386,28.7427895981087,28.7354368932039,28.5695287958115,28.9308,28.847729468599,28.929450726979,29.0046955128205,28.7595987158909,29.039392,28.8748949919225,28.686992,28.7448747680891
1984,4,29.8692938496583,29.585376344086,29.5836363636364,29.9890697674419,28.2133333333333,29.7949496644295,30.0442993630573,29.7518928571429,29.1747126436782,28.5122222222222,29.5619956140351,28.6193939393939,29.411884057971,29.6460728929385
1984,5,29.0296226415094,28.5199519230769,28.733037037037,28.5714814814815,28.1079261363636,28.9560869565217,29.4227536231884,29.2918,29.241970260223,29.0697227356747,29.2997849462366,29.298006993007,29.2102998236332,28.7529904761905
1984,6,26.3611956521739,25.8757627118644,26.42,25.2090361445783,26.0282746478873,26.4351886792453,27.1160655737705,27.2871917808219,26.968,26.440524691358,27.6157777777778,27.0237837837838,27.8664444444444,25.9941489361702
1984,7,26.8658620689655,27.0828571428571,25.4788888888889,24.8415151515152,23.3365957446809,26.382,27.1026923076923,25.0936363636364,25.6688235294118,25.9107142857143,26.7523648648649,26.5834426229508,26.8855223880597,26.9853125
1984,8,25.19,23.5713793103448,23.7174285714286,23.6916816816817,24.6896515679443,25.4294202898551,24.4441991341991,24.9286609071274,25.2492505353319,25.7057,25.9576811594203,25.7446043165468,26.473835125448,25.2175524475524
1984,9,24.665306122449,25.9473255813954,24.1870588235294,25.175,25.3346564885496,26.1334640522876,25.3507042253521,25.1573684210526,25.8271676300578,26.8092946058091,26.3352066115702,27.381214953271,27.2048550724638,25.766303142329
1984,10,26.2228365384615,26.6328428927681,26.5228607594937,26.2585324947589,25.3971341463415,26.4714054927302,26.507248,26.750832,27.077072,26.8338263665595,26.8552741935484,27.236224,27.1467576243981,27.1018007662835
1984,11,28.5317516629712,28.3444117647059,28.4604366812227,27.9021212121212,27.5628125,28.772384,28.5462019230769,28.4167285382831,28.5271818181818,28.5840886699507,28.7181877022654,28.7207036247335,28.5510610932476,28.0980503731343
1984,12,28.550219123506,28.6414569536424,28.6197777777778,28.6040712945591,28.6231392405063,28.595766062603,28.735568,28.736112,28.937648,28.821584,29.275632,29.14136,29.28336,28.4216994320664
1985,1,28.3470561797753,28.2900252525253,28.2056009615385,28.2091417165669,27.8822891566265,28.336270096463,28.24112,28.31096,28.53784,28.3053846153846,28.330144,27.999536,28.10136,28.2741357175608
1985,2,27.7821670428894,27.8017428571429,27.8153516819572,27.7035,28.2480215827338,27.5800924214418,27.7034364261168,27.7163366336634,28.0965107913669,28.2554736842105,27.6644297082228,28.288738317757,27.8152941176471,27.8833286713287
1985,3,28.4694978165939,28.8647794117647,28.7408128078818,28.8667984189723,28.8998603351955,28.7364423076923,28.6697853309481,28.6943910806175,28.6810766721044,28.721024,28.9751252086811,28.671424,28.9548878205128,28.8566071428571
1985,4,29.1413381995134,28.9633103448276,29.357994269341,29.3929945054945,29.3467491166078,29.1544221105528,29.1122934232715,29.2104618117229,29.335506993007,29.5243777777778,29.4012343470483,29.530662139219,29.438218487395,29.1672299567931
1985,5,28.8921428571429,28.231875,28.5860606060606,28.6313173652695,28.1306763285024,29.0653879310345,28.9953719008264,28.8794428969359,29.057962529274,29.1808024691358,29.3884810126582,29.3191509433962,29.4635661764706,29.0797025371829
1985,6,27.6307518796993,27.3031347962382,27.0828526645768,26.6890099009901,24.8360162601626,28.2525748502994,28.3288339222615,27.8994,27.6686885245902,26.5449127906977,28.1407011070111,27.5684013605442,27.8910695187166,28.3369811320755
1985,7,25.7202631578947,25.0053,25.4953515625,25.3108474576271,24.416724137931,26.0829078014184,25.995988372093,25.5844011976048,26.2511984282908,25.5482732447818,26.6911044176707,26.7576605504587,26.9541165413534,25.8834836065574
1985,8,25.2537438423645,24.6578453038674,24.6728985507246,25.2618666666667,25.6293388429752,26.5233210332103,26.3107586206897,26.0890476190476,27.0458910891089,27.0551470588235,27.3447191011236,27.5787317073171,27.8459383753501,25.5899853372434
1985,9,26.3061797752809,26.0764835164835,27.0807692307692,26.5338260869565,25.5419463087248,27.6667721518987,27.309512195122,27.7919620253165,27.808838028169,26.6823605947955,27.5442553191489,26.8811212121212,27.1731893687708,27.4721109902067
1985,10,27.8070588235294,27.870497382199,27.9592405063291,27.8917721518987,26.9433695652174,28.268704,28.3152195121951,28.3472413793103,28.5563655030801,28.0998201438849,28.7124115755627,28.302650862069,28.5014936247723,28.049746835443
1985,11,28.2465989847716,28.0024289405685,28.1539152119701,28.174079497908,28.1029461756374,28.4995322580645,28.0801145662848,28.03992,27.966768,28.293424,28.363856,28.233137254902,28.231472,28.308776448942
1985,12,28.0782851239669,27.9561590909091,28.085854214123,28.0591586998088,27.922401055409,28.207312,28.168288,28.062656,28.081056,28.076048,28.038128,28.166864,28.164416,28.1109131205674
1986,1,27.7831919191919,27.8880357142857,27.9795749440716,27.9637453183521,27.9629230769231,27.958768,28.03376,27.987008,28.171328,27.943488,28.198656,28.158928,28.255232,27.9456310254163
1986,2,27.7817142857143,27.841,28.2070135746606,28.153353909465,28.3320822622108,27.984656,27.871968,28.038176,27.8852243589744,28.1087560581583,27.807616,27.772672,27.8448,27.5287791978845
1986,3,28.531417721519,28.5891472868217,28.4263424124514,28.8792822966507,28.3827611940299,28.2624797406807,28.6488054607509,28.3277896995708,28.4046082949309,27.8697232472325,28.3851838879159,28.0164717741935,28.132426035503,28.1951030186871
1986,4,29.0666966292135,29.0810945273632,28.9638567493113,29.54421875,29.4865917602996,29.1937903225806,29.2905982905983,29.1528044871795,29.273093289689,29.6167358490566,29.4082982171799,29.5197557003257,29.37688,28.9845804676754
1986,5,29.5098644067797,29.1946341463415,29.1460169491525,29.1996529968454,28.6455733333333,29.6873709677419,29.7954867256637,29.8161821366025,29.9145929018789,29.9521095008052,29.8542398286938,29.9073534971645,29.6888805970149,29.2176779897627
1986,6,27.6954545454545,28.9,28.7229577464789,27.9207284768212,26.5845222929936,28.06,29.703,29.44,28.6166666666667,29.295564516129,27.495,30.0421428571429,28.4690909090909,28.1065185185185
1986,7,25.1946575342466,24.6578536585366,24.6446551724138,24.66625,24.3297435897436,25.9927094972067,25.6916445623342,25.8104295942721,26.2226923076923,26.0626168224299,26.8670980392157,26.8763963963964,27.3602708803612,26.1264242424242
1986,8,24.6694565217391,24.0375257731959,24.0429285714286,24.6516161616162,24.0767109634551,26.0289568345324,25.6289754098361,25.5594157303371,26.022304526749,25.8504233870968,26.785777027027,26.558876146789,27.0531476997579,25.9239195148842
1986,9,25.2540983606557,25.1995693779904,26.0801879699248,27.20265625,25.128303030303,26.5736595744681,26.1019672131148,27.3081751824818,27.5775362318841,27.3008260869565,26.9261379310345,27.2943853820598,27.3089230769231,26.1735714285714
1986,10,28.0642028985507,27.4398666666667,26.0690909090909,26.1491304347826,25.3342222222222,28.7690701754386,27.6630687830688,27.4272463768116,27.6319512195122,27.5066666666667,28.1189958158996,28.0152731092437,28.2558333333333,28.5331169429098
1986,11,27.8451860465116,27.6296569920844,27.6272292191436,27.7416666666667,27.4526860841424,27.882288,27.981504,27.889504,28.063295269168,27.8676068376068,28.019136,28.0182314049587,28.068448,27.8821330816423
1986,12,28.0319396551724,28.0744417475728,28.0856398104265,28.1544488188976,28.1260795454545,28.053776,28.097456,28.12344,28.175968,28.24176,28.048832,28.227696,28.10824,27.8670472260431
1987,1,27.8534126984127,27.9439696312364,27.8306768558952,28.2063602251407,28.2087341772152,27.9324,28.122336,27.866544,27.9896153846154,28.0232850241546,28.06712,28.061072,28.14104,27.5826881252719
1987,2,27.8814629258517,27.8939254385965,27.8497385620915,27.955,28.2453045685279,28.067168,27.92168,27.7835922330097,27.840704,28.125712,28.212592,28.308464,28.405136,27.8302872062663
1987,3,28.5234801762115,28.5827860696517,28.7106633906634,28.9360202020202,28.7300288184438,28.501776,28.542592,28.64128,28.65528,28.829456,28.6152,28.783472,28.535168,28.1627344475395
1987,4,29.1268277310924,29.1012470023981,29.2256502242152,29.5475949367089,29.1944237918216,29.045824,29.254013050571,29.324740608229,29.5424181818182,29.5511480362538,29.44895,29.4548081264108,29.6284886128364,28.9439234670355
1987,5,29.7992359550562,29.391221719457,29.5591521197007,29.5832011331445,29.3207859078591,30.116544,29.8109003215434,29.869392,30.0334565916399,29.8893924466338,30.3111057692308,30.0936525974026,30.3827491961415,29.9858572058175
1987,6,NA,27.016,29.0509756097561,NA,26.869381443299,29.0679487179487,26.8566666666667,28.844,29.5531578947368,28.84453125,30.1430769230769,29.1717307692308,29.8367441860465,28.7154198473282
1987,7,26.4387012987013,25.4148484848485,26.028275862069,26.6790251572327,26.20859030837,26.8926501766784,26.2259414225941,26.8226807228916,27.6906103286385,27.1742907801418,27.8057679738562,27.5507706766917,27.7737172774869,27.5209504550051
1987,8,25.9793121693122,26.1922099447514,26.68474393531,26.7771689497717,26.2572258064516,26.3523796791444,26.908503649635,27.6944117647059,28.2440449438202,27.9546240601504,27.8328684210526,28.4314450867052,28.353649851632,26.8483623188406
1987,9,26.6676086956522,25.9147191011236,26.0716901408451,26.7385670731707,26.1419718309859,27.7193314763231,27.4716774193548,27.4851714285714,28.0026869806094,28.1789014084507,28.162193877551,28.1943897637795,28.4101200686106,27.3980319148936
1987,10,29.5437037037037,29.0927777777778,29.311968503937,28.7844285714286,28.738320610687,29.3062068965517,28.9980656934307,28.7836263736264,28.606,28.4821739130435,29.1412457912458,28.7225,28.9137362637363,29.6106330749354
1987,11,29.676004415011,29.6562686567164,29.309649122807,28.9818796992481,28.8496357615894,29.602496,29.584912,29.3226205787781,29.3784032258065,28.8173872180451,29.468208,29.2651570247934,29.282752,29.6843213296399
1987,12,28.980636550308,29.208283062645,29.0998394495413,28.9459038461538,28.659819121447,28.7860304054054,28.9387666666667,29.0971332209106,29.34368,29.164032,29.1667147435897,29.285552,29.112048,28.7502142857143
1988,1,28.3695841995842,28.2314719626168,28.2585583524027,28.3144038461538,28.2554594594595,28.500688,28.339504,28.492208,28.719248,28.49304,28.625488,28.587648,28.451136,28.1521288888889
1988,2,28.3553629032258,28.356600877193,28.4048590021692,28.4285553470919,28.1529187817259,28.364224,28.644224,28.493152,28.561056,28.649584,28.666384,28.719632,28.589232,28.2991815411406
1988,3,28.8823529411765,29.2519402985075,29.3139548022599,29.5638461538462,29.5507736389685,29.1229401088929,29.0635121107266,29.2929684908789,29.5008235294118,29.713807106599,29.8759082892416,29.729087893864,30.114364548495,28.2033122260107
1988,4,29.4241201716738,29.4943553008596,29.4164987405542,29.7685803757829,29.8065395894428,28.8430995106036,29.6375806451613,29.4988141025641,30.0078431372549,30.1165935919056,30.278816,30.298096,30.205424,28.8280913850547
1988,5,29.0333582089552,28.4773529411765,28.6251515151515,28.5637025316456,27.9821678321678,28.3688524590164,28.2437209302326,28.8137082066869,28.8320411985019,28.6772222222222,28.7549781659389,28.8245767195767,28.87048828125,28.2673701039169
1988,6,27.3508108108108,27.371144278607,27.3798159509202,27.6573509933775,26.7257692307692,27.9136842105263,27.7567264573991,27.4968918918919,27.4966666666667,27.8821656050955,28.3963725490196,28.2977155172414,28.493680781759,27.3804491017964
1988,7,NA,27.5516666666667,27.1884210526316,27.4790476190476,25.1859183673469,26.6487671232877,27.67,27.4872727272727,27.3960256410256,27.2713333333333,26.9808854166667,27.3649264705882,26.9016728624535,26.5510810810811
1988,8,24.8608695652174,25.098,25.1055882352941,24.7815966386555,26.5175595238095,25.39888,25.25,25.3548275862069,25.5471428571429,26.6084439359268,NA,27.2172085889571,27.2880898876404,25.9066666666667
1988,9,NA,26.98,27.0965306122449,26.5243965517241,26.7455797101449,27.22625,26.758,27.0664130434783,26.9374251497006,27.4581212121212,26.8693181818182,27.0945077720207,27.0009195402299,27.0524427480916
1988,10,26.8648860759494,26.5060756501182,27.156275,27.5854639175258,27.2694836956522,27.7907860262009,27.8482468694097,27.8909717314488,28.2593495934959,28.3286432160804,28.18192,28.4482276422764,28.3314077669903,27.3303369209172
1988,11,28.6756611570248,28.7976167076167,28.6557220708447,28.452247706422,28.2982722513089,29.020064,28.927808,28.81536,28.8638424437299,28.242969348659,29.127472,28.762352,29.0091479099678,28.3527365615282
1988,12,28.2811415525114,28.2942408376963,28.4262702702703,28.6654945054945,28.6972972972973,28.59416,28.548448,28.575184,28.853312,28.69984,28.842288,28.734352,28.85696,28.0956141176471
1989,1,27.5576286353468,27.6998195876289,27.7215405405405,27.4956950672646,27.4867105263158,27.581536,27.74464,27.852896,27.5820446096654,27.400412371134,27.6432459016393,27.5320179372197,27.5289533011272,27.7193494423792
1989,2,27.502545045045,27.5114572864322,27.4889135802469,27.5390143737166,27.6792192192192,27.554496,27.571312,27.582896,27.574352,27.70928,27.687856,27.676192,27.605568,27.394544600939
1989,3,28.6446028037383,28.6756568364611,28.6576127320955,28.9598678414097,28.9346278317152,28.53976,28.7111575562701,28.805856,28.971968,29.0551046698873,28.907808,29.06776,29.029808,28.4745723841376
1989,4,29.1939274924471,28.9584773662551,29.0317391304348,29.0736458333333,29.1139716312057,29.1188962108731,29.0292463235294,29.23528,29.2246951219512,29.3807288629738,29.3107578253707,29.2886124401914,29.2559696458685,29.1827748938178
1989,5,29.71685,28.6819607843137,28.3494285714286,28.9877777777778,28.8147413793103,29.8568693693694,29.7800921658986,29.0786538461538,28.9433668341709,28.6301183431953,29.1466024096386,29.1320469083156,29.151593625498,29.3332026504694
1989,6,27.3743157894737,27.2708333333333,NA,NA,26.3124615384615,27.4615463917526,27.6439805825243,27.53,NA,27.7891836734694,27.8383333333333,28.042196969697,28.1646043165468,27.3692651757189
1989,7,NA,NA,26.2292063492064,25.5291404011461,24.5109401709402,NA,25.2372727272727,24.0795833333333,24.9832743362832,25.6268287526427,24.5592647058824,25.8062886597938,25.5541666666667,25.1996296296296
1989,8,24.9013004484305,24.1170588235294,24.7290977443609,25.3696899224806,24.3826388888889,26.3997074954296,25.7480668257757,25.8146090534979,26.554085106383,25.8722089552239,27.2718060836502,26.8558108108108,27.3758487394958,25.2470325203252
1989,9,25.6975409836066,25.5541486068111,26.2401939058172,26.3091540130152,25.5630147058824,26.8031782945736,26.5936203090508,27.0617439703154,27.2134325396825,26.7584957627119,27.374674796748,27.3556034482759,27.9668269230769,26.7212371946414
1989,10,26.7610256410256,27.54175,27.38725,27.1520048899756,26.644347826087,27.0621516393443,27.2149275362319,27.6552480417755,27.6693220338983,27.417731092437,27.8726229508197,27.6261499148211,27.893652892562,28.0425687203791
1989,11,28.8693762993763,28.5536144578313,28.5202375296912,28.2036196319018,28.1161246612466,29.012576,28.847152,28.4578743961353,28.217131280389,28.186,28.563808,28.0950738916256,28.364,28.9694107062528
1989,12,28.2000662251656,28.147714987715,28.23305,28.1241393442623,28.1702506963788,28.600416,28.323232,28.364704,28.271408,28.252352,28.472176,28.5288,28.507552,28.3711931290622
1990,1,28.010835117773,27.8161882352941,27.7617505995204,28.0379761904762,28.1674386920981,28.20192,28.032048,28.08392,28.0528455284553,28.277632,28.150752,28.188384,28.17544,28.0421989051095
1990,2,28.5769098712446,28.3214148681055,28.3162679425837,28.2476482213439,28.1013535911602,28.66968,28.591152,28.494688,28.358288,28.295936,28.275472,28.362944,28.138544,28.5014161717679
1990,3,28.5153741496599,28.4963636363636,28.5430952380952,28.8842944785276,28.8108988764045,28.44584,28.4601442307692,28.4393445378151,28.7798512396694,28.91272,28.827867768595,28.8566451612903,28.8486776859504,28.026211208893
1990,4,28.5261252900232,28.3699154929577,28.4505396825397,28.641832460733,28.2615286624204,28.5774636510501,28.4942508710801,28.5207823129252,28.6608153078203,28.6653094462541,28.8142414355628,28.5586795491143,28.9543973941368,27.9726620139581
1990,5,29.6910051546392,29.9121875,29.9597826086957,28.2547619047619,26.737,30.1512218649518,30.1819453924915,29.6511956521739,29.2433656957929,28.3604347826087,29.4366438356164,29.4045714285714,29.7281565217391,29.4401707577375
1990,6,27.5548,26.5085714285714,26.0907352941176,26.1403968253968,26.2334418604651,27.3503418803419,27.5984552845528,27.5501015228426,27.420518134715,26.9376,27.9492075471698,28.0215568862275,28.2003475935829,28.0594805194805
1990,7,25.1634693877551,24.5058904109589,25.181976744186,25.5413793103448,23.8,26.0490376569038,25.6010084033613,25.9713483146067,26.1772340425532,25.7356060606061,26.1835490605428,26.261972972973,26.2007333333333,25.7145135746606
1990,8,25.0855510204082,24.9226506024096,24.6925925925926,25.3154147465438,24.6233974358974,25.7639443155452,25.85553125,26.2229797979798,26.33968,25.9726305220884,26.886008583691,26.6721830985915,26.9105695142379,25.6090610328638
1990,9,26.6615246636771,26.0053658536585,25.6410163934426,26.8909770114943,25.8284615384615,27.8434903047091,27.2553399668325,27.1278358208955,27.4674096385542,27.6587903225806,28.1481781376518,27.4534146341463,28.0243189368771,27.0327582644628
1990,10,27.51,27.3175257731959,27.4944444444444,27.5615151515152,26.379793814433,28.3016201117318,28.0313913043478,27.9510256410256,28.1610909090909,27.7230588235294,28.3923963133641,28.1846370967742,28.610652173913,28.1338165266106
1990,11,28.9216741071429,28.8436031331593,28.5319623655914,28.417890625,28.2054461538462,28.97304,28.7074350649351,28.678208,28.731952,28.46414910859,29.071191626409,28.73776,28.984032,28.9985960820896
1990,12,28.9423111111111,28.539429280397,28.64225,28.8131198347107,28.7021203438395,29.2332,28.78744,28.879136,28.998928,28.889024,29.08368,29.112768,29.097968,28.8807430194037
1991,1,27.6583292383292,27.6449858356941,27.7680743243243,27.7507291666667,28.1028048780488,27.510016,27.867072,27.6842764227642,27.5538979591837,27.9392604501608,27.884595524957,28.005776293823,28.1494426229508,27.6770876162506
1991,2,28.3069047619048,28.4137198067633,28.2641304347826,28.1959,27.8171111111111,28.18872,28.324976,28.308656,28.182016,27.943344,28.4316,28.094624,28.111104,28.0020659642694
1991,3,28.7585313174946,28.8913151364764,28.725975308642,28.8731097560976,29.2095454545455,28.533648,28.7736,28.7992,28.679728,28.8541129032258,28.836064,28.8008173076923,28.860928,28.3181435185185
1991,4,29.643503649635,29.2161354581673,29.3770491803279,30.0630612244898,29.7919473684211,29.6706270627063,29.6975596330275,29.5496242774566,29.7815978456014,30.0702934537246,29.889671592775,30.0961858974359,29.93904,29.5600912145943
1991,5,29.2586996904025,29.1827702702703,28.9966216216216,29.4261666666667,28.8956621004566,29.6542016806723,29.5314782608696,29.2549156118143,29.2395993031359,29.4678747628083,29.394804088586,29.3789943074004,29.4743441226576,29.555668684645
1991,6,27.66,27.6209090909091,NA,27.0111111111111,26.2125,28.0483928571429,28.2017647058824,27.685,27.4745283018868,27.4044074074074,27.0524444444444,27.3307631578947,26.8891025641026,28.0165217391304
1991,7,27.155,27.3204761904762,26.4517171717172,25.7610526315789,26.5833333333333,25.6716666666667,27.6877631578947,27.4314671814672,26.9719672131148,27.0675806451613,27.8203225806452,28.0390819672131,28.2675510204082,25.66
1991,8,25.4556302521008,25.1215909090909,25.471746031746,25.6933333333333,25.66015625,25.8894252873563,25.6347345132743,25.8005263157895,26.1394524495677,26.2406222222222,25.9500892857143,26.2371103896104,25.928982300885,25.5450179856115
1991,9,25.7576512455516,25.4825796178344,25.7283094555874,25.8693577981651,25.9598888888889,26.5796901893287,26.386206088993,26.5113728813559,26.84,26.4969483568075,27.1666480446927,27.2242755344418,27.2604303278689,26.1829160739687
1991,10,27.4944262295082,27.9193788819876,27.7982857142857,27.5245,27.1010273972603,27.659387755102,28.0621860465116,27.9654659949622,27.9774045801527,27.6598395721925,27.7779509632224,28.0282978723404,28.1599460916442,27.3817574257426
1991,11,28.5261395348837,28.5276205787781,28.4057798165138,28.2102267002519,27.5633830845771,28.541792,28.4776,28.1631260504202,28.2140239726027,27.7020965058236,28.192976,27.9163709677419,28.2168,28.48736643026
1991,12,27.607867803838,27.3070117647059,27.1983770883055,27.1301778656126,27.0981891891892,27.720656,27.56496,27.448016,27.530016,27.41384,27.772336,27.189808,27.261088,27.5029528985507
1992,1,26.7441834451902,26.8483251231527,26.8767980295566,26.9656494845361,26.7379320113314,26.90008,26.971152,26.975296,27.278672,26.99928,27.342464,27.426688,27.394944,26.5851289263947
1992,2,26.9303846153846,26.9422380952381,26.8109069212411,26.9241650294695,26.9567671232877,27.060976,26.975408,26.966224,27.0350081037277,27.0456,27.210944,26.8661538461538,27.108144,26.7043377332726
1992,3,27.6788247863248,27.7689638554217,27.8004914004914,28.0135108481262,28.0605361930295,27.421408,27.821008,27.9669181380417,27.89672,28.155392,27.956528,28.052768,27.916704,27.4461569872958
1992,4,28.5649559471366,28.774296875,28.6215949367089,28.891163310962,28.8502836879433,28.3126817447496,28.5451515151515,28.5956113902848,28.7583548387097,28.9743598615917,28.9876097560976,28.8852840909091,28.8970106761566,28.311234911792
1992,5,29.3130409356725,28.64125,28.4578260869565,29.0629032258065,28.7875531914894,29.2822068965517,29.0232142857143,29.1484146341463,28.992,29.7473429951691,29.6636900369004,29.1916666666667,29.5012747875354,29.2150334075724
1992,6,27.1910344827586,26.6473015873016,26.1151724137931,26.1788888888889,25.7643037974684,27.4577894736842,26.9750920245399,26.5820512820513,27.3929230769231,26.8902659574468,27.3982051282051,27.6444976076555,27.5645808383234,27.3370038910506
1992,7,NA,25.9911764705882,26.8833333333333,NA,25.3811538461538,NA,27.1185714285714,27.0474074074074,NA,25.5466666666667,NA,26.5441666666667,26.9359832635983,25.5807692307692
1992,8,24.758,25.16,25.8145588235294,26.2761386138614,25.3028409090909,26.0747368421053,25.0227777777778,26.4352702702703,27.0958510638298,26.5219950124688,26.9993382352941,27.1591984732824,26.9655,25.9677777777778
1992,9,25.826,25.5178378378378,26.4413636363636,26.6390217391304,26.2913099041534,26.7392708333333,25.9338095238095,26.2182,27.2214285714286,26.7665427509294,27.5653048780488,27.6053241650295,27.2726333907057,26.8860766182299
1992,10,27.0126315789474,26.6093333333333,27.7333725490196,27.5902412868633,26.8607083333333,27.8757655954631,27.7222543352601,27.7825447316103,27.7366666666667,27.5551330798479,27.9529617304493,27.7637127845884,27.7789534883721,27.9269597069597
1992,11,28.3015529411765,28.2539673913044,28.4240731070496,28.3274932614555,28.2030769230769,28.3942948717949,28.446992,28.4866292134831,28.4664369747899,28.48,28.4596634615385,28.3620090293454,28.4264,28.2898998091603
1992,12,27.940321888412,27.8109952606635,27.9104086538462,28.00104743083,27.741312849162,28.140816,27.814448,27.933744,27.85616,27.923792,27.984416,27.669968,27.80032,27.7763985374771
1993,1,27.5225,27.5276515151515,27.4278117048346,27.350875,27.0752037617555,27.521776,27.524512,27.5496,27.557392,27.509376,27.523776,27.522928,27.61328,27.6585984848485
1993,2,27.7167391304348,27.4765227817746,27.2788413098237,27.3391958762887,27.4629362880886,27.728448,27.583328,27.452752,27.537424,27.556848,27.531824,27.55976,27.635552,27.6611121365944
1993,3,28.0605077262693,28.3316915422886,28.5677450980392,28.8180824742268,28.424367816092,28.104064,28.207408,28.394528,28.565952,28.579792,28.45872,28.65736,28.405776,27.8539085820896
1993,4,28.6381379310345,28.7494949494949,29.0727296587927,29.1771743486974,29.0848556430446,28.6277324632953,28.6555029585799,28.9162962962963,29.0053365384615,29.19265,29.120304,29.1814539579968,29.27248,28.3516566682049
1993,5,29.8803448275862,29.5180701754386,29.6356862745098,29.8581794195251,29.179702970297,29.6756084656085,29.8359109311741,29.9041131105398,29.3497805642633,29.6646466431095,29.2775,29.5551639344262,29.2967085427136,29.275605296343
1993,6,27.2472727272727,27.1137671232877,27.12,27.7953125,25.6452173913043,27.7678547854785,28.7328115015974,28.4000632911392,28.2672197309417,27.7728387096774,28.2995636363636,28.2236862745098,28.235243902439,27.563285151117
1993,7,27.7409375,26.3571428571429,25.9921022727273,25.710243902439,24.98,27.6222950819672,27.8284782608696,27.5746308724832,27.1166129032258,25.6137894736842,27.3978389830508,27.1956476683938,27.5539393939394,27.3390828402367
1993,8,25.9234911242604,24.7230909090909,25.453023255814,25.915974025974,24.3535135135135,26.2851612903226,25.4382291666667,26.2223113207547,26.6328880866426,25.7523225806452,27.2827227722772,26.3065445026178,26.7845387453875,26.7134183673469
1993,9,25.8966115702479,26.1623659305994,26.4585507246377,26.4489473684211,25.9009090909091,26.8724916943522,26.490425,26.3599779249448,27.1540714285714,26.8788356164384,27.4965204678363,26.9044324324324,27.3148611111111,26.5931659192825
1993,10,28.725593220339,28.8355960264901,28.414126984127,27.7005283018868,27.5264331210191,28.522336,28.7011897106109,28.5887140115163,28.1967506297229,27.5712376237624,28.116301703163,27.7858620689655,27.7787927927928,28.650661075481
1993,11,28.1513140311804,28.2670229007634,28.0816714697406,28.1591082802548,27.9147305389222,28.102704,28.271072,28.2683552631579,27.9475862068966,27.8381758957655,28.0569023569024,27.6785515873016,27.8590671031097,28.1157877512856
1993,12,27.8699783549784,27.8121167883212,27.8348529411765,27.8829752066116,27.7187572254335,27.997264,27.94992,27.953568,27.8552724358974,27.9120512820513,27.6630128205128,27.8978733766234,27.7586991869919,27.6514298850575
1994,1,27.7608888888889,27.7116202531646,27.8778787878788,27.7396822033898,27.3568253968254,27.825984,27.870448,27.986624,28.045504,27.847696,27.840736,28.132304,27.8939903846154,27.6297613365155
1994,2,27.2167990654206,27.0986161879896,27.1224585635359,27.3767857142857,27.4991205211726,27.1257371794872,27.3009369951535,27.4902882882883,27.5830612244898,27.7164735945486,27.5219198664441,27.4703938356164,27.3255772357724,26.9148657560057
1994,3,28.0284160756501,28.06825,28.0156430446194,28.0564365256125,27.9762985074627,28.035072,28.144624,28.10096,28.14056,28.031776,28.424288,27.996752,28.2666131621188,27.7204396678065
1994,4,29.6226946107784,29.150861618799,29.3867422096317,29.2232079646018,28.8457333333333,29.9935104669887,29.3640747663551,29.2510458715596,29.3352181208054,29.3821146953405,29.5301610017889,29.4521180555556,29.4035831809872,29.7747405405405
1994,5,29.3663344051447,29.0849839228296,29.2761363636364,29.2414156626506,28.1293467336683,29.3803529411765,29.6649270072993,29.5957043478261,29.758154158215,29.5775247524752,30.0157608695652,29.8397368421053,29.8361962134251,29.1491179906542
1994,6,NA,26.4525,26.8097202797203,26.8161904761905,25.3907112970711,NA,26.7524657534247,26.8612195121951,27.3993023255814,26.9263852813853,27.4623738872404,27.4982222222222,27.2201658767773,26.0775
1994,7,25.35,NA,25.5121428571429,25.1405882352941,25.2113559322034,26.343125,27.0575,26.186,26.2489565217391,25.7036075949367,27.3254901960784,27.483,28.0961009174312,25.7646666666667
1994,8,26.5694047619048,25.7003723404255,25.454,25.4336,24.6550877192982,26.9532624113475,27.3171052631579,27.5246987951807,26.88,26.5830555555556,26.8304591836735,27.1727272727273,27.045,26.363679417122
1994,9,26.1772222222222,26.1530303030303,26.5474193548387,25.55,25.8667346938776,26.4026966292135,26.3865625,26.9034426229508,26.9239316239316,26.313309352518,26.9683018867925,26.7382258064516,27.2837647058824,25.8819813519814
1994,10,NA,NA,NA,NA,NA,NA,NA,NA,NA,NA,NA,NA,NA,NA
1994,11,NA,NA,NA,NA,NA,NA,NA,NA,NA,NA,NA,NA,NA,NA
1994,12,NA,NA,NA,NA,NA,NA,NA,NA,NA,NA,NA,NA,NA,NA
1995,1,27.8904721030043,28.1339201877934,28.2424,27.9322277227723,27.9393674698795,28.02816,28.144144,28.3705128205128,28.4285275080906,28.0076175040519,28.5504647435897,28.7874453781513,28.8805141843972,27.5093217893218
1995,2,28.0709243697479,28.0385616438356,28.0391203703704,28.1793292682927,28.1362903225806,28.04736,28.119136,28.008304,28.04104,28.2285256410256,28.470464,28.287808,28.487488,27.9827130044843
1995,3,28.6265695067265,28.9381453634085,29.007758186398,28.9373140495868,29.2269298245614,28.507712,28.54304,28.645648,28.6675811688312,28.940672,28.8289887640449,28.921968,29.125744,28.293943793911
1995,4,29.7551583710407,29.3592544987147,29.8207105263158,29.7488888888889,29.73625,29.682288,29.462944,29.5643606557377,29.5936458333333,29.8960390763766,29.8811075441413,30.0642926045016,30.2108988764045,29.5609217230199
1995,5,28.5521428571429,28.5304166666667,29.747094017094,29.2407865168539,27.735597826087,29.5847741935484,28.5379389312977,29.6626687116564,29.4391954022989,29.5243442622951,29.6152892561983,29.7148899755501,29.6114058956916,30.1632387096774
1995,6,27.1160869565217,26.5223529411765,26.799010989011,26.9535555555556,24.4893835616438,28.3390909090909,28.525,28.0010714285714,27.8645,26.141007751938,28.9646601941748,28.9094936708861,29.5377685950413,29.2580152671756
1995,7,27.7051639344262,26.5202857142857,26.5336036036036,27.5256040268456,24.9802127659574,26.4717543859649,27.112091503268,26.7568,27.649012345679,26.9306611570248,28.2179758308157,27.9709392265193,28.1568,28.0528947368421
1995,8,NA,NA,25.9374509803922,26.3133529411765,26.0012635379061,NA,26.2430769230769,27.5632780082988,27.3563846153846,27.3462343096234,27.4421285140562,28.0502040816327,27.6553571428571,26.4290697674419
1995,9,26.4316040100251,26.4781292517007,27.4779220779221,27.6615533980583,27.0674672489083,26.65953722334,27.4624033149171,27.4963903743316,27.4388043478261,27.6829411764706,27.1355693581781,26.9881517509728,27.3071868131868,27.0526170798898
1995,10,28.0575555555556,28.8225714285714,28.4894422310757,28.3940049751244,27.4533673469388,28.7867592592593,28.6459810126582,29.0267061143984,29.0309708737864,28.2466984126984,28.6137179487179,28.8652878464819,28.6635335689046,28.1450182260024
1995,11,28.636872246696,28.2786315789474,28.776301369863,28.8362244897959,28.4363258785942,28.761584,28.4872564935065,28.5687947882736,28.350512,28.4298316498317,28.276432,28.3831980519481,28.400656,28.6941827364555
1995,12,28.1119120879121,28.1176225490196,28.0126506024096,28.0602620967742,27.9675,28.360432,28.31992,28.197296,28.225136,28.183824,28.435904,28.40992,28.452096,28.3244018475751
1996,1,27.8549184149184,27.696875,27.8061953727506,27.8745031712474,27.7029966329966,27.923296,27.864192,27.879152,27.986976,27.681616,27.978192,27.731872,27.97792,27.869812319538
1996,2,27.9433412322275,27.9951912568306,27.8714507772021,28.2853249475891,28.2949825783972,28.007104,28.170704,27.958096,28.2312,28.54352,28.173184,28.46056,28.438656,27.7302311025518
1996,3,28.7910487804878,28.8582890855457,29.0126395939086,28.9915677966102,28.7163421828909,28.6996308186196,28.6055702479339,28.9904537815126,28.9501512605042,28.96544,29.1396638655462,29.134736,29.1107580645161,28.6208490566038
1996,4,29.2971707317073,29.1566101694915,29.5268789808917,29.7774222222222,29.1784831460674,29.6295469255663,29.3373979591837,29.4604392764858,30.1043826086957,29.9439963167587,29.8181218274112,30.0886993243243,30.0284440842788,29.1080744092509
1996,5,29.085,28.7329141104294,28.6399233716475,28.7864528301887,27.4222792022792,29.4943220338983,29.3893457943925,29.248018018018,29.1378857142857,28.8142710472279,29.4513866231648,28.8825046040516,29.3274188311688,28.8618036750484
1996,6,28.0828813559322,28.006,27.9453125,27.4516959064328,27.0571782178218,28.1709580838323,28.384014084507,28.3479439252336,28.439504950495,27.788488372093,28.0451851851852,28.2268115942029,27.0853623188406,28.8316807610994
1996,7,25.5809090909091,25.271,25.266,25.712,24.8473076923077,26.5295238095238,25.9778787878788,NA,25.812,25.936350148368,25.7347272727273,26.2138235294118,27.3622784810127,25.85
1996,8,25.8684251968504,25.2688079470199,25.1182272727273,25.5650666666667,24.4044444444444,25.8030324074074,26.2173979591837,26.0166829268293,26.4118481012658,26.7725882352941,26.9644534412955,26.9001662707838,27.183488372093,26.0488072417465
1996,9,25.9052459016393,25.4842857142857,25.4866666666667,25.2925925925926,25.2211607142857,26.770108401084,26.0722222222222,25.3561538461538,26.5,26.3613043478261,27.3945,27.1207272727273,26.8093023255814,26.6835920177384
1996,10,27.6216666666667,26.8166666666667,27.727027027027,26.9721590909091,27.6822448979592,27.5968518518519,28.0924056603774,28.8821153846154,28.6067338709677,28.0035891089109,28.479384057971,28.1883502538071,28.3728706624606,27.189218487395
1996,11,28.1734854771784,27.8752403846154,27.846261682243,27.7054255319149,27.3527548209366,28.219536,28.0618262411348,28.1024048442907,27.9421657250471,27.5949915397631,28.1371955128205,27.8501172529313,28.0495833333333,28.1318384279476
1996,12,28.2708659793814,28.2752036199095,28.2923720930233,28.2817726396917,28.1589090909091,28.243024,28.212592,28.306512,28.41304,28.361264,28.519024,28.339616,28.44112,28.288855475763
1997,1,27.7314782608696,27.5580940594059,27.6643446601942,27.847,28.0652602739726,27.969376,27.877936,27.839552,28.085888,27.847568,28.235968,27.908768,27.961328,27.6325476522548
1997,2,27.578127753304,27.5760794044665,27.760895140665,27.8226618705036,27.8952737752161,27.520432,27.60528,27.5598561151079,27.585243902439,27.7556509695291,27.6044698205547,27.6236052631579,27.6611607142857,27.0431968357376
1997,3,28.5167477876106,28.5808771929825,28.7879949874687,28.8859053497942,28.6571987951807,28.683616,28.74456,28.774224,28.73504,28.88304,28.815872,28.814544,28.8096,28.4789215686275
1997,4,29.3316229116945,29.132865497076,29.4446621621622,29.3793774319066,29.6766153846154,29.551344,29.4484046052632,29.5312596899225,29.8305208333333,29.6583365949119,29.947922705314,29.770761589404,29.93432,29.1585172581429
1997,5,30.026328125,29.383125,29.3903773584906,29.3438983050847,28.9285638297872,29.9990693069307,29.8668699186992,29.8291011235955,29.7809558823529,29.4824285714286,29.8034853420195,29.465,29.849584,29.6567441860465
1997,6,29.7438571428571,29.1068897637795,29.4259925093633,29.6911945392491,28.5425448028674,30.0575280898876,29.7953439153439,29.9576339285714,30.594679245283,30.0135730337079,30.5815158371041,30.2006651884701,30.4447643979058,29.746878393051
1997,7,25.3177777777778,26.4120930232558,26.5925,26.6260740740741,25.3594186046512,25.6504,26.8941121495327,26.7389930555556,26.8142735042735,26.3593103448276,27.0931557377049,27.6844117647059,27.4551149425287,26.1308547008547
1997,8,26.957276119403,26.4724409448819,26.0406489675516,26.6631362467866,26.0816819571865,27.3469230769231,27.3679156908665,27.2434622467772,28.0155319148936,27.3083828382838,28.1793890020367,28.0864480874317,28.5588454706927,26.5398429319372
1997,9,27.6515591397849,27.0782378854626,26.9203780068729,27.225,25.3645833333333,27.84388671875,27.5465573770492,27.2562909090909,28.1640691489362,27.5698390804598,28.2472580645161,28.5454424778761,28.3929113924051,28.2389568845619
1997,10,29.1263315217391,28.8704419889503,29.0634210526316,28.4384042553191,28.3070731707317,29.0382843137255,29.1730057803468,28.7235635359116,28.5891788856305,28.568579766537,29.2807575757576,28.9981996726678,29.0467313915858,29.2758049014897
1997,11,29.193358974359,28.45,28.6788157894737,29.4865957446809,28.6436111111111,29.3151257253385,29.2040243902439,28.9216071428571,29.7393,29.2203396226415,29.2193596059113,29.240756302521,29.1604854368932,29.8067813490267
1997,12,29.1942393509128,29.3476267281106,29.4154304635762,29.4099810246679,28.9666666666667,29.1069823434992,29.3083922829582,29.380768,29.413984,29.0327447833066,29.461904,29.091136,29.3040192926045,29.0153579270971
1998,1,29.1044591611479,29.0336274509804,29.2671807228916,29.1321442885772,28.9025,29.192192,29.207584,29.183024,29.259344,29.127568,29.341216,29.081296,29.112672,28.7912999071495
1998,2,28.9190869565217,28.899804400978,28.9165936739659,28.931593625498,29.0337570621469,29.001344,29.137088,28.959312,28.940544,29.132096,28.944672,29.023648,28.961264,28.811729879741
1998,3,28.812847826087,28.8201216545012,28.8779277108434,29.3172654690619,29.6120114942529,28.852352,28.893616,29.058912,29.288432,29.554288,29.306064,29.484192,29.3832,28.473816091954
1998,4,30.2677517564403,30.0830225080386,30.4014005602241,30.3318032786885,30.5714335664336,30.270896,30.3459967051071,30.3765573770492,30.3277011494253,30.2432242225859,30.3627243589744,30.3868892508143,30.514064516129,30.0854480796586
1998,5,30.4042789598109,30.2644871794872,30.6531626506024,30.5915013404826,29.9313402061856,30.3820307167235,30.4709700176367,30.7262714776632,31.0200355239787,30.7857142857143,30.9053784219002,31.025947826087,30.9806612903226,30.247431640625
1998,6,30.14,29.9871428571429,29.11,30.094,27.6654929577465,30.0723577235772,30.4335294117647,30.6613636363636,30.5833333333333,27.915,30.5436585365854,30.1492857142857,29.7181081081081,29.938619047619
1998,7,NA,25.6593939393939,25.68,25.6488108108108,25.9706493506493,26.7714814814815,27.4266101694915,26.74,26.7686734693878,26.965,26.7475,26.88132,27.4390322580645,26.5844444444444
1998,8,26.0785496183206,26.6400884955752,27.4210365853659,27.6599655172414,26.1253784860558,27.0628880866426,27.0378386167147,27.1801617250674,27.3531713554987,27.887275,27.5323529411765,27.9663989637306,28.051734939759,26.6152611218569
1998,9,26.8374006116208,27.2496875,27.8629807692308,27.9967567567568,27.00578125,27.2706909090909,27.4817696629213,28.3118302387268,28.4376949152542,27.8495,27.8659550561798,27.4529,27.745119047619,26.8300600343053
1998,10,26.97068,27.0530493273543,27.2773684210526,27.4458695652174,27.4608256880734,27.5119758064516,27.4152173913043,27.6519503546099,27.7669140625,27.8908163265306,27.881661971831,27.7124137931034,27.8797058823529,27.2307779578606
1998,11,28.5838444444444,28.5270074812968,28.2523822714681,28.157320441989,27.6042570281124,28.82232,28.6716639741519,28.5856896551724,28.3807279029463,28.2258362989324,28.5359550561798,28.2260200668896,28.4548648648649,28.5192208390964
1998,12,28.1662608695652,27.9538929440389,28.1526024096386,28.2136290322581,27.9170206489676,28.283536,28.011376,28.151056,28.231392,27.994528,28.203264,28.1029099678457,28.108448,28.1408100558659
1999,1,27.7480972515856,27.6043509615385,27.9027737226277,28.0299585062241,27.8229275362319,27.805696,27.724544,27.64192,27.9325483870968,28.128448,27.872944,27.8713106796116,27.737264,27.5824930875576
1999,2,28.6168834080718,28.5670426065163,28.648239608802,28.5308266129032,28.4399703264095,28.510016,28.482224,28.379184,28.4916,28.505104,28.68024,28.674128,28.4614423076923,28.3195848880597
1999,3,28.9381919642857,28.9345406824147,29.022962962963,29.0144150110375,29.1832475884244,29.015744,28.9179391891892,28.6796405228758,28.8161774193548,29.3098469387755,28.8352,29.1426586620926,28.9798888888889,28.6561660447761
1999,4,28.6617366946779,28.160663507109,28.8284076433121,28.2079310344828,27.9275971731449,28.4858181818182,28.3034408602151,28.481888667992,28.500989010989,28.5196942446043,28.5143898305085,29.0381153846154,29.0325,28.2106214039125
1999,5,NA,NA,NA,26.4144186046512,26.1607317073171,26.3810144927536,NA,28.36,28.3164705882353,26.5426153846154,NA,28.0025,28.2492,27.8647540983607
1999,6,28.4239523809524,27.8158139534884,27.7254705882353,27.073828125,25.9314134275618,28.385076142132,28.3511447811448,28.031581920904,27.8060695187166,27.1777504725898,27.8027209302326,27.8463055555556,27.5617268041237,28.5367763157895
1999,7,NA,27.685,26.9477777777778,26.9284864864865,25.9011848341232,NA,28.1285,27.9847413793103,28.6062874251497,27.5794676806084,28.0749074074074,27.8989224137931,27.8221739130435,26.7633333333333
1999,8,25.668,25.447137254902,25.188202247191,25.8164406779661,25.7385135135135,26.2808461538462,26.8052777777778,26.8468269230769,26.4012598425197,26.153963963964,26.6725247524752,26.839375,26.7624796747967,26.405687960688
1999,9,26.8163976945245,26.5271468926554,26.6185028248588,26.6242021276596,26.6195172413793,27.3152676659529,27.5825615763547,27.9490888888889,28.1621266968326,27.8344852941176,28.1447268907563,28.3538414634146,28.5714972273567,26.9525149190111
1999,10,27.8659090909091,27.4571604938272,27.3440384615385,26.6426956521739,26.4147368421053,27.7607070707071,27.6952554744526,27.46,27.1761333333333,26.5724,27.7413654618474,26.87,27.659188034188,28.500690647482
1999,11,28.463125,28.1741379310345,28.018672985782,27.7884232365145,27.4036994219653,28.734752,28.59432,28.4183012820513,28.2647058823529,28.0940443686007,28.359088,28.19376,28.2084729064039,28.5244514672686
1999,12,28.3859447983015,28.0342361111111,27.9513002364066,27.8219881889764,27.9271505376344,28.72424,28.399088,28.241424,28.293056,28.179584,28.280832,28.186992,28.221232,28.2597302158273
2000,1,27.9905434782609,27.9717401960784,27.9398296836983,27.7672144288577,27.6572700296736,28.25792,28.094192,28.308448,28.273904,28.267619047619,28.34856,28.31336,27.9754605263158,27.8563648960739
2000,2,27.4765492957746,27.4992571428571,27.4989473684211,27.9900862068966,28.0962815884477,27.4711378205128,27.449984,27.7317830882353,27.6987148594378,27.9644715447154,27.7292471358429,27.3927178423237,27.5705691056911,27.368202247191
2000,3,28.2367264573991,28.2751515151515,28.2247181008902,28.307378435518,28.6061886792453,28.018288,28.0234415584416,28.1003193277311,28.3169271758437,28.6718707482993,28.563469785575,28.5068287526427,28.5047359454855,27.6031945743686
2000,4,28.6986373626374,28.8207878787879,28.6739102564103,28.6600209205021,28.7919637462236,28.6224048442907,28.6874041811847,28.8790344827586,28.9058682634731,28.9225257731959,28.8478899082569,28.8735630252101,28.7242419354839,28.6563064295486
2000,5,28.7394042553192,28.8772268907563,29.1654385964912,28.8520087336245,28.0892263610315,28.7049225473322,29.2474396135266,29.5146991404011,29.7043359375,29.2903,29.3833075435203,29.3569647058824,29.5751257253385,28.598117816092
2000,6,28.46,27.5215384615385,26.0891379310345,26.3533333333333,25.9309944751381,27.08,27.8633333333333,27.4193333333333,27.5291666666667,26.7149473684211,27.7524489795918,27.3525130890052,27.5332894736842,26.7484166666667
2000,7,25.2094409937888,25.2727380952381,25.3707555555556,25.589641025641,26.0289240506329,26.7113043478261,26.2446803652968,26.77969348659,26.5386061946903,26.3375274725275,27.1451219512195,26.7395559502664,27.0760495867769,25.7785376827897
2000,8,26.56375,25.52,25.7189285714286,25.66475,25.7616279069767,27.2952,26.9992857142857,NA,27.35,27.9327586206897,27.895,27.5616326530612,27.9226666666667,26.7007936507937
2000,9,25.5689285714286,25.545,25.9005376344086,26.209251497006,26.0532978723404,27.15,27.5805063291139,26.8776923076923,27.5008280254777,26.896368286445,27.6656701030928,27.4241454545455,27.7505943152455,26.172972972973
2000,10,28.6847419354839,28.2971381578947,28.5241800643087,28.5118414918415,27.9083112582781,28.6034482758621,28.4356558773424,28.6531674958541,28.6979934210526,28.618896,28.632496,28.82584,28.949008,28.3638381410256
2000,11,29.0941646489104,28.9508238636364,29.0760055096419,28.7007641196013,28.3910810810811,29.2400161550889,29.113312,29.051600660066,28.8184888059702,28.5099530516432,28.955872193437,28.7980594405594,29.174394184168,28.9644820814924
2000,12,28.3181318681319,28.2408461538462,28.2230334190231,28.192860125261,28.4015044247788,28.552944,28.327904,28.405152,28.506944,28.532704,28.642288,28.778976,28.708016,28.2188817303267
2001,1,27.9510920770878,27.8020714285714,28.2508983451537,28.3338310412574,28.6518233618234,27.8511858974359,27.953552,28.088768,28.348672,28.5821153846154,28.370704,28.550304,28.466875,27.5600226346763
2001,2,27.8646551724138,27.9396994535519,27.7765260545906,27.9560879120879,27.8756629834254,28.046528,27.953568,28.0102141680395,27.8779058441558,28.1116404886562,27.879792,27.9562398703404,27.8807532051282,27.7530054397099
2001,3,28.6501149425287,28.6283597883598,28.6928826530612,28.8973716632444,28.6484923076923,28.908528,28.922992,28.8568115942029,29.060672,28.750832,29.247984,29.003152,29.242288,28.2572494061758
2001,4,28.4342205323194,28.7946428571429,28.981724137931,28.0909803921569,28.8796774193548,28.2859188544153,28.8159545454545,29.2499082568807,28.8291875,28.6015,29.0251437699681,28.2098863636364,28.6493076923077,27.8248052691867
2001,5,29.7423046875,29.6767326732673,29.6103610108303,29.143,28.5698895027624,29.5803333333333,30.0227177700348,29.8119262981575,29.6219075144509,29.8691561938959,29.6871214642263,29.6931081081081,29.7742881355932,29.272765060241
2001,6,26.9089655172414,26.496,28.9592857142857,26.9259116022099,26.8568072289157,27.2462977099237,27.6776623376623,29.5048535564854,27.5010810810811,27.5629357798165,28.2842769230769,28.1351834862385,28.487443438914,27.1441282051282
2001,7,24.8740625,24.4643939393939,25.2478666666667,25.1551659751037,25.1732352941176,25.2483050847458,25.1964485981308,26.465584725537,26.6864601769912,25.7143360995851,27.0036899563319,27.1229433962264,27.0132061068702,25.0379012345679
2001,8,25.02140625,25.1725675675676,25.2102287581699,26.15614481409,25.2895886075949,26.1537053571429,25.3968456375839,26.0307719298246,26.7591042345277,26.5577338129496,26.9851391465677,27.0828692699491,27.218578680203,26.0264722617354
2001,9,25.712385786802,25.6443661971831,26.5324120603015,26.7246472019465,25.3382375478927,26.7222975929978,26.5229641693811,27.4547181964573,27.7610126582278,26.7953225806452,28.1083272058824,27.6661399548533,27.8398513011152,25.8182480091013
2001,10,28.145045045045,27.487731092437,26.9723036649215,27.1634693877551,26.1693150684932,28.6693612774451,27.899331797235,27.0090458015267,27.1393333333333,27.9732967032967,28.4695396419437,28.7440170940171,28.9824301675978,28.6061044362292
2001,11,29.0426078028747,28.7097254004577,28.4993103448276,28.3839201877934,28.2496987951807,28.9979487179487,28.748864,28.724256,28.8969516129032,28.5773151125402,28.965552,28.8807293354943,28.9281643356643,29.293714664311
2001,12,28.5249581589958,28.2228798185941,28.3209502262443,28.1221305182342,27.9091472868217,28.815264,28.569024,28.59,28.55232,28.212864,28.500672,28.358864,28.401536,28.729789048474
2002,1,27.7946088794926,27.4952267303103,27.3961926605505,27.39906,27.2367105263158,28.123344,27.780816,27.73752,27.4896173044925,27.1508,28.168624,27.9200802568218,28.0025895765472,27.8975896057348
2002,2,28.2280612244898,28.2327678571429,28.3427839643653,28.3894350282486,28.6053727506427,28.017088,28.21136,28.15504,28.271104,28.56864,28.361216,28.38224,28.556256,27.8295813133539
2002,3,28.8161157024793,28.7895881006865,28.9675169300226,28.9528269230769,29.0255927835052,28.731424,28.705856,29.127872,29.0572,29.094272,29.051312,29.281744,29.216096,28.922652154598
2002,4,29.3825333333333,29.0669774919614,29.2078501628664,29.3892282958199,29.3762068965517,29.2864102564103,29.1111635750422,29.1639,29.4294541910331,29.7324137931034,29.4779118773946,29.7615637065637,29.7031907894737,29.2689745916515
2002,5,NA,29.0886111111111,28.9133333333333,29.483,28.49,30.1823529411765,28.9592857142857,29.8910526315789,29.9927227722772,29.9374468085106,29.6098113207547,29.8470731707317,29.782,29.3783462132921
2002,6,27.1990717299578,27.3130208333333,27.7372173913043,27.851975308642,27.5363414634146,27.3945604395604,27.178125,27.4460563380282,28.014683908046,28.4226,28.617619047619,28.6243992248062,28.3137466307278,26.829984951091
2002,7,26.6291145833333,26.2251351351351,26.1506211180124,25.9461048689139,26.3680158730159,27.4497530864198,26.8446468401487,27.4431606217617,27.1081144781145,26.5940235294118,27.6266896551724,27.3625982532751,27.4135497835498,27.166196049744
2002,8,25.6898214285714,24.9530681818182,24.8189436619718,25.6575362318841,25.5829746835443,26.058,26.1390196078431,26.1418350515464,26.5671153846154,26.7742377260982,26.9526115702479,27.1773983739837,27.2404390243902,25.9921071428571
2002,9,27.4632598039216,26.7900748129676,27.427668161435,27.6816853932584,26.3473778920308,28.0776271186441,28.1201904761905,28.4784148397976,28.7035056542811,28.3986863711002,28.488656,28.6931655844156,28.7588025889968,27.6615388655462
2002,10,28.069476744186,28.2785483870968,27.9950909090909,28.37,28.0104054054054,28.7819452054795,28.412,28.3456013745704,28.3796610169492,28.6267904509284,28.7287224669604,28.8051919191919,28.9845557655955,28.5871684587814
2002,11,29.3350641025641,28.9917777777778,28.973451536643,28.9738645418327,28.5497727272727,29.346656,29.2558890701468,29.106176,29.09504,28.948848,29.1443824027073,29.0939388794567,29.0978275862069,29.2652728912945
2002,12,28.9706355932203,28.9762232779097,28.8708878504673,28.9822912621359,28.5221580547112,29.141312,29.08672,28.9389855072464,29.1066826923077,28.8382084690554,28.9348626817448,28.7763016157989,28.616077170418,28.9799909584087
2003,1,28.5260587002096,28.4328110599078,28.43375,28.423619047619,28.3132095490716,28.984688,28.667424,28.802896,28.815264,28.499584,28.769536,28.562208,28.469808,28.5036196868009
2003,2,28.7461237113402,28.5050917431193,28.6219512195122,28.6795238095238,28.3386046511628,28.816032,28.744128,28.735072,28.76752,28.714752,28.75896,28.759376,28.603632,28.6105743544078
2003,3,29.4316734693878,29.3895964125561,29.4565842696629,29.614358490566,29.7807068062827,29.481264,29.532816,29.62376,29.698768,29.745552,29.674272,29.700608,29.60032,29.3253374777975
2003,4,30.1968987341772,29.7646803652968,29.8642606516291,30.2299635036496,29.8364651162791,30.1733333333333,30.0941961414791,30.334992,30.5299503311258,30.3961987041037,30.546464,30.6509562398703,30.694784,30.0773472099203
2003,5,29.4964801864802,29.0098177083333,29.2090521327014,29.0024670433145,27.7868337730871,29.8480354267311,29.8304628099174,29.6972742759796,29.5345033112583,29.3250769230769,29.9247819063005,29.7125247524752,30.0759712230216,29.7011702595689
2003,6,28.8049079754601,27.6565925925926,27.8359842519685,27.6861347517731,27.4412820512821,28.9049668874172,28.6018965517241,28.6450847457627,29.3485468451243,28.7857804459691,29.7527969348659,29.439568627451,30.0390631808279,28.8237014470678
2003,7,26.114,25.69,26.1852380952381,25.9701754385965,25.9280172413793,26.7218181818182,26.165,26.9561538461538,26.7083673469388,26.4027064220183,27.4011111111111,27.0478606965174,27.3629565217391,26.87125
2003,8,25.7345454545455,25.7531203007519,25.4738596491228,25.8227777777778,25.6483108108108,27.2313846153846,26.8548305084746,26.7218181818182,26.2784328358209,27.3931924882629,27.5963235294118,27.5842318059299,27.6176795580111,26.8045518453427
2003,9,26.88304,26.6847413793103,27.7980876494024,27.8707589285714,26.7457594936709,27.7851332149201,27.8767064439141,28.4273130841121,28.6908571428571,28.2096932515337,28.4531443298969,28.6773801916933,28.5391944444444,27.5455399325084
2003,10,28.3706284153005,28.4764832535885,28.5135416666667,28.3261024498886,27.8474679487179,28.9806825938567,29.0753215434084,29.3419677419355,29.0495130434783,28.5636499068901,29.1270307167235,29.0626151315789,29.0476537216828,29.3620712589074
2003,11,29.2955648535565,29.2752997601918,29.3484397163121,29.2612851405623,28.8847058823529,29.591088,29.436704,29.367216,29.3479487179487,29.1411413969336,29.12928,29.1577471636953,28.8603898305085,29.2978017048004
2003,12,28.4388259958071,28.3747685185185,28.4425733634312,28.392,28.2431481481481,28.753136,28.509264,28.540816,28.580752,28.450384,28.48504,28.44608,28.436432,28.5549504950495
2004,1,28.0098958333333,27.8956787330317,28.007668161435,28.0280998080614,27.9602144772118,28.355472,28.264704,28.294432,28.467168,28.027664,28.402096,28.443936,28.473856,27.9760457809695
2004,2,28.1091493775934,28.2332265446224,28.5473181818182,28.7728816793893,28.7378933333333,28.339952,28.383152,28.555712,28.884832,28.77888,28.822768,28.923856,28.807568,27.9398877917415
2004,3,28.801718426501,28.8448758465011,29.0574492099323,29.2314423076923,29.2146965699208,28.962624,29.019456,29.170736,29.332256,29.3308,29.452672,29.441856,29.307344,28.6743303571429
2004,4,29.6974691358025,29.5172684085511,29.964,29.9402369668246,29.6478904109589,29.907296,30.104656,30.2391528239203,30.0851894563427,29.557471042471,30.457216,30.1234098360656,30.3031980519481,29.6981247235736
2004,5,28.7991666666667,28.6346666666667,28.8174210526316,29.1654320987654,28.6383211678832,28.9645345345345,28.6525316455696,29.0170025839793,29.2308333333333,29.4525454545455,28.7196428571429,29.3234117647059,29.0510101010101,29.3116460176991
2004,6,27.0540924092409,27.1481927710843,26.44,26.7481534772182,26.8339947780679,26.056743697479,27.0709625668449,26.6876149425287,27.2293095238095,27.4770364238411,27.4042720763723,27.7471097046413,27.526593625498,26.9597605746209
2004,7,27.2330769230769,NA,26.3690035587189,26.2305524861878,25.2195982142857,27.5178961038961,27.0757446808511,27.4648837209302,26.7024183006536,26.7432941176471,27.6155782312925,27.5391025641026,26.834,27.4641506410256
2004,8,25.4084375,24.6284654731458,25.6681758241758,25.7144597701149,24.8975129533679,26.6717335766423,26.2133147113594,26.4094260869565,26.7389908256881,26.0057692307692,27.0794491525424,26.8213181818182,27.3187606837607,25.9346838407494
2004,9,25.91824,24.5012711864407,25.197,27.0822950819672,27.0513942307692,27.0011614730878,25.795421686747,26.778125,26.72,27.2968852459016,27.5421220159151,27.0324444444444,27.65608,26.441977159172
2004,10,29.0326401869159,29.0174683544304,28.7606439393939,28.3754922279793,27.4505882352941,28.8122916666667,28.880016,28.8563505154639,28.8325581395349,28.3028596802842,29.1502280130293,28.2017137809187,28.7293231810491,28.7940386343217
2004,11,29.7141063829787,29.7300480769231,29.2793503480278,29.2156555772994,28.5930967741935,29.5552096774194,29.5682975206612,29.3764135702746,29.40888,28.8695551894563,29.1782371794872,28.9559711075441,28.6991129032258,29.5108397291196
2004,12,28.545231092437,28.6286511627907,28.4466513761468,28.5587307692308,28.4761621621622,28.745184,28.718416,28.587472,28.847712,28.834304,28.623632,28.856832,28.626848,28.2351666666667
2005,1,28.3379079497908,28.1381880733945,28.2015862068966,28.3874612403101,28.0929057591623,28.592304,28.518752,28.494976,28.665152,28.602368,28.384304,28.753568,28.420608,28.1777722994173
2005,2,28.5349585062241,28.6515862068966,28.6495701357466,28.7144874274662,28.6217379679144,28.54888,28.736096,28.689168,28.754544,28.799936,28.54744,28.802368,28.497216,28.112636282395
2005,3,28.6767145790554,28.8499319727891,29.0984162895928,29.1582711198428,29.1767914438503,28.780656,28.938528,29.144704,29.203664,29.329104,29.146192,29.403968,29.2276,28.3006408544726
2005,4,30.1090833333333,30.2943127962085,30.2824739583333,30.2571219512195,29.7812609970674,30.273888,30.34464,30.2743207855974,30.4801020408163,30.1909764309764,30.373136,30.3072070626003,30.043968,30.2274243772242
2005,5,30.226546275395,29.232125,29.4482766439909,29.6322160148976,29.2069035532995,30.767536,30.3194117647059,30.0138279569892,29.9874860335196,29.9644590163934,30.2121415607985,30.1584491114701,30.1082068965517,30.3215581499775
2005,6,28.308,28.8683333333333,29.1761445783133,28.0660869565217,27.4766990291262,29.4266666666667,29.4528571428571,29.2783064516129,29.0228787878788,28.415,29.4780952380952,29.2686956521739,29.603064516129,28.0956962025316
2005,7,25.0823404255319,24.5566666666667,25.61,26.0091176470588,25.0979464285714,26.1972916666667,26.2257894736842,25.9571428571429,24.98,25.5922727272727,27.186,26.2193333333333,27.52,26.9330303030303
2005,8,25.9574444444444,25.7713,26.1441887905605,26.26890625,25.3240206185567,26.2436754966887,26.4586919831224,27.2380882352941,27.3054948805461,27.3803548387097,27.621766848816,27.8323887973641,27.8436538461538,25.909859375
2005,9,27.114381270903,26.2661328125,27.0049880095923,27.6091463414634,26.8044736842105,27.2887547169811,27.207816091954,27.6502016129032,27.7164201680672,27.9300988467875,28.0046141215107,27.8715359477124,28.0694003527337,26.8096197464977
2005,10,25.4921875,26.5578125,27.044,28.2354545454545,27.3528205128205,27.5060353535354,27.3197222222222,28.2722641509434,28.7228708133971,28.1989411764706,28.768125,28.8524161073826,28.558122605364,28.5209967845659
2005,11,28.2936111111111,27.8880158730159,27.6824277456647,27.70375,28.043661971831,29.2085842696629,28.1585523385301,28.0905089058524,28.2305454545455,27.8838118811881,28.3240281030445,27.9793083003953,27.9922935779817,28.7902824858757
2005,12,27.8551333333333,27.8812990196078,28.1015019762846,27.7259593023256,28.0682470119522,28.014832,27.799872,27.7494281045752,27.9281512605042,28.0202027027027,27.994375,27.8371567043619,27.793568,27.9369255367748
2006,1,28.2346247464503,28.1440674157303,28.1841123595506,28.0597936210131,28.060365535248,28.281472,28.17904,28.22808,28.138144,28.107264,28.118032,28.153632,28.026416,28.1687774846086
2006,2,28.2452138492872,28.199911308204,28.2719239373602,28.2181308411215,28.3692030848329,28.3152,28.257952,28.242992,28.354432,28.192512,28.430816,28.250352,28.332,27.9943929359823
2006,3,28.6941437632135,28.8984741784038,28.9317330210773,29.2112820512821,28.9729234972678,28.841808,29.075264,29.047024,29.194,28.991584,29.120176,29.0197588424437,28.953808,28.4386256781194
2006,4,28.5276732673267,28.4976165803109,28.658064516129,28.5918778280543,28.4216666666667,28.817684729064,28.7626795096322,28.8925083056478,28.7666494845361,28.8724114671164,29.0212783171521,28.8812520325203,29.21576,28.458915547025
2006,5,28.7363742690059,28.48845,28.3569322709163,28.7363212435233,28.4963636363636,29.1250420168067,29.2432307692308,29.2604838709677,29.2059872611465,29.1777251184834,29.4348815165877,29.3122529644269,29.4921601489758,28.239337944664
2006,6,27.4680487804878,28.8358522727273,28.5056382978723,27.5822972972973,27.4626666666667,28.5560975609756,28.498904109589,28.7737254901961,28.4304838709677,28.3366798418972,28.3351020408163,28.4061111111111,28.6550406504065,28.1885
2006,7,26.4938571428571,25.9175700934579,25.9864965986395,26.003482428115,25.1243786982249,26.8132897603486,26.756380952381,26.7713381555154,26.7780470162749,26.20515,26.9259038461538,27.3829883138564,27.4244363636364,26.5060858895706
2006,8,26.4147474747475,27.0538028169014,26.969,26.470071942446,26.9029527559055,27.52975,27.2388065843621,27.1289312977099,28.0260909090909,27.3629787234043,28.2221602787456,28.0434749034749,28.3684080717489,27.1500457317073
2006,9,26.3960869565217,NA,27.3588235294118,26.945,NA,27.7532374100719,26.4389473684211,26.7909302325581,27.1,NA,26.06,27.21,27.2845945945946,27.3634074074074
2006,10,28.0592134831461,28.0641666666667,27.795,28.08752,28.0944,28.2072881355932,28.033488372093,28.2903757225434,28.255,28.3074143302181,28.0820140105079,28.4404545454545,28.3738305709024,29.1325364963504
2006,11,28.7487196467991,28.5876331360947,28.5434920634921,28.402875,28.425,29.0954115226337,28.6576839237057,28.4072727272727,28.4403571428571,28.2719230769231,28.5481512605042,27.94,28.5322580645161,29.1924826308476
2006,12,28.741592920354,28.8625373134328,28.8095165394402,29.2268218623482,28.8001612903226,28.98552,28.850416,28.723136,28.9522990353698,29.3900845665962,28.768496,28.7834915254237,28.4930658105939,28.5383110290724
2007,1,28.2444351464435,28.1491395348837,27.9872082379863,27.9926990291262,27.6714324324324,28.499264,28.377664,28.17192,28.203792,28.119904,28.33784,28.108736,27.977232,28.0898070017953
2007,2,28.1532510288066,28.038798185941,28.0931306306306,27.9976091081594,27.9231865284974,28.393584,28.278544,28.170592,28.226368,27.892272,28.123136,28.069136,28.045888,28.3427635075288
2007,3,28.4451255230126,28.4286111111111,28.367331838565,28.5629376257545,28.5466490765172,28.475568,28.611776,28.386208,28.5073557692308,28.607088,28.5832,28.60112,28.570704,28.4068192014356
2007,4,29.6598554216867,29.6585677083333,29.8046439628483,29.5046688741722,29.5235135135135,29.6777724358974,29.5822664359862,29.9122283609576,29.6678044596913,29.8120071047957,29.8017328519856,29.9163132137031,29.9869466882068,29.3852460582895
2007,5,30.3687965616046,29.7738559322034,30.4460843373494,30.2340350877193,28.9230831099196,30.4801551724138,30.5689328743546,30.6705383360522,30.328784,30.319872,30.1286993603412,30.0062199312715,29.7842052313883,30.1698059866962
2007,6,NA,NA,NA,25.7509523809524,25.1722857142857,27.05,29.23,NA,27.1523529411765,28.685,27.689512195122,27.7245882352941,27.8928125,28.1
2007,7,24.2886956521739,24.8785185185185,NA,NA,24.9289230769231,NA,25.91,NA,26.81,26.2972413793103,NA,27.1476595744681,28.0840540540541,25.9507692307692
2007,8,26.1737777777778,26.6406299212598,26.935,26.1566666666667,26.219512195122,26.8937333333333,26.7400974025974,27.2318502202643,26.9,27.7227083333333,27.3956115107914,27.3061904761905,27.8552127659574,26.876976744186
2007,9,27.0568595041322,26.6502898550725,25.6333333333333,27.7748888888889,27.04575,27.1229069767442,27.1,27.2939230769231,27.3686666666667,28.1111764705882,27.3836496350365,28.2989361702128,27.5585294117647,27.3778698224852
2007,10,26.7734375,26.8011267605634,26.1514285714286,27.275,25.6083333333333,27.8085858585859,28.043152173913,27.8469696969697,28.0962595419847,28.6239574468085,28.1275,28.5443450479233,28.6357142857143,27.7497565374211
2007,11,28.5281666666667,28.5338888888889,28.429520383693,28.383417721519,28.248676056338,28.686096,28.682784,28.6775801282051,28.7032154340836,28.395408,28.898464,28.753216,28.8387800963082,28.4606427304965
2007,12,28.6504761904762,28.5019711538462,28.5165550239234,28.3999180327869,28.2544192634561,28.7443108974359,28.516656,28.519968,28.594224,28.465168,28.730032,28.597936,28.761088,28.5296753543667
2008,1,28.2976659528908,28.2058194774347,28.28536643026,28.4824063116371,28.2419113573407,28.423184,28.313632,28.423888,28.515888,28.634368,28.52568,28.269648,28.179056,28.3406709265176
2008,2,27.4163789473684,27.8084562211982,27.9054469273743,28.1744350282486,28.1013920454545,27.224128,27.6758974358974,27.8076290322581,28.034,28.2267338709677,28.0772593800979,27.9857731958763,27.912414910859,26.9070798411998
2008,3,28.4072098214286,28.4441038961039,28.3739636363636,28.5175428571429,28.6375297619048,28.2373008130081,28.6470988654781,28.3701856763926,28.2839205955335,28.5826797385621,28.2746507352941,28.4726110124334,28.3906451612903,28.0420627208481
2008,4,28.8978617710583,28.6506632653061,28.6506075949367,28.5737574552684,28.5963806970509,28.9184818481848,28.8803870967742,28.84376,28.8732059800664,28.6425593220339,28.941101836394,28.9073476112026,29.0146917808219,29.1057233560091
2008,5,29.4775,28.4325,29.103422459893,28.7188116591928,27.9055227882038,29.4034412955466,29.3297941176471,29.2254379562044,29.2070202020202,28.9951295336788,29.1527014218009,29.1506104129264,29.2374493243243,29.2060915934755
2008,6,26.85,NA,27.41,27.8382857142857,27.6674404761905,26.784,NA,27.6703846153846,28.655652173913,28.4977272727273,28.4604651162791,28.39,27.6304878048781,26.9333333333333
2008,7,27.114,NA,NA,25.28,26.4695569620253,27.4745410628019,27.3622222222222,27.3275,27.57,26.8147413793103,26.71,27.5705333333333,27.4929596412556,27.025884244373
2008,8,25.6767816091954,25.8046575342466,25.59,25.9847619047619,24.8535555555556,26.5005797101449,26.5121782178218,26.5353125,26.8722857142857,26.2156227758007,27.2734146341463,27.0781415929204,27.7435687732342,26.5069343065693
2008,9,28.0765642458101,27.8079197080292,27.9938461538462,28.2421739130435,27.05353115727,27.832819614711,27.9985833333333,28.2440492957746,28.8376072607261,28.3365845648604,28.630243902439,28.4020640569395,28.4669934640523,27.3848736842105
2008,10,28.83225,28.5428537735849,28.8133956386293,29.2820444444444,28.4950318471338,28.8372212692967,28.714288,28.8426666666667,29.1125562700965,28.8752334943639,29.0392568659128,29.0534349919743,28.966368,29.0744959388438
2008,11,28.9111776859504,28.8251981351981,28.632144772118,28.4083333333333,28.6568,29.107552,28.959568,28.83304,28.7800168067227,28.4351643192488,28.9451155115512,28.6531421446384,28.682630480167,29.2365670976371
2008,12,28.6541935483871,28.3628329297821,28.3828855721393,28.3176260504202,28.0220916905444,29.213808,28.622304,28.57328,28.943328,28.071891025641,28.95328,28.455552,28.836816,29.2415688949523
2009,1,28.0825217391304,28.2068689320388,28.1834624697337,27.987005988024,27.9071428571429,28.287936,28.311072,28.399056,28.07688,27.913216,28.24608,27.958192,28.199632,28.1694060773481
2009,2,28.3102109704641,28.15633640553,28.1307603686636,28.1750383141762,27.7052506596306,28.394864,28.275696,28.161792,28.399616,28.168656,28.350064,28.466416,28.397424,28.2802478593961
2009,3,29.0215094339623,28.8035224586288,28.7522222222222,29.0947318007663,28.6571693121693,29.095552,28.7902407704655,28.86472,29.3508038585209,29.0323756019262,29.03088,28.9002083333333,28.870672,28.9520493273543
2009,4,29.5865952890792,29.328575,29.4087926509186,29.7945248868778,29.8067251461988,29.4784702093398,29.401424,29.2669774919614,29.4765880217786,29.8972293577982,29.2682958199357,29.6593553719008,29.46664,29.5126957831325
2009,5,29.73216152019,29.5465306122449,29.2564835164835,28.9885581395349,28.6568091168091,29.7305400696864,29.8140734557596,29.4724601366743,29.3803980099502,29.5886551724138,29.6105063291139,29.6769063545151,29.8061779242175,29.5131225296443
2009,6,28.22,27.940875,26.6317391304348,26.9094117647059,26.1245327102804,NA,28.3925,27.8910169491525,28.006,27.2455938697318,27.7888888888889,28.0983783783784,28.176,29.8177192982456
2009,7,26.7272932330827,26.9095348837209,26.609387755102,27.0193777777778,24.9166666666667,26.5775155279503,27.0677777777778,27.0435714285714,27.3872025723473,27.4721935483871,27.9246743295019,27.4297115384615,27.8920666666667,26.4932761087268
2009,8,26.6340802675585,25.9647826086957,26.2695918367347,26.3580263157895,26.3504651162791,26.9103861003861,26.8288053097345,27.0673469387755,27.2499435028249,27.0702777777778,27.4938181818182,27.4398013245033,27.6366261398176,26.6226570048309
2009,9,26.7348494983278,26.6433333333333,26.8184593837535,27.0348910411622,25.8149465240642,27.4709633911368,27.2884318766067,27.3826984126984,27.5441279069767,27.5108731808732,27.7188130081301,27.9783005366726,27.9591375291375,27.3466372202591
2009,10,27.8548723404255,27.4439759036145,27.3610133333333,27.4530042016807,26.3527486910995,28.4948874598071,27.9970833333333,28.0927694859038,28.6004227642276,27.986213592233,28.6560737179487,28.9296,28.9610416666667,28.7769421860885
2009,11,28.9877852348993,28.9075490196078,29.2975598086124,29.24028,29.2701497005988,29.6160747663551,29.171275862069,29.316582278481,29.3534050880626,29.3136935166994,29.3614046822742,29.1906689536878,29.3226548672566,29.0752118644068
2009,12,28.8882947368421,28.977546728972,28.8740274599542,28.710668202765,28.3971851851852,29.1692788461538,29.170256,29.08,29.0620713073005,28.6323571428571,29.323312,29.2972968490879,29.470448,28.9442645074224
2010,1,28.7300642398287,28.3713636363636,28.4088701923077,28.5688316831683,28.1563711911357,29.145744,28.801472,28.556704,29.042592,28.599968,28.946224,28.877456,28.75816,28.8836202185792
2010,2,28.9501061571125,28.7763356973995,28.8827482678984,28.8936614173228,29.1518285714286,29.011968,28.954544,28.889344,28.848608,28.971232,29.000272,28.871024,28.759616,28.729552715655
2010,3,29.4010208333333,29.5426279069767,29.528196347032,29.9507129094412,29.8793667546174,29.149536,29.3743820224719,29.666736,29.5584269662921,29.92376,29.780912,29.661328,29.773328,29.0735502692998
2010,4,29.8885611510791,30.0312970711297,30.0222222222222,30.1339130434783,30.1251111111111,30.004375,30.0636033057851,30.292012012012,30.1524025974026,30.1138709677419,30.1720072992701,29.9896875,30.1969704433498,29.8304395106479
2010,5,29.838829787234,30.330641025641,30.4156989247312,30.5912429378531,30.1028925619835,30.1587894736842,30.1726178010471,30.5738505747126,30.92984,30.5933668341709,30.7827231121281,30.6968894601542,30.6746381578947,30.3159855892949
2010,6,29.6115384615385,29.5865853658537,29.4646341463415,29.052320441989,27.5648538011696,29,29.6892857142857,29.5545714285714,29.3326984126984,29.0654871794872,29.5237931034483,28.9871693121693,29.5640293040293,30.3474599542334
2010,7,26.9861538461538,NA,24.4566666666667,24.2878640776699,23.6134090909091,NA,NA,NA,NA,24.581875,NA,NA,NA,27.832
2010,8,24.98125,25.78,26.0414563106796,26.6087301587302,25.8591443850267,25.3278260869565,25.0996875,25.5406666666667,27.025,27.1027467811159,27.2466666666667,27.4998979591837,NA,26.7178091872792
2010,9,26.6253703703704,26.51,25.7375,24.09,25.3190476190476,27.2481880733945,27.0672131147541,26.49,27.8728571428571,27.0733333333333,28.0138862559242,28.1894974874372,28.28,27.4412109375
2010,10,28.74492,28.5841666666667,27.522,27.6614077669903,27.1941390728477,28.6894718309859,28.3426315789474,28.5858518518519,28.5948837209302,27.9749285714286,28.5553067484663,28.5753421052632,28.3100782778865,28.9248036093418
2010,11,29.1564935064935,29.9204379562044,27.9241666666667,NA,27.662380952381,28.8695555555556,28.7477,27.882,NA,28.4336363636364,NA,28.828,NA,29.3352991452991
2010,12,28.6007368421053,28.452427184466,28.5856479217604,28.3613065326633,28.2705976095618,28.3714789915966,28.3428500823723,28.3922827938671,28.4475587703436,28.4623295454545,28.1608414239482,28.4389549839228,28.25125,28.39451901566
2011,1,27.9275751072961,28.0013539192399,28.1409832134293,28.1512673267327,28.1060714285714,27.848208,27.86224,27.936768,28.051776,28.229584,27.911552,27.972512,27.784176,27.5234402198809
2011,2,27.9922362869198,28.1626157407407,28.2245205479452,28.3044941176471,27.9586666666667,28.124896,28.224304,28.36816,28.605,28.5901930501931,28.493408,28.9322435897436,28.633984,27.9157972309067
2011,3,28.4901440329218,28.4583295711061,28.6021029082774,28.8807969639469,28.875684754522,28.516912,28.62288,28.75968,28.996064,28.949504,29.1888,28.876576,28.977488,28.4083992885727
2011,4,29.0417286652079,28.7246403712297,28.5414953271028,28.6092259414226,28.7014159292035,29.0877903225806,29.04886035313,28.9204333868379,28.8580417335474,28.6630227743271,29.3232,29.0953205128205,29.388688,28.8928329519451
2011,5,29.0922553191489,29.0727705627706,29.3753973509934,29.0544117647059,28.5848655913979,29.2256113537118,29.6059827213823,29.4971681415929,29.3129757785467,29.3772430668842,29.4706472491909,29.302064516129,29.6544918032787,28.8533992712129
2011,6,27.1187755102041,26.3293939393939,27.0848314606742,27.4949230769231,25.8867171717172,27.3530555555556,27.469696969697,28.0958284023669,28.1336774193548,27.458693877551,28.3144054580897,28.3419,28.3889827255278,28.0847899159664
2011,7,NA,NA,NA,25.604,23.8471428571429,NA,NA,NA,NA,NA,26.0921568627451,25.19,26.46,26.4623404255319
2011,8,25.5209090909091,NA,NA,24.755,24.6057142857143,25.6765853658537,NA,26.1521428571429,27.1589423076923,25.8170212765957,27.3802564102564,26.8240476190476,26.9141489361702,26.1946226415094
2011,9,26.2487362637363,25.8890336134454,27.5345177664975,27.8822641509434,27.2744776119403,28.2568096514745,27.6033898305085,28.1683819628647,28.366183074266,28.0699824868652,28.467504,28.1859430604982,27.7971288743883,28.5015080275229
2011,10,27.6311655011655,27.1123555555556,27.89,28.3256680161943,28.1720833333333,29.2580360065466,29.1359068627451,29.1631661442006,29.0213879003559,28.9240425531915,29.1534079173838,29.1843706293706,29.240064,28.4058523908524
2011,11,29.2618069815195,29.2178876404494,29.0826410835214,29.2597509578544,29.2071045576408,29.362048,29.2654032258065,29.2084775641026,29.467488,29.2745774647887,29.50608,29.5220993589744,29.479936,29.3680372175454
2011,12,28.7071757322176,28.5473549883991,28.5687764705882,28.5430408163265,28.3121574344023,28.943248,28.679472,28.659024,28.753312,28.5837305699482,29.033232,28.794896,28.8432371794872,28.8029056772463
2012,1,28.0280303030303,27.8281294964029,27.8991325301205,28.009623015873,28.0677534246575,28.020992,27.992304,28.00432,28.0276,28.080992,28.022608,28.141872,28.1977652733119,27.6617557603687
2012,2,28.1763090128755,28.2183177570093,28.3930787037037,28.5556425702811,28.3741279069767,28.03664,27.992496,28.142912,28.1440885860307,28.3322857142857,28.27744,28.0766482504604,28.102304,27.9833666969973
2012,3,28.1886929460581,28.1977168949772,28.2368264840183,28.52825,28.6407291666667,28.10224,28.0148557692308,28.237136,28.4071634615385,28.6900160513644,28.62792,28.654048,28.759456,27.8589298561151
2012,4,28.9529464285714,28.9277353689567,28.886265060241,29.1363168316832,29.4150810810811,28.9536918138042,28.9536885245902,28.9637891268534,29.1399498327759,29.245779661017,29.3565478119935,29.5102446982055,29.576752,29.0065011389522
2012,5,28.4753571428571,28.1285763888889,28.124,28.6612465373961,28.2680065359477,28.6299097065463,28.6348709122203,28.8350487329435,29.1234742647059,29.2045,29.039116202946,29.464854368932,29.1047116968699,28.4208583690987
2012,6,28.3275925925926,27.4344311377246,27.398009478673,27.1975299760192,27.0685238095238,28.8688043478261,28.1955789473684,28.8390909090909,28.6971759259259,27.4423839009288,29.4611111111111,28.3114983713355,28.367027027027,28.4062508614748
2012,7,27.0525165562914,26.1486842105263,26.64125,25.8586666666667,26.182422907489,27.7041632653061,26.6556338028169,27.0233962264151,27.4593073593074,27.1178431372549,27.9288546255507,28.2195666666667,28.4522200772201,27.2397319034853
2012,8,27.3058823529412,25.74,27.2759090909091,25.9471812080537,25.8843216080402,27.16,28.1426373626374,27.3953846153846,27.9394117647059,27.3161403508772,27.9584722222222,28.207012987013,28.3928215767635,26.7884267631103
2012,9,27.1043209876543,27.7088596491228,26.9827102803738,26.852731092437,27.5240465116279,28.0823400365631,27.8931724137931,27.6060454545455,27.3696348314607,27.6445,27.4748930481283,27.8576938369781,27.9205841924399,28.3174314381271
2012,10,28.66,28.7335964912281,28.85,28.8223777777778,28.482944606414,28.7,28.6094605809129,29.124128440367,28.9720355731225,29.0103571428571,28.5725762711864,28.6286553030303,28.5090891472868,29.2475
2012,11,28.9508595387841,29.117966507177,29.2762291169451,29.5652043010753,29.2984210526316,29.129392,29.143696,29.3513322632424,29.7566344605475,29.4780577849117,29.357824,29.602656,29.425936,28.9218392857143
2012,12,29.3288284518828,29.1111860465116,28.956,29.3566225165563,28.8214946619217,29.51728,29.588704,29.17728,30.0228428093645,29.1625910931174,29.5648091603053,29.4935648148148,29.1694594594595,28.9925358422939
