Year,Month,SST.1,SST.2,SST.3,SST.4,SST.5,SST.6,SST.7,SST.8,SST.9,SST.10,SST.11,SST.12,SST.13,SST.14
1981,1,NA,NA,NA,NA,NA,NA,NA,NA,NA,NA,NA,NA,NA,NA
1981,2,NA,NA,NA,NA,NA,NA,NA,NA,NA,NA,NA,NA,NA,NA
1981,3,NA,NA,NA,NA,NA,NA,NA,NA,NA,NA,NA,NA,NA,NA
1981,4,NA,NA,NA,NA,NA,NA,NA,NA,NA,NA,NA,NA,NA,NA
1981,5,NA,NA,NA,NA,NA,NA,NA,NA,NA,NA,NA,NA,NA,NA
1981,6,NA,NA,NA,NA,NA,NA,NA,NA,NA,NA,NA,NA,NA,NA
1981,7,NA,NA,NA,NA,NA,NA,NA,NA,NA,NA,NA,NA,NA,NA
1981,8,NA,NA,NA,NA,NA,NA,NA,NA,NA,NA,NA,NA,NA,NA
1981,9,NA,NA,NA,NA,NA,NA,NA,NA,NA,NA,NA,NA,NA,NA
1981,10,NA,NA,NA,NA,NA,NA,NA,NA,NA,NA,NA,NA,NA,NA
1981,11,28.76152439,28.84910714,28.86683371,28.8458209,28.16697297,28.649936,28.653056,28.726128,28.720816,28.50389718,28.682176,28.524288,28.51264,28.5930622
1981,12,28.35543788,28.50142857,28.62101124,28.7017636,28.71869565,28.107216,28.21656,28.104064,28.287168,28.664992,28.143728,28.542976,28.335968,27.9237619
1982,1,28.06880808,28.08277533,28.07950562,28.20537143,27.4368593,27.839568,27.925088,27.797472,28.113488,27.795152,27.983536,28.001456,27.879312,27.88364055
1982,2,28.10467742,28.26221007,28.37004484,28.38336502,28.17908861,28.004784,28.032592,28.076064,28.206496,28.767584,28.149328,28.5256,27.974304,27.93672811
1982,3,28.45908903,28.55799539,28.74208238,29.00402321,28.96710106,28.490688,28.674496,28.750448,28.840208,29.051056,28.851184,28.889296,28.895104,27.9917734
1982,4,29.07469602,29.36583138,29.55449541,29.75860735,29.88523288,29.14536,29.251952,29.760448,30.096304,30.106144,30.01264,30.171264,30.096704,28.51577114
1982,5,29.79058333,29.52262295,29.5084186,29.61037698,29.30521505,29.690272,30.251856,29.75026016,29.63581395,29.90078526,29.90862676,30.01205298,30.71959807,28.6441791
1982,6,26.08581197,26.52223529,26.81095455,25.21923913,25.28950382,26.36586667,26.62472222,27.37786325,26.93077586,26.05422819,27.42300395,27.11904762,27.8067619,25.86246914
1982,7,27.97111111,28.50857143,28.214,25.8759322,25.17276353,28.09808511,28.48325581,28.64,28.10188841,26.19320683,28.68266055,27.88464957,28.38628866,27.8116
1982,8,25.90589431,26.42337209,26.53869048,26.51922619,26.15525926,26.43324324,26.63164524,26.88412664,27.26453382,26.97541741,27.21355658,27.13456053,27.47799632,25.70083333
1982,9,27.01495495,26.41319693,26.99673123,27.23891068,26.3308311,27.16075397,27.18224638,27.56428839,27.71663327,27.85023891,27.8785399,27.89986733,27.85161179,27.57606936
1982,10,29.26951271,29.56802817,29.29316038,29.04723735,28.0894186,29.258464,29.38849359,29.3428,29.354112,29.003056,29.460784,29.224688,29.27264,29.32360406
1982,11,29.55259875,29.63137209,29.81712984,29.8326499,29.50883657,29.372832,29.550448,29.544592,29.57149038,29.85936,29.240752,29.23167742,29.21633013,28.92647059
1982,12,29.0782268,29.13238532,28.82133484,28.97556405,28.50180108,29.098512,29.038976,28.7512,28.827088,28.760624,28.724592,28.7084,28.509344,28.33666667
1983,1,27.83641975,27.87353604,27.38596847,27.80386973,27.97170103,27.947392,27.830032,27.619424,27.6468,27.990576,27.559008,27.632064,27.367776,27.09941748
1983,2,27.88627083,27.89918794,27.98240909,28.1432567,28.17848,27.718464,27.756528,27.915264,27.845104,28.145936,27.742208,28.023664,27.851984,26.93788945
1983,3,28.00478439,28.15608696,28.35965753,28.57877159,28.67021053,27.959664,28.07536,28.289584,28.385584,28.640544,28.302848,28.52664,28.518016,27.44107843
1983,4,29.10367769,29.39568807,29.52622727,29.85684008,29.55624021,28.983568,29.341248,29.516288,29.591024,29.691744,29.408448,29.584688,29.469136,28.2497549
1983,5,29.61593429,29.68618182,29.8076092,29.91337374,29.70758974,29.247248,29.54241987,30.047536,30.14807504,30.0505042,30.22266026,29.91166124,29.46358065,29.22763285
1983,6,28.93577396,28.41038363,27.79751208,27.95229376,27.91341667,29.1887069,29.05322993,28.35074856,28.57395349,28.6873021,29.04627255,29.12598023,29.18752827,28.88790576
1983,7,28.69371069,29.22666667,29.31011331,29.08923767,28.49025352,28.56462209,28.91486755,29.06371698,29.04268908,28.96205782,29.3800487,29.13251232,29.29118971,28.51681818
1983,8,26.1,25.58766871,25.62237762,26.00059649,26.27456349,26.81333333,26.4168,26.40857143,27.03558442,27.02369281,27.08462963,27.00212366,27.31605263,24.58217391
1983,9,27.72121495,27.78630769,27.98315315,28.18257862,27.03636364,28.24503311,28.14448,28.30390476,28.40238095,28.54103704,28.44604575,28.63732057,28.44854118,26.59
1983,10,28.16118534,27.99594848,28.81974537,28.70105675,27.4265,29.21104,28.98701923,29.36618971,29.155616,28.946832,29.16546474,29.10398714,29.01032,27.02010471
1983,11,28.93661826,28.98315909,29.19638202,29.57131725,28.84395161,28.892048,28.997872,29.207648,29.134368,29.188176,29.081136,28.872384,29.082128,28.01960784
1983,12,28.93548117,28.95185355,28.85066059,28.98405204,28.80420912,28.837424,28.796928,28.5668,28.6796,28.838032,28.67712,28.74288,28.749168,28.22153846
1984,1,28.33072016,28.45383747,28.68038636,29.00832075,28.85049351,28.13224,28.164768,28.162576,28.423808,28.684128,28.006496,28.44512077,28.19456169,27.88140097
1984,2,29.17045455,29.37172018,29.56938636,29.85942418,29.81224044,28.959872,29.425872,29.26472756,29.51777244,29.45629213,29.105936,29.23368509,28.90692308,28.7604878
1984,3,29.58713402,29.57263982,29.39221477,29.49707948,29.10408163,29.42192,29.466672,29.430384,29.448992,29.512928,29.573552,29.353056,29.242928,29.20699029
1984,4,30.14719917,30.18858537,30.2737467,30.23229474,29.6,30.31447833,30.33625899,30.19420495,29.9002267,29.46221429,29.7729783,29.11053061,29.54671698,30.3796347
1984,5,29.55018947,29.03302381,28.98085847,28.57533708,28.12651832,29.81260032,29.94970921,29.37144462,29.21953301,28.905408,29.29153226,29.22591346,29.15579288,29.62734807
1984,6,26.34741935,26.02441176,26.91454545,25.81511278,25.997,26.43584906,27.0968254,27.28469388,26.21363636,26.43015317,27.10363636,26.62187075,27.55375,25.52510638
1984,7,26.05744898,26.52945205,26.3067,25.21854545,24.71267327,26.00864706,26.73098039,26.54288889,26.34864078,25.97532033,26.76269444,26.77217978,26.92444924,26.2585
1984,8,25.52171171,25.55503521,24.36238596,24.22776081,24.81226866,25.90523046,25.49300242,25.29834971,25.44017857,26.16798805,26.67579661,26.38494692,26.97735238,25.25175
1984,9,26.93923581,26.59429245,26.70052511,26.57890805,24.83721591,27.86033816,27.67266026,27.89191318,27.47254808,27.0855935,28.01809984,27.92598706,28.12964744,26.58604167
1984,10,27.48387368,27.41755656,27.50691781,27.09489642,26.03905405,27.655776,27.669264,27.618976,27.835648,27.202496,27.664672,27.699408,27.858544,28.41619512
1984,11,29.20554865,29.09469388,29.40535874,29.58857671,28.52131805,29.272752,29.277696,29.696928,29.68416,29.34049679,29.215504,29.19126246,28.864432,28.57364078
1984,12,28.98785288,28.98725877,28.87283224,29.15951872,28.93396465,29.26752,29.039824,28.909184,29.074576,29.285216,29.381648,29.25808,29.397648,28.48077982
1985,1,29.0132618,28.89818616,28.53369928,28.84943026,28.33172316,28.66496,28.657888,28.393568,28.809248,28.48296,28.458928,28.395648,28.403344,28.71968586
1985,2,28.44051836,28.5426988,28.66619617,28.94403614,28.42776471,28.249072,28.335776,28.464944,28.73331715,28.62464646,28.092784,28.45325696,28.06737179,28.5071978
1985,3,29.27693966,29.65214623,29.59391509,29.52634051,29.39559557,29.493344,29.566368,29.706176,29.46552,29.432384,29.791136,29.30424,29.670736,29.70989189
1985,4,29.67760684,29.51872941,29.63645012,29.57115768,29.31225543,29.39814103,29.610624,29.56086677,29.50959481,29.75213141,29.55044944,29.64336,29.61382022,29.69235897
1985,5,29.5902746,28.97883117,29.53660422,29.6623,28.81232493,29.31722807,29.50076661,29.71941368,29.66634029,29.965136,29.69650485,29.67769355,29.53579564,29.34612022
1985,6,27.65373239,27.44607784,27.11718935,26.40260606,25.00755172,28.15535156,28.2906734,27.88648725,27.6852957,26.5064752,28.1116443,27.5702349,27.89913386,28.70763158
1985,7,25.70926829,25.09094828,25.47088123,25.1959719,24.42271777,26.0775,25.97338235,25.6443459,26.26892453,25.62482633,26.71071174,26.65684631,26.96474227,25.48137931
1985,8,25.40302932,24.89716981,25.36939929,25.26871345,25.17925424,26.47277628,26.49313808,26.3866967,26.79526749,26.24289744,27.31419118,27.49800885,27.79869081,25.60525862
1985,9,27.52619565,27.31041463,27.42324943,26.93575697,26.06361257,28.03586797,28.14,27.82202509,27.83066553,27.08713584,27.71733333,27.51508865,27.83386861,28.02756303
1985,10,28.62515152,28.63146635,29.09859189,29.21053079,27.59520468,28.500288,28.681904,28.89264,29.24957192,28.99111111,28.874304,28.57784698,28.56858347,28.6601087
1985,11,28.85725322,28.77399527,28.47850711,28.46324952,28.34756233,28.769296,28.550624,28.295232,28.287104,28.493344,28.504624,28.529632,28.542688,28.81137363
1985,12,28.58210744,28.44997732,28.39047619,28.61220339,28.47881266,28.592064,28.5624,28.322368,28.448832,28.536192,28.204944,28.461296,28.252736,28.45743961
1986,1,28.55844444,28.59122222,28.58331096,28.68235514,28.57959079,28.5004,28.560992,28.359376,28.471088,28.493616,28.454416,28.469392,28.49496,28.13267281
1986,2,28.14430612,28.29817778,28.57830317,28.76282243,28.55503856,28.147296,28.130592,28.32152,28.250096,28.68008,27.826416,27.994688,27.818912,27.7041784
1986,3,29.47296375,29.46150943,29.67654846,29.89428008,28.96542373,29.182864,29.478896,29.304784,29.432976,28.766192,29.17056,29.03948553,28.91813205,29.29267016
1986,4,29.83070664,29.84922897,29.81056471,30.03302144,29.4638843,29.674656,29.981632,29.715744,29.762288,29.9200974,29.867952,29.857632,29.796432,29.78898936
1986,5,29.57508621,29.44333333,29.11002283,28.84880859,27.99986737,29.563216,29.55377814,29.63484401,29.5330832,29.49820513,29.69804674,29.58560976,29.453125,29.12625
1986,6,28.37217391,27.22383562,27.06695341,27.24454545,26.95166113,28.10068966,28.29363636,27.07527897,27.14737864,27.44220039,27.38378109,27.52825436,27.82746725,28.50513514
1986,7,25.8902,25.36,25.16326923,25.09151639,25.14209302,26.45873346,26.35414634,25.79697531,26.31071006,25.9868609,26.92075055,26.63561818,27.25599641,28.12906977
1986,8,24.96936957,24.54048077,24.93823113,25.15167897,24.65983696,26.02572358,25.74013072,25.71238782,25.98568144,26.05763371,26.79817434,26.46379898,27.02414894,25.47011429
1986,9,26.75126437,26.16099738,26.24759076,27.18216216,25.62512397,27.1671381,27.06067029,27.27191398,27.55955375,27.22831492,27.32151242,27.4799241,27.5268,28.6551462
1986,10,28.40237996,27.96521028,28.40182464,27.93577904,26.84214286,29.152032,28.695584,28.7909182,28.39734341,27.99195724,28.51255627,28.40856436,28.54716612,27.93674877
1986,11,28.39136461,28.40981651,28.37223982,28.6162594,28.19463158,28.30032,28.46608,28.351136,28.682832,28.581344,28.27272,28.556176,28.4188,28.65655
1986,12,28.3993177,28.64252336,28.31028436,28.53570039,28.49091922,28.234752,28.44472,28.287776,28.409984,28.487456,28.125552,28.395264,28.22528,28.23366492
1987,1,28.36501984,28.46335498,28.36106987,28.79354478,28.61726582,28.375456,28.570592,28.288192,28.378144,28.551616,28.334144,28.573072,28.563552,27.90864253
1987,2,28.69789579,28.66041667,28.66305011,28.93764815,28.76560914,28.8108,28.743584,28.668352,28.835824,28.934976,28.62712,28.905296,28.778,28.15726457
1987,3,28.98845824,29.17070258,29.30617021,29.5713215,29.18526027,29.03672,29.282592,29.248752,29.292912,29.410992,29.151328,29.249088,28.974192,28.77010582
1987,4,30.07307054,29.95731651,30.2844686,30.40840954,29.63390805,30.0928,30.28384,30.594224,30.56199037,30.48070968,30.57968,30.36583333,30.419296,29.92182292
1987,5,30.42630081,30.25186937,30.70775701,30.75936884,29.83186047,30.65536,30.547312,30.788144,30.710256,30.249136,30.536176,30.506112,30.725904,30.30872146
1987,6,29.46333333,27.1665,28.82113636,NA,26.26342857,28.86321608,28.165,28.63592593,28.60714286,27.48820408,29.07607477,28.22080357,28.25830357,30.87382353
1987,7,27.26539474,27.41771208,27.20452514,27.40952096,26.38396694,27.7127787,27.50521815,27.84129496,28.29837248,27.54802589,28.19208,28.06202922,28.20620968,27.65485437
1987,8,25.90881773,26.17961749,26.66595174,26.8101139,26.51393082,26.36239796,26.90857664,27.66248677,28.29777778,27.92856364,27.88304688,28.43157996,28.42249292,26.41558824
1987,9,27.44704057,26.26464435,26.53316109,27.1725,26.89280992,28.01720884,27.99210019,28.07103327,28.14462151,28.2129666,28.24709571,28.25981575,28.44508828,27.31913793
1987,10,29.6593133,29.66536458,29.56838095,29.18933921,28.78928571,29.92803279,29.38909735,29.45353873,29.47244576,28.93180995,29.63159322,29.60391061,29.44660617,30.12943878
1987,11,29.99305439,29.90261745,29.99259424,30.13603738,29.39978142,29.967392,29.818432,29.752976,29.842992,29.388256,29.545728,29.493392,29.47256,30.01464286
1987,12,29.44817623,29.60045249,29.59618421,29.64928702,29.04102828,29.249824,29.509248,29.66888,29.690496,29.562192,29.548688,29.663152,29.532016,28.82527363
1988,1,28.80432432,28.71781818,28.56291572,28.85418386,28.77773333,28.860864,28.74672,28.805344,28.963024,28.937888,28.768432,28.827936,28.648128,28.23232673
1988,2,28.94515091,28.82578603,28.86075594,29.20390424,28.5415736,29.047984,29.057344,29.032112,28.937904,29.1508,28.894128,28.983856,28.82536,28.81221719
1988,3,29.83238901,30.07302108,30.39002381,30.39224172,30.12915531,29.657984,29.875408,30.026608,30.193024,30.376928,30.141024,29.8852,30.039008,28.92363158
1988,4,29.97392562,30.03030233,30.15655093,30.31334594,30.00902507,29.79112,29.989824,29.940912,30.190736,30.337232,30.27592,30.423888,30.25456,29.73484694
1988,5,28.59772321,28.68736077,28.73375904,28.7605036,28.80154412,29.27468189,28.74153707,28.57927852,28.63164966,29.08411765,28.81043771,28.70043561,28.97006757,28.16556701
1988,6,27.35375,27.44046729,28.22856164,28.32464,27.43258675,27.86542636,27.85323988,27.90318681,28.15655914,28.13547529,28.35115523,28.43379004,28.57958678,27.13666667
1988,7,27.33004608,27.75906433,27.84455764,28.05458239,27.01098462,26.87448276,27.45345679,27.74875831,27.55365672,27.62259136,27.05855191,27.36141473,27.42872302,NA
1988,8,25.04884615,25.098,25.10558824,24.96506849,26.42233696,25.86959391,25.48461538,25.27341463,25.87217742,26.63618861,26.89253165,27.26796334,27.29960396,26.85347826
1988,9,26.68679083,26.8019346,27.48378738,27.89016627,27.48093023,27.66090465,26.98355556,27.31610487,27.44387967,27.87385609,27.55879668,27.39825279,27.73996337,27.15754601
1988,10,28.03773279,27.42861915,28.03905782,28.41558511,27.77228643,28.965328,28.68272,28.627296,28.535024,28.654016,28.4208,28.67056,28.650416,27.44242991
1988,11,29.34831643,29.31496659,28.88318501,28.80084314,29.07463687,29.280016,29.253424,29.046112,29.070496,28.93204355,29.250624,28.975648,29.14072115,28.31337778
1988,12,28.64353659,28.68229581,28.68785235,29.05831758,29.08633333,28.715696,28.615856,28.547408,28.886784,28.9112,28.860864,28.798016,28.801936,28.04995283
1989,1,28.01701646,28.1544213,27.96771562,28.27164063,27.96772251,27.867408,28.027728,27.858336,27.88428571,28.06102564,27.620624,28.30133226,27.660128,27.91291262
1989,2,28.05824131,28.11946188,28.22067568,28.22681992,28.129,28.09448,28.149168,28.208064,28.01248,28.254448,28.24584,28.16424,28.03984,27.93154206
1989,3,29.35670757,29.42195067,29.55074492,29.57651341,29.23564103,29.072,29.278368,29.276912,29.28288,29.42628205,29.031696,29.326576,29.150464,29.30428571
1989,4,29.94719262,30.07632184,30.25736842,30.31423598,30.09028947,29.70872,29.69607717,29.97182848,29.935904,30.21982287,30.104784,29.85951613,29.69629808,29.93721154
1989,5,30.77980769,30.43224784,30.4608933,30.08827664,29.30838596,30.02885666,30.09776991,30.30576389,29.60221757,28.76689655,29.36456897,29.22783985,29.20298246,29.42731579
1989,6,27.88493976,27.82577586,26.85079545,26.56487179,26.04774194,27.24778571,27.37589595,26.89264151,27.49463415,27.37204893,27.60424242,27.77565625,28.15422018,29.62806202
1989,7,25.84337705,26.66054545,26.32050505,25.19747178,24.5231405,25.93032374,24.93381579,26.83830097,25.98848806,25.56113139,27.06050209,26.9525,26.57618557,27.6337931
1989,8,25.54757576,25.32286624,25.35595833,25.72883663,24.49543554,26.4693299,26.28729021,26.39381068,26.61098039,26.16317895,27.21448911,26.88205433,27.26387821,25.91830357
1989,9,26.0710453,25.699,26.37879195,26.85212644,26.63226463,27.23412533,26.67484536,27.18360544,27.49727428,27.18890909,27.57539419,27.57445328,27.9614188,26.72311594
1989,10,28.51442589,28.11276498,28.36414458,27.99842402,27.07007813,28.38351525,28.52358766,28.0052562,27.85971808,27.76434992,28.01749596,27.97420546,28.186496,28.98376744
1989,11,29.31235052,29.34422374,29.02225,29.01749526,28.65267905,29.156112,29.184768,28.805792,28.603472,28.611872,28.727312,28.462688,28.696896,29.09455882
1989,12,28.75831276,28.72170115,28.65938776,28.74743786,28.60981183,28.92776,28.63504,28.504032,28.489632,28.647088,28.497024,28.565696,28.601136,28.41723301
1990,1,28.75376033,28.53033784,28.29192744,28.66653333,28.53705729,28.86544,28.673904,28.549232,28.531344,28.721376,28.325776,28.409312,28.296992,28.22944444
1990,2,29.08042945,28.87365688,28.71447964,28.6992803,28.62148148,29.089408,28.929456,28.693856,28.655024,28.657264,28.430672,28.621264,28.37192,28.84358852
1990,3,29.15350305,29.1856541,29.51024775,29.63630476,29.3865974,28.764112,29.071648,29.29488,29.38488,29.441248,29.282896,29.321872,29.431904,28.79046512
1990,4,29.06008282,28.94659722,28.84528302,29.39833656,28.64932976,28.922368,28.99192926,28.803984,28.981824,28.8861859,28.91773312,28.839888,29.05270096,28.82034826
1990,5,30.0515,30.02542424,30.22689944,30.05806383,29.64239011,29.941488,30.30459272,29.99259615,29.74596774,29.9833002,30.25154286,30.54690846,30.47800971,29.75442786
1990,6,27.41358974,26.90375,26.77569554,26.51530693,26.26268293,27.488,27.59734234,27.28856877,27.13950249,26.89484751,27.55367797,27.68996656,28.02217235,27.66260274
1990,7,25.69393382,25.20385159,25.27736842,25.59945,26.03193182,26.10063981,25.8588764,26.14467742,26.1867313,26.53377622,26.24705882,26.56239726,26.44216797,25.41505682
1990,8,25.54191419,25.85744966,25.3905283,25.24116631,25.01208955,26.19975221,26.05628118,26.25868534,26.15040336,25.97558394,26.74651865,26.571664,26.96264274,25.56090909
1990,9,27.29617371,26.98463134,26.52591133,26.96129754,26.47702413,28.02398614,27.495024,27.48137546,27.52122249,27.58963768,28.14127883,27.61648961,27.85498062,27.32317073
1990,10,28.45791398,28.4354902,29.08068027,28.78192308,27.70381081,29.24865794,28.91566004,29.40671119,29.53827303,29.10546139,28.70803357,28.48366492,28.60795374,28.81146919
1990,11,29.48281314,29.4171875,29.2632,29.33007491,28.83645078,29.240224,29.222416,29.002608,29.032576,28.99128,29.234224,28.900704,29.199472,29.48881517
1990,12,29.17547862,28.99335586,28.96337079,29.21429379,28.97967828,29.228432,28.882176,28.925424,29.102768,29.001584,28.96632,29.037248,29.00496,28.79514151
1991,1,28.47276768,28.50289823,28.51711712,28.66741155,28.53288608,28.051424,28.36976,28.21808,28.526848,28.345024,28.542976,28.496464,28.448448,28.16356481
1991,2,28.93903689,28.91336323,28.79358277,28.76938318,28.43108247,28.777488,28.868992,28.65848,28.552624,28.45336,28.64664,28.657968,28.582176,28.59478673
1991,3,29.27869654,29.2866,29.09286996,29.33041588,29.70043814,28.919344,29.164688,29.178432,29.037136,29.414656,29.20584,29.21648,29.171216,29.10995215
1991,4,30.04240741,29.94808656,29.9608945,30.43617308,30.15375328,29.979072,29.87864,29.70573034,29.987552,30.15564309,30.03448718,30.09370192,29.956352,30.01705882
1991,5,29.81512195,29.91209845,29.89085044,30.06190099,29.69287634,30.0731672,29.8964214,29.57871404,29.88273171,30.02690705,29.895296,29.96056818,29.94584936,29.7740099
1991,6,27.20836634,27.40713043,27.65532468,26.8797619,26.54,27.52225064,27.65983871,27.88329787,28.25688172,27.41812903,27.23048851,27.36454327,27.26,28.96
1991,7,25.16734266,27.32047619,26.39809524,25.74979381,25.78617021,25.43277778,27.68776316,27.43146718,26.90178295,26.29221053,27.25191011,27.41911765,27.2688724,25.4325
1991,8,25.72687366,25.88243655,25.88055556,26.06331002,25.69621469,26.1543686,26.25630115,26.21520354,26.37981605,26.33346793,26.60223729,26.22881988,26.42098624,24.76761905
1991,9,26.44077295,26.45608491,26.46829545,26.65285714,26.11055851,26.62802326,26.60423762,26.77985246,27.19901695,27.26593443,27.36605565,27.53909836,27.55834405,25.8060241
1991,10,28.27137767,28.20505587,27.89450331,27.59066667,27.58181102,28.35212803,28.168,27.90955912,27.85377176,27.87544922,27.71443886,28.05596078,28.14252372,28.36460733
1991,11,29.20456967,29.12616408,29.02013363,29.14496212,28.38411609,28.769856,28.825792,28.60224,28.854736,28.706688,28.58672,28.452592,28.456576,29.1705314
1991,12,28.10018595,27.8475,27.53628959,27.63664179,27.57218085,27.995536,27.936,27.844304,28.016208,27.73648,28.015792,27.501136,27.552112,27.67227053
1992,1,27.13617886,27.26077778,27.12412556,27.37363636,27.15838046,27.260288,27.29128,27.16192,27.44776,27.309488,27.398192,27.556192,27.472336,26.91617925
1992,2,27.34501018,27.35672606,27.38191011,27.31710476,27.26539846,27.186208,27.172192,27.2032,27.21642628,27.347936,27.211424,27.003648,27.096848,27.0692381
1992,3,28.14777778,28.31196347,28.42659091,28.57037879,28.46354497,27.880704,28.322608,28.525456,28.453712,28.629872,28.3536,28.401744,28.282944,28.03966507
1992,4,29.29483607,29.67752809,29.79761905,29.87979087,29.63952756,29.004992,29.612048,29.656608,29.561664,29.655088,29.509376,29.515088,29.775136,29.20347418
1992,5,29.97314815,30.08984055,30.61231293,30.68558763,29.84466844,29.62745955,29.98704,30.44645799,30.51523888,30.39417376,30.50715753,30.13409326,30.16089527,29.98073171
1992,6,29.0314433,28.6733871,27.83589041,26.61492958,26.38619048,29.1437069,28.52743902,28.6420339,27.52038278,27.054,27.38893175,27.43372197,27.46990847,29.38277487
1992,7,25.75304348,25.99117647,26.3925,NA,24.72287671,26.00133333,26.8402439,27.04740741,NA,26.10666667,24.63823789,26.04,25.99437158,27.69526946
1992,8,26.47865979,26.54128342,26.07625731,26.42552577,25.50301136,26.56904167,26.57251572,26.82511719,27.17986328,26.68794574,27.23088415,27.19940994,26.96852459,26.10175
1992,9,26.57108401,26.76011236,27.05585831,26.43576471,26.13450402,27.54085821,27.13638672,26.87350844,26.96908752,26.71499171,27.52593561,27.63118033,27.72537217,26.33823834
1992,10,28.76664646,28.89975113,28.5267706,28.118,27.74388601,28.52488,28.94183007,28.37642395,28.14380488,28.04628019,28.24415064,28.11333333,28.107872,28.61350467
1992,11,28.97318458,28.93527716,29.05362416,29.16764933,28.71096354,28.91944,28.944224,28.817344,29.22617978,29.14215126,28.756544,29.21570144,28.873968,28.77128571
1992,12,28.23608961,28.13860619,28.04233184,28.20107664,28.14635884,28.311632,28.048048,28.062752,28.088592,28.094064,28.093728,27.873024,27.878656,27.59130435
1993,1,28.18239837,27.94029018,27.74593258,27.79726766,27.60717617,28.352064,28.098848,27.92392,27.956704,28.000432,27.838736,27.932224,27.993152,27.97938679
1993,2,28.18702041,27.97657718,27.81279642,28.01393258,27.8503856,28.190624,28.09728,27.902272,27.978448,27.993088,27.939936,28.031376,28.039136,28.00680556
1993,3,28.57570552,28.62446953,28.89234763,29.18210923,28.68362924,28.43768,28.556464,28.67112,28.705712,28.900688,28.652656,28.838,28.567104,28.24366667
1993,4,29.50047131,29.64419134,29.8777027,29.68485929,29.33837629,29.22768,29.65712,29.5332,29.42032,29.542384,29.334464,29.383824,29.27056,29.19917874
1993,5,30.53673469,30.11052511,30.26086449,30.29971963,29.60039474,30.405584,30.19894061,30.16827759,29.96407468,29.84559157,29.87214052,29.76481356,29.57609626,29.95885
1993,6,28.56751244,29.07075795,29.56321016,28.94794416,26.93232877,28.52255282,29.41048495,29.40715084,28.52247423,27.7974876,28.54591356,28.31878,28.40576329,29.43974619
1993,7,26.21189781,26.2662963,26.16328841,26.98235849,24.98196262,27.63327068,27.52816092,27.35960784,27.35253333,26.39837004,27.39621469,27.79626039,27.669375,26.92660714
1993,8,26.30320359,26.1408908,26.1843787,26.34224138,25.45647368,26.63512287,26.5361014,26.63361486,26.69464345,26.42413613,27.2471405,26.98962109,27.14612431,27.16738854
1993,9,27.16512528,27.26489703,27.67873479,27.34133197,27.34588542,27.43247059,27.02014141,27.10682657,27.64482599,27.43860714,28.00090121,27.50329181,27.77242259,27.76357143
1993,10,29.17012552,29.13738636,29.2660771,28.9931875,28.11393678,29.009568,29.141408,28.829296,28.84372392,28.70396853,28.63248756,28.55049587,28.36657005,29.533
1993,11,29.00905051,28.93310722,29.15838137,29.08806911,28.65674576,28.934128,28.77616,28.7748,28.86250454,28.69414336,28.3287034,28.15208113,28.24447115,28.7297235
1993,12,28.69924152,28.60552632,28.39772627,28.70848263,28.17315104,28.691776,28.820144,28.470048,28.666832,28.74744,28.355856,28.783808,28.606192,28.33336283
1994,1,28.49946108,28.56722101,28.61478355,28.86333333,28.43979592,28.52816,28.47712,28.644528,28.868672,28.83016,28.514096,28.866176,28.722592,28.29692308
1994,2,27.91594758,27.94648352,28.28393407,28.64353791,28.37079487,27.735168,27.881888,28.232048,28.477888,28.582112,28.17352,28.213392,27.867648,27.51110599
1994,3,28.91899796,28.92051225,28.93698448,29.01172906,28.62821429,28.839056,29.036064,28.888256,28.998896,28.6784,28.983488,28.810064,28.74624,28.87658879
1994,4,30.27441296,29.95707048,29.93274123,29.51339483,29.33480106,30.190976,30.128592,29.886064,29.468128,29.52809984,29.65783654,29.636944,29.67229402,30.11954338
1994,5,29.5651417,29.39039823,29.50455982,29.35457926,28.78525066,29.499744,29.713344,29.680848,29.80570261,29.54345018,29.88797407,29.93721101,29.84531353,29.32847926
1994,6,27.03011905,27.01435714,27.03404255,26.91956175,25.79098958,27.10298893,27.12947692,27.08149425,27.32919298,27.03579832,27.4828125,27.46160494,27.40950092,27.269
1994,7,26.02875,26.19545455,25.54811321,25.14762887,25.43747253,26.98054795,26.976,26.40672131,26.25177215,25.90665698,27.13021505,27.42371237,28.088125,25.43833333
1994,8,26.15574899,25.91290323,26.03818792,25.80463576,26.02254717,26.73959716,27.22739255,27.32517915,26.60928793,27.61523504,26.92856618,27.99207585,29.01664634,25.6774359
1994,9,26.23992,26.5133119,26.75348624,25.70492958,25.86685714,26.39961929,26.73976303,26.95855037,26.90433962,26.39530612,27.20493151,27.00494624,27.52636364,25.91238095
1994,10,NA,NA,NA,NA,NA,NA,NA,NA,NA,NA,NA,NA,NA,NA
1994,11,NA,NA,NA,NA,NA,NA,NA,NA,NA,NA,NA,NA,NA,NA
1994,12,NA,NA,NA,NA,NA,NA,NA,NA,NA,NA,NA,NA,NA,NA
1995,1,28.85455115,28.81918224,28.75061033,28.95757874,28.36266846,28.87696,28.789712,28.540288,28.806528,28.547584,28.87410256,29.035152,29.141616,28.15005291
1995,2,28.56889813,28.55207763,28.44691954,28.86025097,28.58341398,28.420416,28.447072,28.244544,28.30896,28.45424,28.488944,28.32728,28.492352,28.40315271
1995,3,29.44704782,29.67479452,29.69119266,29.90864504,29.83533333,28.88072,29.133056,29.29056,29.440544,29.58376,29.128336,29.263168,29.253616,29.02778846
1995,4,30.39305732,30.56315914,30.6926969,30.72732,30.36432961,30.263248,30.331584,30.263008,30.29299517,30.29801626,30.234912,30.220288,30.3288,30.20450262
1995,5,31.17730193,30.97855478,30.83363196,30.29968599,28.98202778,31.0987013,30.88009724,30.52818499,30.26268889,30.12612033,29.78849765,29.85552361,29.6182774,31.48608466
1995,6,29.61910891,29.24205387,27.48386364,27.24568905,25.16508651,29.0281746,29.59113372,28.89283133,27.75479821,26.97061947,28.8896875,28.7166568,29.29971429,29.93466667
1995,7,27.59585714,26.25,26.45816667,27.15344615,25.11027778,26.46189655,27.0470625,26.67310345,27.09689655,26.78148418,28.11791328,27.90063786,28.19216949,NA
1995,8,26.54301587,25.94598958,26.06940476,26.6878125,25.97670034,27.5226699,26.84302632,27.29501558,27.32459732,27.08797508,27.31544081,27.85635321,27.60500879,27.39210526
1995,9,27.022746,27.23002538,27.64455959,27.64988839,27.36086567,26.84318681,27.68524862,27.48613588,27.24347826,27.45726829,27.50753289,27.29323625,27.63443674,27.34257485
1995,10,28.89804348,28.99286802,29.21207637,28.7205102,27.62388889,29.59463696,29.00406709,28.94850921,28.92525368,28.25890909,28.6183821,28.71621291,28.54292484,29.02151832
1995,11,29.07714588,28.91604167,29.0708545,29.18544933,28.97574124,28.883552,28.779872,28.894016,28.917648,28.90344,28.657568,28.755424,28.719776,29.16357513
1995,12,28.43637895,28.47276995,28.34055684,28.70133205,28.54611702,28.579424,28.504896,28.329392,28.526192,28.625408,28.507952,28.661616,28.596096,28.43142857
1996,1,28.37106339,28.39168539,28.36077273,28.71611111,28.35737913,28.246384,28.22848,28.12432,28.314272,28.255712,28.14176,28.114496,28.350336,28.30741627
1996,2,28.65401639,28.79923767,28.80333333,29.08615087,28.86544757,28.403856,28.72224,28.429072,28.67744,28.978384,28.350832,28.69952,28.48968,28.21947619
1996,3,29.48150826,29.80918552,29.75105023,29.6780814,29.25225064,29.369088,29.7712,29.964624,29.499248,29.5344,29.483648,29.458,29.441616,29.42764423
1996,4,30.02976293,29.84593301,29.92316667,30.01367063,29.33940054,29.960192,29.829104,29.91911576,30.26182724,29.94941653,29.95233494,29.94945338,29.929728,29.78657754
1996,5,29.3948913,28.93161369,28.88079903,28.79546256,28.04132124,29.598416,29.54091205,29.33146067,29.351392,28.923744,29.49218299,29.17370192,29.617392,28.98084507
1996,6,28.10424419,28.17641975,28.63064516,27.97411079,27.94097484,28.30484848,28.29083601,28.28243182,28.28712575,28.25204846,28.21072727,28.55772124,28.05814346,29.75242604
1996,7,26.45,25.17257732,24.07888889,25.76940299,24.96306452,26.93708861,25.97787879,25.03689655,25.66023529,25.91947977,25.72614035,26.23035191,27.51186047,26.2575
1996,8,25.80590604,25.64033962,25.79149254,25.57926346,24.47044534,25.94584711,26.13614118,26.00976077,26.25088421,26.16484848,26.95629779,26.90626016,27.12154599,24.96897059
1996,9,26.77764505,26.67116071,27.5659589,26.10096491,25.98286486,27.49614662,27.78207612,27.61640483,28.06396648,27.21263393,27.83514793,27.46141243,27.38622642,28.61531579
1996,10,27.72180828,27.81049096,28.20916667,28.25930649,27.74912698,27.62423077,27.94209677,28.20436149,27.94394881,28.09765751,28.27350482,27.93251376,28.45637124,27.67739362
1996,11,28.77264646,28.67044053,28.68813636,28.70933206,27.97249351,28.805568,28.766064,28.624864,28.72056,28.500288,28.612,28.573696,28.457232,28.36689189
1996,12,28.3457732,28.39988713,28.33039171,28.49545106,28.52784416,28.289168,28.216176,28.262944,28.410256,28.49536,28.510544,28.447792,28.532688,28.20020101
1997,1,28.23468354,28.2000464,28.21743707,28.60815238,28.48822751,28.141264,28.140816,28.015104,28.367344,28.2012,28.319584,28.157184,28.23936,27.82791878
1997,2,28.06373418,28.09465116,28.34016204,28.5292549,28.19808625,27.965552,28.08968,28.195408,28.29136,28.462768,28.240576,28.28338736,28.15748397,27.45678571
1997,3,29.49716981,29.54969907,29.8394213,29.95712891,29.41333333,29.61264,29.713792,29.735952,29.683904,29.768352,29.34184,29.557728,29.31248,29.53884422
1997,4,30.23232218,30.25034091,30.49967366,30.91814229,30.50553806,29.972512,30.375216,30.724624,30.46583199,30.7981891,30.197584,30.1153451,30.153184,29.96015152
1997,5,30.64122881,30.5121709,30.43370023,30.42122288,29.50648649,30.462528,30.65379032,30.63184295,30.45408,29.83341894,30.505456,30.03504013,30.08352,30.19604061
1997,6,30.10962222,30.00198992,30.6534466,30.52915493,29.09217791,30.369056,30.20940984,30.57629252,31.04297735,30.41694946,30.88978261,31.16468227,31.24281609,30.18065089
1997,7,26.40961538,26.69030303,26.65854167,26.87559055,26.44644366,26.81759124,26.94186567,26.98207349,27.32567376,27.50465116,27.62792757,28.09732203,28.204371,25.535
1997,8,26.93369565,26.75925134,26.03244565,26.80229314,26.64427419,27.32497561,27.38078341,27.34697755,28.07377668,27.41004854,28.30079932,28.21347899,28.47451667,27.13958333
1997,9,28.76847682,27.94627717,27.66660099,27.40698574,26.07066667,28.41079258,28.01167728,28.07652027,28.40531773,27.37701667,28.50967374,28.51980216,28.48114815,29.56071429
1997,10,29.6462766,30.14143529,30.30690867,29.84196117,29.08558201,29.30024038,29.69970968,29.95192308,29.58105691,29.20722675,29.52388084,29.06362153,29.26130225,29.8715
1997,11,29.77058455,29.82292105,29.87830626,30.26184524,29.78774691,29.90738989,29.83588533,29.47372517,29.83043902,29.98290323,29.53863124,29.67621188,29.62416,30.19935484
1997,12,29.33068687,29.76656319,29.63268722,29.71109641,29.38525641,29.035696,29.310288,29.357152,29.498768,29.330992,29.484128,29.147264,29.42399038,29.27981651
1998,1,29.46580851,29.48504673,29.44798611,29.36559289,29.18802198,29.487808,29.405616,29.287552,29.365456,29.388592,29.38776,29.284288,29.198032,28.84229167
1998,2,29.22711864,29.22635731,29.28566434,29.33708171,29.54105978,29.186144,29.247296,29.094368,29.126848,29.430032,28.994336,29.154864,28.945504,28.74240838
1998,3,29.29584746,29.45184149,29.67564403,29.90427734,29.80376658,29.26136,29.397728,29.505376,29.841072,29.872448,29.502048,29.758016,29.54848,28.77847716
1998,4,31.07261506,31.06146172,31.34678404,31.50616766,31.17367568,30.929456,31.045632,31.034992,31.152016,30.957728,30.963296,30.973392,31.133424,31.01216495
1998,5,30.84220557,31.04025822,31.11650235,31.31877159,30.32950954,30.54096618,30.85424,31.013296,31.01912903,31.02608974,30.943232,31.04570513,31.030272,30.99328042
1998,6,29.72659193,30.07157895,31.18726027,30.95201439,28.50532663,29.94763889,30.15542169,30.42727273,31.45618644,31.00465608,30.53262295,31.032375,29.64797872,30.05041667
1998,7,26.74455128,26.59393939,27.07082474,26.37045161,25.98733129,27.26858108,27.20598997,27.52928571,27.10142566,26.83171271,27.23636893,27.05573071,27.49938053,26.31983871
1998,8,26.02791411,26.55047619,27.4080791,27.30756233,26.4416879,27.30008475,27.03057592,27.16482301,27.44822014,27.64114407,28.06472093,28.22734151,28.16759414,25.57948529
1998,9,27.32256595,27.39039823,27.89589147,27.91393519,26.99458746,27.40830065,27.52802469,28.33913684,28.25862595,27.85315985,27.78317597,28.04058651,27.82576923,27.76373626
1998,10,28.22883369,27.92613208,28.57425121,28.33045267,27.82384892,28.159744,28.14581848,28.28549738,28.00120988,28.16776018,28.15733096,28.31947727,28.3580339,27.7375
1998,11,28.65088608,28.80075862,28.8154195,28.68923518,28.26852243,28.775744,28.676208,28.57081862,28.3864,28.40609677,28.404864,28.29138934,28.36615137,28.75757576
1998,12,28.94993644,28.62735632,28.54862559,28.57705996,28.37459016,28.706256,28.721376,28.4176,28.316672,28.228208,28.306736,28.22336,28.237888,28.36226804
1999,1,28.22810526,28.17920561,28.28734742,28.38276392,28.34593407,28.019616,28.049008,27.927488,28.080736,28.322032,27.926432,28.125728,27.824544,27.79558974
1999,2,29.06649573,28.99885246,28.94047059,29.18957529,28.75870968,28.975392,28.94784,28.664384,28.7576,28.941568,28.719296,28.799632,28.574784,28.59649215
1999,3,29.63880086,29.57942993,29.87705463,29.92789264,29.56639785,29.725824,29.82296,29.44376603,29.57904,29.69677885,29.36581731,29.602224,29.4446463,29.10850267
1999,4,29.15066508,28.42028269,28.79078947,28.77136364,27.87304094,28.93927419,28.32810376,28.71703571,29.44690323,28.68094306,29.27280645,29.30358491,29.42546645,29.02242604
1999,5,28.88725962,28.65628571,28.57466667,27.79708333,26.86371166,29.11571125,28.57077586,28.60293785,28.82743243,28.25591592,28.65939467,29.10215625,28.78269231,29.14954545
1999,6,28.39831373,27.99677419,27.81507937,27.14888889,26.33165761,28.5050431,28.37034056,28.17452555,27.83129032,27.25740472,27.86461039,27.87897233,27.71410367,28.445
1999,7,27.363,27.685,26.99090909,26.8434375,25.87704036,NA,27.75731707,27.49670659,28.33675676,27.48221429,27.96033898,27.63881944,27.44052925,27.74987654
1999,8,25.59971831,25.1820944,25.16778626,25.85832808,26.36112628,26.50181102,26.55557692,26.54360656,26.4218612,26.69015385,26.65452471,26.87995798,26.76614545,25.86470588
1999,9,26.76758794,26.77555263,27.08076749,27.2808,27.12614555,27.30032,27.91309021,28.21613288,28.21549195,28.08090909,28.15802842,28.51256228,28.68990338,26.39716216
1999,10,27.50105023,27.56590698,27.87706633,27.27028112,27.59245536,29.02986441,28.60317328,28.02384615,27.89891026,27.25901961,27.86339523,27.23774194,27.46133987,28.37124352
1999,11,28.80602911,28.49957207,28.55862302,28.59363636,28.03721053,28.966976,28.825136,28.544848,28.486224,28.401568,28.435616,28.327456,28.395408,28.76210784
1999,12,28.68264706,28.60570787,28.5175737,28.55751412,28.29994681,28.989968,28.716672,28.550816,28.65528,28.530656,28.536768,28.475168,28.422576,28.11034653
2000,1,28.49841004,28.53776765,28.44284065,28.41483622,27.99745946,28.5816,28.73696,28.629776,28.73872,28.468976,28.54904,28.390128,28.285568,28.14272727
2000,2,27.80481953,27.89140845,28.07699317,28.40388462,28.34149584,27.6416,27.662384,27.856032,28.063856,28.40379934,27.767792,27.659952,27.512512,27.68458333
2000,3,28.49408034,28.36988095,28.50820823,28.72621359,29.06529412,28.322224,28.322416,28.342848,28.5635209,28.87768,28.65165595,28.64987013,28.63173984,28.05125654
2000,4,29.19832653,29.54719258,29.33327189,29.14467308,28.6175,29.134496,29.2872,29.447648,29.576288,29.29591346,29.26180937,29.28496795,29.13944,28.86070423
2000,5,29.99013129,29.56539379,29.79194712,29.41575816,28.31051282,29.65162903,29.692144,29.595216,29.71769726,29.562976,29.64008,29.737712,29.59826377,29.67441341
2000,6,28.16555556,27.34746269,26.7851087,26.40682635,25.90864198,28.3688,28.20995215,28.02798193,27.04965385,26.7734854,27.85724771,27.25355895,28.03435484,27.99468085
2000,7,25.67416084,26.28202055,26.10354762,25.83088553,26.12211321,27.0166383,26.35358156,26.75625,26.53402299,26.59829485,27.12890558,26.65328205,27.09238636,27.13637255
2000,8,27.00659459,27.73318182,27.25964539,26.77586667,26.19070423,27.7606135,27.99009217,27.89448598,27.99032258,27.77134694,27.97406863,27.79288288,28.26858369,26.78086957
2000,9,27.17154255,27.42483333,27.39358354,27.23653846,26.79866324,27.52313485,27.30719723,27.6579,27.95566075,27.49351399,27.97463621,28.08067698,28.20278182,26.38367647
2000,10,29.21290389,29.40793258,29.30483645,29.10725,28.79992248,28.81993538,28.86816,29.119664,29.269888,29.006,29.264496,29.286112,29.440432,29.19872928
2000,11,29.69093361,29.47691589,29.58127907,29.55339882,29.411875,29.51344,29.3308,29.280352,29.21624398,29.68799035,29.12820968,29.18171474,29.47567308,29.60105263
2000,12,28.80041068,28.79863946,28.46332564,28.73313462,28.98071795,28.735392,28.622352,28.563792,28.648528,28.81544,28.718832,28.972432,28.898624,28.1846
2001,1,28.45421384,28.37049065,28.73944573,29.02992293,29.03201657,28.1252,28.32136,28.383392,28.722064,28.990064,28.562176,28.699104,28.597696,28.06025253
2001,2,28.54277895,28.78281755,28.84268065,28.90816956,28.51992042,28.424784,28.454096,28.580464,28.554448,28.649488,28.284592,28.428592,28.252832,28.26858586
2001,3,29.29174274,29.38414579,29.56732265,29.61334623,29.3855641,29.201376,29.386832,29.331744,29.305488,29.24976,29.263232,29.224064,29.308288,28.78405941
2001,4,29.28214592,29.05223926,29.07086331,29.0622973,29.14772575,29.126848,29.16195652,29.15346405,29.13877756,29.20982258,29.11336609,29.00536673,28.69135198,29.46548718
2001,5,30.2263242,29.98221945,29.66114458,29.21738739,28.58965054,29.74145663,30.13641694,29.8205082,29.65200342,29.795189,29.7395,29.71312397,29.75278878,30.105
2001,6,26.88135266,27.37383648,27.77876325,27.44469907,27.22659091,27.52621622,27.76635897,28.47113684,27.74154013,27.75539305,28.42788868,28.28680154,28.58890288,27.23553571
2001,7,25.128,24.46439394,25.24791111,25.20184647,25.21784038,25.24830508,25.1964486,26.45259434,26.67644248,25.76258586,26.94425051,27.18506897,27.06521739,24.628125
2001,8,25.92644377,25.68734694,25.40067055,26.30878613,25.80081301,26.27049861,26.28285106,26.23484029,26.85488746,26.78829787,27.16468227,27.20477833,27.39585209,25.18684783
2001,9,26.36417234,25.98509174,26.44943529,27.00156504,26.50644022,26.85178218,26.69943366,27.41884615,27.81377265,27.38176277,28.15238754,28.14454206,28.15013536,26.84694805
2001,10,29.53229787,29.33310263,28.5144591,27.72396509,27.05829396,29.280608,29.047904,27.91293532,27.66732865,27.99011364,28.50246073,28.25669118,28.69979661,29.00683168
2001,11,29.48498973,29.30237136,29.12871332,29.37368932,28.93710811,29.273184,28.825104,28.762096,29.00672,28.914592,28.97008,28.92830645,28.9293554,29.83771429
2001,12,29.04469729,28.77573363,28.57710112,28.45418738,28.28520619,29.171472,28.879264,28.632864,28.681056,28.393072,28.545664,28.545504,28.427712,28.98162437
2002,1,28.19201681,28.24032407,28.08968326,28.23385797,27.90152632,28.229728,28.01128,27.953584,28.105824,27.80488,28.240016,28.274128,28.37408,27.79416667
2002,2,29.20677551,28.89325167,28.9191314,29.19355932,28.98164524,29.320256,29.150768,28.80056,28.794528,29.151184,28.601936,28.822528,28.706576,28.46808411
2002,3,29.77700413,29.81120181,29.8424605,29.79958015,29.39917526,29.665744,29.782592,29.802192,29.742288,29.6472,29.564112,29.696176,29.54912,29.78995122
2002,4,30.45051392,30.35907583,30.46861502,30.51701375,30.86486957,29.907872,29.916208,29.943456,29.822832,30.41479936,29.76181524,30.10448,29.940144,30.06252525
2002,5,30.81091549,29.86610169,28.91333333,29.483,27.35779661,30.23371257,30.57531646,29.89105263,29.99272277,29.93744681,29.61654545,29.84707317,29.782,30.28948718
2002,6,27.12744,27.57978182,27.63352273,27.56345815,26.81640227,27.41354286,27.37477002,27.25525316,27.68923218,27.94700337,28.28601286,28.21004886,28.10994975,26.27128378
2002,7,26.80635542,26.17491228,26.52566343,25.99107914,26.34255973,27.66,27.20133995,27.62319403,27.253825,26.79649813,27.77112172,27.46710425,27.7989948,26.78082902
2002,8,25.73357702,26.05341404,25.97533333,26.02411647,25.50656425,26.30056641,26.2207309,26.4724547,26.81166124,26.83790698,26.98170692,27.211968,27.30102564,25.48285714
2002,9,27.3205176,27.19217002,27.48895089,27.82424581,27.00640306,28.31206731,28.15760196,28.48568,28.698,28.534048,28.564816,28.7896,29.035392,27.38901042
2002,10,28.351,28.49482051,28.40448864,28.2907732,27.85640138,28.74704167,28.48706402,28.36643059,28.51428941,28.33602362,28.80418403,28.74607619,28.84165505,28.85808081
2002,11,29.42038855,29.3038255,29.19284091,29.24499055,28.98963636,29.389744,29.31144231,29.123552,29.1024,29.042928,29.2996,29.18275081,29.21648693,29.30755981
2002,12,29.10603696,29.01432432,28.94932432,29.03672348,28.82666667,29.31216,29.150864,29.066896,29.156928,28.917728,29.065856,28.784576,28.72296,28.86878641
2003,1,28.64291405,28.41698157,28.37879545,28.41508571,28.27564987,28.928432,28.721216,28.746432,28.773088,28.5032,28.734192,28.523232,28.489792,28.21070707
2003,2,28.82305155,28.62772936,28.67651885,28.86095238,28.5155814,28.748016,28.78272,28.7096,28.78424,28.808928,28.703296,28.78416,28.526256,28.5979902
2003,3,29.73406122,29.65834081,29.5521573,29.81299435,29.82493473,29.613696,29.6872,29.639728,29.702752,29.779328,29.675264,29.6644,29.533504,29.59837438
2003,4,30.459625,30.10118721,30.14321678,30.48647887,30.28242424,30.359312,30.332064,30.352128,30.37200321,30.21409968,30.554064,30.401888,30.42536,30.44338095
2003,5,29.42401261,28.96828431,29.17810811,29.07443609,27.75213542,29.72826923,29.759184,29.73003205,29.58797428,29.38353226,29.970384,29.738438,29.97624194,28.98038095
2003,6,28.80252747,27.93528846,28.09642623,28.13604396,27.49175393,28.95620253,29.17132653,28.8337577,29.06439542,28.85819646,29.53630719,29.46895765,29.6600982,28.04046053
2003,7,26.114,26.529,26.50790698,26.24621118,26.69107345,26.91333333,26.90895238,26.82349206,26.98003663,26.97962003,27.20144444,27.44579861,27.43215017,NA
2003,8,26.32488584,25.83392086,26.11149306,25.83376263,25.79442953,27.42817942,26.89889632,26.86507407,26.62857909,27.09845725,27.20633441,27.52125912,27.86259857,26.2236
2003,9,27.4094206,27.08913242,27.75009302,27.81251572,26.48387097,28.21867528,28.17660959,28.31571912,28.4015,28.16538333,28.62863711,28.52568882,28.44282219,27.27983871
2003,10,28.82643923,28.78044289,28.71767606,28.46654917,28.00582888,29.21889423,29.277344,29.38656,28.99612179,28.6136,29.290432,29.02944,29.131552,29.29510526
2003,11,29.50728033,29.37190698,29.07071926,29.18953935,28.96475676,29.635328,29.37656,29.23144,29.087312,29.073216,28.999648,29.022384,28.9752,29.3880597
2003,12,28.52129707,28.38347222,28.38283784,28.41857965,28.31785714,28.736048,28.507728,28.419936,28.50464,28.484384,28.394224,28.39816,28.37472,28.36780612
2004,1,28.0535,27.98776018,28.02941704,28.15671785,28.11796247,28.301504,28.24152,28.28984,28.491168,28.090336,28.401232,28.52552,28.496592,27.7151269
2004,2,28.26352697,28.39576659,28.61643182,28.83489524,28.96066667,28.354496,28.461488,28.547472,28.837568,28.883104,28.733008,28.906864,28.781424,27.84121212
2004,3,29.23977226,29.09783296,29.24909707,29.44910134,29.40474934,29.2836,29.209088,29.186256,29.350352,29.39928,29.403856,29.441696,29.331664,29.18455882
2004,4,29.93826176,29.60154734,29.99324808,30.31304094,30.18907895,30.056944,29.983696,30.059072,30.1304,30.04581731,30.264592,30.17936,30.171168,29.86124402
2004,5,28.88225166,28.6695539,29.12027119,29.38810409,28.10758364,28.63225743,28.4481072,28.79274908,28.99942797,29.14228448,28.64847458,28.78681564,28.98756184,29.51086705
2004,6,27.10947658,27.24131579,26.84213058,26.96233129,26.72255754,26.72980231,27.21042882,26.94984064,27.43209507,27.40272873,27.44988395,27.76099448,27.46336842,27.45554622
2004,7,27.21771739,26.10147929,26.12696078,25.98108932,25.43964384,27.52105793,26.92176796,27.26087349,26.70179825,26.27574468,27.36626984,26.81232143,27.13754658,26.82695652
2004,8,25.63753886,24.843525,25.56052632,25.76003876,25.55937695,26.5975,26.09018212,26.34291118,26.76166667,26.50441516,27.22090444,27.11789207,27.47802326,25.22598958
2004,9,26.03818966,25.25927114,25.64549801,26.41816176,26.88185629,27.32640927,26.5188582,26.78326454,27.07167355,27.25258562,27.57815353,27.32452107,27.79586864,26.47247191
2004,10,29.36091503,29.16486874,29.08272289,29.0145098,27.76337766,28.92232,29.082192,28.84604235,28.89818182,28.60836538,29.067664,28.451008,28.768352,28.97195
2004,11,29.67804211,29.64395785,29.24592255,29.35295019,28.87234783,29.5163141,29.44855769,29.25998397,29.385088,29.09200972,29.190672,29.07808,28.844128,29.50929648
2004,12,28.65691824,28.7012037,28.47970252,28.64957854,28.48289189,28.776256,28.746064,28.63536,28.932288,28.937968,28.70224,28.983344,28.718928,27.80427136
2005,1,28.37370293,28.19183486,28.27321101,28.47858527,28.36198953,28.538512,28.493888,28.43664,28.575472,28.68584,28.351328,28.773184,28.491264,27.83894472
2005,2,28.56510373,28.69942529,28.7438914,28.88876448,28.86435829,28.56944,28.75496,28.705504,28.756112,28.880096,28.55136,28.836048,28.499232,28.05218905
2005,3,28.9512731,29.02260771,29.26699774,29.35027237,29.35834667,28.8528,29.037472,29.169552,29.19,29.347424,29.145856,29.399216,29.13184,28.48733333
2005,4,30.38656379,30.63854167,30.67764172,30.66217308,30.24552279,30.36552,30.399232,30.245568,30.508832,30.293024,30.49552,30.495392,30.369024,30.75441748
2005,5,30.07762208,29.34763889,29.41568849,29.62826816,29.19563452,30.323712,30.05566993,29.90739703,29.90550347,29.8377451,30.27536013,30.071296,30.210016,29.67209756
2005,6,28.308,28.89643939,28.55632432,27.98656977,28.11722222,29.68342857,29.25776224,28.62288043,28.16442013,28.74258953,28.77609756,29.02675676,29.21905405,28.47074074
2005,7,25.07229167,24.66666667,25.97875,25.7904955,25.39229323,26.2,26.09577465,26.82777778,27.00585185,26.55080963,27.07271739,27.22131765,27.59155388,NA
2005,8,26.269274,26.44150142,26.48088542,26.46478976,26.09703325,26.43040853,26.70333333,27.27416244,27.43013445,27.477744,27.73095477,27.978438,28.078448,27.28490566
2005,9,27.2688565,26.57549872,27.13471396,27.73882692,26.78933333,27.42562712,27.29310518,27.65498288,27.64108974,27.785072,27.88428571,27.85540193,28.10191248,26.49091503
2005,10,26.69981352,26.87356481,27.31035503,27.95820513,27.22045455,27.88141153,27.73595016,28.27551637,28.53969751,28.25903525,28.93214171,28.55217241,28.67913043,28.0398995
2005,11,28.91354348,29.00571084,28.90793839,29.4700818,28.80039409,29.083696,28.9225487,28.79529791,29.03096308,28.92948387,28.8950641,28.65593248,29.144256,28.80951087
2005,12,28.51847312,28.4478066,28.39554502,28.41527451,28.6176584,28.430192,28.252464,28.057552,28.280288,28.4024,28.371856,28.214304,28.353376,28.24930851
2006,1,28.64837728,28.56269663,28.47532584,28.50575985,28.43229765,28.462496,28.434128,28.346544,28.262816,28.370976,28.155728,28.255344,28.031744,28.36561321
2006,2,28.78268839,28.83117517,28.88060403,28.87304673,28.79336761,28.907424,28.887648,28.799664,28.84128,28.757408,28.70392,28.708928,28.592208,28.31569378
2006,3,29.24890063,29.39788732,29.51249423,29.77411306,29.36090164,29.186336,29.274496,29.301664,29.262352,29.40712,29.118304,29.136768,28.978352,28.93846939
2006,4,29.21192719,29.02086854,29.13477541,29.10918651,28.53425587,29.284144,29.29224,29.184832,29.191904,29.144512,29.132512,29.157632,29.306928,29.03092391
2006,5,29.67821888,29.23417755,29.30567358,29.66983229,29.49483425,29.96454992,29.3748073,29.6542,29.48031008,29.53481409,29.80242126,29.58889876,29.81914573,29.13077778
2006,6,29.06894531,28.82633333,28.32079602,27.99648438,27.21127753,29.48120846,28.89401826,28.91734007,28.37057426,28.02363409,28.77608247,28.53342419,28.62164329,30.20530435
2006,7,26.65891176,26.53267806,26.70240209,26.2573057,25.30713068,26.87163603,26.91402044,27.08132137,27.08064298,26.6291248,27.51715928,27.94679487,27.92516908,25.75
2006,8,26.94867209,27.38991489,27.91977099,26.43866044,26.90076705,27.2224,27.31255274,27.56691011,27.69271523,27.36436364,28.05933168,27.99640411,28.30062374,26.48655556
2006,9,27.32,26.7661194,27.08440191,27.71904605,27.18957317,27.82911765,27.11931174,27.64240678,27.92029777,28.00335749,28.38926641,28.03515217,28.02904177,27.78363128
2006,10,28.97938819,29.22070258,28.79195804,28.57196281,27.57845902,28.62576244,28.82581731,28.72640777,28.44226345,28.14994434,28.21905691,28.34457096,28.23064626,29.4357767
2006,11,29.34390192,29.28293706,29.19537209,29.31315261,28.44205556,29.277392,29.09637705,28.62756757,29.21013769,29.15319672,29.22067114,28.75805825,28.97252366,29.4308377
2006,12,28.92463362,29.14850711,28.78180523,29.11735178,28.85406685,29.08872,29.16224,28.868224,29.10776,29.068432,28.86464,28.766864,28.588176,28.40486486
2007,1,28.42372385,28.35511628,28.17906178,28.30448743,28.11516216,28.541248,28.428176,28.238048,28.3512,28.274304,28.332464,28.2664,28.052032,28.1457
2007,2,28.49882716,28.48108844,28.50310811,28.51278937,28.3584456,28.525648,28.4332,28.40896,28.470848,28.414256,28.333792,28.339312,28.322304,28.63289855
2007,3,29.37014553,29.41101149,29.38984305,29.49218075,29.24226913,29.292672,29.451968,29.301312,29.239344,29.308944,29.199584,29.123776,28.957536,29.03893401
2007,4,30.59672414,30.66961814,30.8042823,30.76373757,30.32113314,30.31384,30.430352,30.787392,30.39296,30.429216,30.097808,30.110768,29.93864,30.36407609
2007,5,30.39503268,29.9364218,30.21781553,30.23384016,29.0923622,30.347616,30.465952,30.50088567,30.059824,30.166352,29.95143802,29.951072,29.88135922,30.18407609
2007,6,30.44824207,30.37629496,29.80942598,29.564,28.67475219,30.28440633,30.23890071,30.10042139,30.02654723,29.80458621,29.89568218,30.02462963,29.523424,30.36336842
2007,7,25.0178125,24.99837209,27.14,25.14,25.70581006,26.62588235,26.92436364,27.04444444,26.45,26.84064103,27.18642857,27.35122363,27.99802817,NA
2007,8,26.24169492,26.84394904,26.92818182,26.88894444,26.53368876,26.94952381,26.74623003,27.36653409,27.44221154,27.66781671,27.58291005,27.83296703,28.01248619,27.1775
2007,9,27.38297561,27.13703057,27.43794118,27.92476703,27.60630769,27.32797414,27.60662404,27.47144444,27.7519163,28.07591304,27.70460371,28.16164228,28.04681895,27.83235294
2007,10,30.12824356,29.215,28.88701923,28.4198155,27.76704545,30.51143101,29.53646055,28.81483092,28.18720183,28.58989041,28.99612717,28.64002519,28.64742593,29.26414201
2007,11,28.97125,29.03092593,28.87655172,28.81533461,28.81447154,28.896192,28.983248,28.855216,28.824848,28.628656,28.9692,28.899872,29.117936,28.72692683
2007,12,29.03081545,29.04626478,28.93639618,29.03574257,28.67276836,29.050192,28.910224,28.831392,28.89248,28.909264,28.99536,28.844144,28.881184,28.57630435
2008,1,28.66196162,28.52566351,28.49695755,28.90909627,28.62132597,28.647456,28.603728,28.553312,28.723152,28.91912,28.569264,28.539984,28.298384,28.46680851
2008,2,27.97488753,28.2698861,28.64323394,28.99637236,28.79509333,27.756688,28.106032,28.269488,28.596192,28.75767628,28.484656,28.470368,28.346016,27.15842857
2008,3,29.34141962,29.10817768,28.99797727,29.19180162,28.73569733,29.104336,29.27912,28.9252,28.928512,28.997312,28.799344,28.93594855,28.92147011,28.94019139
2008,4,29.74872611,29.84397163,29.95037209,29.70647287,29.07946809,29.498576,29.514672,29.48352,29.62285256,29.54492754,29.401456,29.469968,29.42364366,29.8174359
2008,5,29.61636364,29.01965789,29.21363112,28.79777778,27.9381491,29.60141215,29.51519126,29.25560669,29.35617699,29.02127243,29.30818512,29.33708674,29.33150327,29.50851648
2008,6,29.45,28.03380952,29.04785714,28.83658537,27.62318841,26.76727273,29.015,29.18580247,29.12323529,29.01186667,28.84376068,29.31393939,27.98211538,29.202
2008,7,27.85151515,27.21684211,26.64217822,27.24700535,26.14416084,27.40914894,28.01574074,27.05529412,27.83802508,27.17317117,27.92308357,27.84194991,28.07949301,27.61170732
2008,8,26.33980247,26.0733887,27.10928571,27.40989316,26.28769912,27.10995726,26.99474453,27.16628141,27.28868726,26.78265107,27.27855721,27.20882736,27.61074875,26.93986755
2008,9,28.47811404,28.28259804,28.47377778,28.66283702,27.4855163,28.38626214,29.01093248,28.56572816,28.85595506,28.39732372,28.575952,28.55583062,28.527344,27.96384181
2008,10,29.55212058,29.37487298,29.49763341,29.52808679,29.27638889,29.688432,29.274848,29.301808,29.514736,29.469968,29.506192,29.596096,29.719184,29.59487685
2008,11,29.37576446,29.32472222,29.29210884,29.27179012,29.32044818,29.386192,29.216096,29.052976,28.93004839,29.1364837,29.20266453,29.36905383,29.21596774,29.40686275
2008,12,29.29319742,29.02444181,28.96007143,29.14456693,28.86091413,29.450256,28.970896,28.830608,29.041824,28.575616,29.123232,28.796784,29.177904,29.37242105
2009,1,28.64661638,28.69988067,28.40221429,28.40142012,28.25088154,28.743664,28.708416,28.562912,28.44408,28.184592,28.388688,28.217968,28.322512,28.45048387
2009,2,28.98909283,28.69970046,28.7428341,28.89948276,28.14255937,29.180784,28.815776,28.604496,28.90152,28.702112,28.791392,28.926448,28.794352,28.63484694
2009,3,29.88602911,29.87829885,29.86794989,29.97532443,29.41226913,29.83104,29.763456,29.772368,29.932416,29.91232,29.621248,29.655344,29.278624,29.80492462
2009,4,29.98433333,30.10827506,30.26013921,30.31887597,30.09991979,29.92248,29.796512,29.977648,30.088016,30.288752,29.774128,29.874736,29.850832,30.33680628
2009,5,30.19298056,30.18995204,30.49322115,29.70653772,29.11956633,30.081936,30.24312,30.20501603,29.89104478,29.82291935,30.13935691,29.77723027,29.834464,30.34706522
2009,6,30.03947183,29.45865546,29.89130435,28.99019531,27.02488599,29.79388031,30.10102302,29.94153846,29.6642654,28.2312933,29.50413502,28.90092105,29.36543307,29.58857143
2009,7,26.69633333,26.96411765,27.24018634,27.03241627,26.02897143,26.57248521,26.87341463,27.28129496,27.37268519,27.2643266,27.60362782,27.21648739,27.43212947,26.33459016
2009,8,26.89524249,25.92677249,25.84548951,26.78062189,26.18918079,26.95547855,26.96184162,26.93375215,27.32115843,27.39083516,27.54834559,27.64625641,27.54138182,26.33963855
2009,9,26.82057416,26.97706215,26.75347716,27.13172996,26.46149606,27.45042808,27.09146087,27.25865574,27.81705387,27.911936,28.0505297,28.32295345,28.5136645,27.15253968
2009,10,29.07578616,28.48313953,28.40230415,28.70866667,27.72067708,29.674704,28.888144,28.46326923,28.993456,28.731584,29.003248,29.062512,29.451056,29.24357513
2009,11,30.02875264,29.87727273,29.66361111,29.79097403,29.35962536,30.144048,30.277472,29.90598387,29.8299839,29.53580165,29.620064,29.65474797,29.65131833,29.53201058
2009,12,29.50259958,29.53126728,29.29765376,29.54223092,29.38369863,29.389136,29.404928,29.305456,29.648384,29.317888,29.464768,29.523824,29.568352,29.08222222
2010,1,29.22897872,29.11863208,28.87628571,29.29964912,28.92207182,29.279088,29.18816,28.792496,29.287264,29.071456,29.0188,29.156304,28.984624,29.14120419
2010,2,29.38059322,29.40218824,29.52359447,29.76035156,29.80428571,29.187376,29.311168,29.274064,29.301888,29.551296,29.145312,29.14504,28.912128,28.98775401
2010,3,29.74620332,30.02147126,30.07742597,30.2206142,30.076781,29.43032,29.736576,29.960544,29.924064,29.958128,29.9676,29.795888,29.934592,29.49687179
2010,4,30.34673597,30.53074341,30.61789346,30.73093254,30.47217143,30.252688,30.308624,30.665056,30.16202614,30.76332258,30.24268058,30.29845161,30.27049839,30.39542714
2010,5,30.82297414,30.95949153,30.82129944,30.59875878,30.62532203,30.47490323,30.48652104,30.85620513,31.04278226,30.72487078,30.83521097,30.69624679,30.6587055,30.86722513
2010,6,28.88597403,29.5647191,28.87094737,28.88533088,27.82139276,28.31246032,28.93242424,29.06323699,28.87043321,28.66117057,29.03262136,28.83777577,29.13112936,29.19087719
2010,7,27.26375,27.51682243,27.23846154,25.61724138,24.65883436,27.55883212,27.6829918,27.75509434,27.45857143,25.65330882,27.645,27.571875,27.69909091,26.435
2010,8,25.61758621,27.66358209,26.55671348,26.7714726,25.78811502,25.74368421,26.17028037,26.92635468,27.25575472,27.09698473,27.80007026,28.02310448,28.5899591,26.4
2010,9,27.7507064,28.40832134,27.94687192,27.7110101,26.08557423,27.69966346,27.76662338,28.03720065,27.90802583,27.63151351,28.24585841,28.18903475,28.50535537,28.94497238
2010,10,29.16412527,29.26192513,29.18572165,28.11169336,27.30571429,28.87942078,28.69546931,28.81129032,28.70874539,28.20810231,28.85774194,28.74770492,28.52288,29.11523316
2010,11,29.12108911,29.05553333,28.86979661,28.7757284,28.66978355,29.01116732,28.62612346,29.21640327,29.13642166,28.93391892,28.84632319,29.14753022,28.78511905,29.47937888
2010,12,28.67421712,28.65800926,28.75643021,29.07681641,28.74342318,28.543072,28.777696,28.75072,28.930432,28.647696,28.458304,28.65912,28.423744,28.38762376
2011,1,28.31687764,28.40298611,28.35206897,28.55839458,28.33019074,28.032032,28.139648,28.043008,28.219008,28.437856,27.91808,28.169536,27.851296,27.77287958
2011,2,28.42672269,28.58004619,28.63864253,29.02456647,28.98150134,28.399408,28.502048,28.559152,28.862432,28.996288,28.734288,29.067552,28.801808,28.01534314
2011,3,29.43621399,29.24069977,29.38559284,29.48712665,29.31299742,29.682752,29.48496,29.389408,29.311376,29.455024,29.430288,29.122624,29.097264,29.07689655
2011,4,29.91374207,29.75623557,30.15,30.15131528,29.63086614,29.702896,29.658752,30.13432,29.978384,29.740528,29.940576,29.741792,29.830464,29.80266667
2011,5,30.03745726,29.93678487,29.63995249,29.60209486,28.83146277,29.77928,30.296272,29.75271268,29.88728,29.70688,29.88888,29.581584,29.69969404,29.2846875
2011,6,27.56952555,27.30369565,28.12745308,28.01413223,26.75326923,27.48502913,27.76788372,28.19331407,28.54315789,28.02953376,28.64303371,28.771344,28.994512,26.75236364
2011,7,28.02183544,27.79925532,26.85573964,26.31385185,25.82676829,27.7566791,27.72563422,27.10958333,28.08427861,27.09505747,27.90543478,27.75131367,28.29528481,27.85047619
2011,8,26.63428571,26.95476744,27.05805195,25.91977612,25.560837,25.81435583,27.44131148,27.62834783,26.96965686,26.77282895,27.65136,27.46852321,27.30569264,25.69772727
2011,9,28.24002208,28.25288684,28.46376147,28.13758687,27.50040107,28.54995177,28.265,28.5764,28.4800321,28.040784,28.335728,28.09418941,28.100768,29.08168421
2011,10,28.28850211,28.24183099,28.7009324,28.66451866,28.45034853,29.645168,29.539904,29.53307692,29.31098039,29.163,29.2848,29.398032,29.426704,28.2511
2011,11,29.63065574,29.56795964,29.37876126,29.62969407,29.50286458,29.68408,29.34896,29.369104,29.58856,29.861664,29.566592,29.724592,29.505568,29.46393204
2011,12,29.19966736,29.03128736,28.80843318,29.14277344,28.76507979,29.024736,28.96616,28.800896,29.123264,29.054512,29.117056,28.988224,28.87216,28.80330049
2012,1,28.41109474,28.3030485,28.38535469,28.61820463,28.55738667,28.222592,28.193168,28.19184,28.303248,28.477072,28.140992,28.382864,28.260832,27.93535354
2012,2,28.67972574,28.89170507,29.01538106,29.44348162,28.93034946,28.406272,28.747904,28.682544,28.9548,29.015296,28.652608,28.822176,28.527056,28.30565657
2012,3,28.72140787,28.85189066,28.94102506,29.14272381,29.08111979,28.555856,28.73888,28.74256,28.79456,29.024064,28.710688,28.790736,28.754528,28.44919192
2012,4,30.12096436,30.10299539,30.183903,30.27624277,30.06608808,29.837744,29.941936,29.911168,29.852832,30.242976,29.96288,29.960272,29.988416,30.00386935
2012,5,28.36032823,28.59980247,28.7205914,28.95040307,28.48074468,28.61883607,28.72871589,28.94467116,29.27938611,29.15482372,29.34376,29.433344,29.39354167,28.38726257
2012,6,27.74987952,27.36429204,27.36939271,27.19254157,27.01694444,28.77010256,28.17633166,28.78825123,28.66052273,27.43860681,29.4439528,28.31159609,28.36711712,27.90642857
2012,7,27.08933775,27.39730769,27.59702265,27.50424,26.97239316,27.6433419,27.30553903,27.84418667,27.76636042,27.59651934,28.0689842,28.15931532,28.17988487,26.39717949
2012,8,27.84307512,27.70235495,28.18778409,27.52947917,27.25741935,27.86969231,28.08304444,27.99907621,27.91517007,27.5710066,27.58679887,27.85013986,28.22314103,27.14131148
2012,9,28.40296703,28.78658596,28.15421296,28.13526214,28.23374317,28.26432258,28.28725363,28.080864,28.166864,28.304992,28.312432,28.387504,28.35862179,28.33884211
2012,10,30.26321277,29.79301663,29.30566745,29.1853816,28.80224324,30.252272,29.92620192,29.58076923,29.20903909,29.20552,29.26786972,29.15135703,29.32268293,29.95968421
2012,11,29.45440501,30.04155056,29.98166667,30.19187146,29.70065789,29.355456,29.542352,29.82128,29.937904,29.800752,29.574256,29.831936,29.652432,28.90663366
2012,12,29.58648536,29.55180974,29.26635535,29.83075728,29.2457337,29.583408,29.644432,29.361808,29.862048,29.65528,29.45285945,29.60113636,29.40380417,28.98248731
