"Year","Month","SSTOI.1","SSTOI.2","SSTOI.3","SSTOI.4","SSTOI.5","SSTOI.1p3","SSTOI.2p3","SSTOI.3p3","SSTOI.4p3","SSTOI.5p3"
1981,1,NA,NA,NA,NA,NA,NA,NA,NA,NA,NA
1981,2,NA,NA,NA,NA,NA,NA,NA,NA,NA,NA
1981,3,NA,NA,NA,NA,NA,NA,NA,NA,NA,NA
1981,4,NA,NA,NA,NA,NA,NA,NA,NA,NA,NA
1981,5,NA,NA,NA,NA,NA,NA,NA,NA,NA,NA
1981,6,NA,NA,NA,NA,NA,NA,NA,NA,NA,NA
1981,7,NA,NA,NA,NA,NA,NA,NA,NA,NA,NA
1981,8,NA,NA,NA,NA,NA,NA,NA,NA,NA,NA
1981,9,27.0660302214335,26.9602605377291,26.8189958004969,26.6937020370034,26.1371140941497,27.8139477809783,27.747921969506,27.6610832608131,27.7447090419646,27.4361671472365
1981,10,28.9626760016317,28.636249377614,28.4001903500822,28.3421868889228,27.8993049561977,28.9388118505478,28.7985493969917,28.5188118767738,28.4621743774414,28.5227493667603
1981,11,28.6398170198331,28.3464049384707,28.475053141194,28.1464369347186,27.7626875805598,28.1054316391483,28.3488638699439,28.5886832181869,28.3970961293867,28.3099606864683
1981,12,28.5296460908392,28.4447910416694,28.6321000423696,28.6425129615742,28.464704255263,28.1946493840218,28.2474493837357,28.2235493707657,28.3494868731499,28.6164618635178
1982,1,28.1178118716116,28.1913089581898,28.1073952019215,28.2891569474469,27.6282632748286,27.7811493515968,28.0127118849754,28.1671493792534,28.2158994078636,28.1659244012833
1982,2,28.2009588953616,28.3092604638712,28.3512829126526,28.3876455670175,28.1492139735898,27.6249649126776,27.991047668457,28.1694476581442,28.0364407664332,28.2355718020735
1982,3,28.3793336075285,28.4513981512615,28.6153465906779,28.7851759998695,28.8475688331657,27.8127993893623,28.0258868694305,28.300336856842,28.6329993772507,28.721211874485
1982,4,29.076422930767,29.1620270074238,29.3822574034387,29.6444313027916,29.5412179953736,28.8972767762215,29.2720767581078,29.4639348282353,29.5990573833835,29.6197670918126
1982,5,29.3896053018777,29.3257433772087,29.5587319698599,29.5915210713511,29.2664576835103,29.6606243300438,29.8431742835045,29.862549328804,30.0230993056297,30.2408868408203
1982,6,28.5297749748069,28.5325646437075,28.7472036491585,28.1613878541708,27.1546588986578,29.069289673836,29.1318186704574,28.902218686996,28.9820251612509,28.9229799947431
1982,7,28.3495238345602,27.94321368138,27.271735512548,26.6209640917571,26.0410931640201,28.4804743552208,28.4085118818283,28.205936896801,28.267811923027,28.2009243822098
1982,8,27.2205428895743,26.9582731723785,26.8357285658518,26.731031977612,26.4309368696478,27.2156243848801,27.5752868771553,27.7366118788719,27.6103244161606,27.3296993875504
1982,9,27.2297609818768,26.8393081248997,27.2929384682768,27.5682461967308,26.4849456732418,28.0333800137428,28.1605542189075,28.244502652076,28.2969284180672,28.3651993856122
1982,10,29.254374338233,29.0882880318732,29.1303292016188,29.0415754344152,28.258193794224,29.1598618602753,29.1773118519783,29.1318868327141,29.2656743502617,29.2390868473053
1982,11,29.3424677802002,29.312672153596,29.3550172757932,29.4156655583107,28.9319886169981,28.8483993653328,28.9497670967348,28.9422703232304,28.9249800257529,28.9934703137798
1982,12,29.2535047686618,29.1352374525297,28.8595132794645,28.9041433697161,28.4588014549679,28.8523493647575,29.0894743323326,29.0471493387222,28.7968743824959,28.656524374485
1983,1,28.3528798248457,28.3828713950657,27.8440271284845,28.1673227548599,28.1724993917677,28.3130244016647,28.2973618865013,28.0951868748665,28.0536368989944,27.8613618946075
1983,2,28.0745421328109,28.1181274877589,28.1536009192923,28.2873307017908,28.306742708345,27.7056131744385,27.8053787020979,27.8695579949741,27.8755993994351,28.0007717895508
1983,3,28.1152303529822,28.3993000189463,28.4830375810464,28.5224586129189,28.6705896589491,27.8671618437767,28.1040618991852,28.2531868505478,28.35087433815,28.4196119070053
1983,4,29.148807193922,29.4063433751166,29.5860924908764,29.6393681455294,29.5064867935728,28.5467090532857,28.9776122702322,29.1062574152793,29.2666703131891,29.5672508928853
1983,5,29.6083281454833,29.6064427892367,29.701058357954,29.7153389946274,29.2711625629001,29.2246743321419,29.3725242996216,29.6118243527412,29.6622242927551,29.6519118046761
1983,6,28.9006445244017,28.7145308422786,28.6935298263386,28.8975308753999,27.9558595841931,29.3552251458937,29.5957026032479,29.4800509594333,29.6820380130891,29.5394573826944
1983,7,28.1589667460193,28.3025142664001,28.1679854691029,27.9112357963686,27.1103639337752,28.5466118812561,28.67867436409,28.4083368563652,28.7182868766785,28.9719618606567
1983,8,27.1630156921304,26.5300886545862,26.5809022121959,26.8254613487617,26.6233847671085,27.8670993757248,27.7697119021416,27.9375743937492,27.976224386692,27.9567743968964
1983,9,27.5988914013578,27.5290623619443,27.6908954634034,27.9926080797364,27.5184043761223,27.6813154971215,27.6915348569808,28.0815736019996,28.3210316565729,28.1370832800096
1983,10,28.1203662468039,27.5344934605417,27.6950167583095,28.3477303333904,27.3851556413703,28.6761118650436,28.8518743944168,29.0002493572235,28.8401493811607,28.6543618488312
1983,11,29.0277833978725,29.0632865894042,29.1699993550564,29.0837861658982,28.5108954419372,28.5441283908967,28.912089688701,29.1428638778194,29.1597541636805,28.9766961300758
1983,12,28.2902303493541,28.4890470022247,28.4943570395311,28.2750808985337,28.2514403694206,28.5108618569374,28.6554368376732,28.6247743296623,28.6250868797302,28.592161860466
1984,1,28.2350945058076,28.4614130485625,28.5094438162115,28.4282466665558,28.3455376062128,27.5453868961334,27.537674407959,27.6146994066238,27.9487243914604,28.0557368850708
1984,2,28.895781984191,29.2203803138127,29.1360178947449,28.8766950386158,28.2039808626528,28.0044393742879,28.1963860677083,28.2857860794067,28.204266049703,28.3616393992106
1984,3,29.3435047813084,29.2014130353928,29.1816486484475,29.1091841355614,28.7442181143496,28.9676118683815,29.0378743910789,29.2775118160248,29.1870868110657,28.9689243745804
1984,4,30.0427061805886,29.8757289558329,29.969067457329,29.9299572574139,29.3287448096874,29.7420380204724,30.2475089731524,30.2263605794599,29.9588896154588,29.5249541670276
1984,5,29.6231650658276,29.2111302983193,29.0657632384035,28.8551351972248,28.2297563420402,29.7258117866516,29.675711824894,29.6987243080139,29.4688368296623,29.1608993172646
1984,6,27.9700554771477,27.6294310316329,27.4529922581061,27.0880498845982,26.9604832809886,28.674425174344,28.5126058197021,28.7665154733965,28.4157800440634,28.1603349082701
1984,7,26.9908146158509,26.8827226048424,26.2472736504343,25.9166569943013,25.4344612393114,27.2244993948936,27.2790868782997,27.4927743959427,27.3896993970871,27.201611905098
1984,8,26.1168472119,25.6171125060036,25.6717182232274,25.6913037844326,24.8108501533667,26.7607494068146,26.8196743679047,27.2240994095802,27.4994493937492,27.3172494292259
1984,9,26.5382041369381,26.1456368969333,26.4916123967871,26.6681059988485,25.6453757644981,27.2668897148871,27.2671090772075,27.4204122826361,27.4368122691493,27.729625202302
1984,10,27.1670917946359,27.1926332882472,27.0572910474406,26.8939939322679,26.06204802129,27.6642619466782,27.4151118850708,27.3064368772507,27.4836618709564,27.5198743677139
1984,11,28.6683303731354,28.5019348601592,28.612275393633,28.5730008102567,27.9935298735096,28.3251090437366,28.395534882084,28.4821025922222,28.587805818127,28.6044509936917
1984,12,28.4642656730569,28.3909220042683,28.3601382739014,28.5831515452136,28.4374820391337,27.9533118748665,28.2924618911743,28.547661895752,28.7489993739128,28.8539368629456
1985,1,28.598192287528,28.6418743871507,28.4817007382711,28.6285455719284,28.1168049474557,28.0062993884087,28.2581244182587,28.4724869060516,28.3852993965149,28.3942243742943
1985,2,28.3610938471118,28.4134804893206,28.4102100723091,28.566760979671,28.3044246805125,27.5628545642721,27.9432821181725,28.2829373142637,28.1986890490302,28.2016821210138
1985,3,29.1162901235663,29.2626779136204,29.3468048903677,29.3325808488804,29.2651209003396,28.9129118537903,29.0360618543625,29.2432118344307,29.2268368458748,28.9072993755341
1985,4,29.4666612927409,29.1939163676788,29.3771319269707,29.5228744977654,29.3275620552801,29.2692509805003,29.0269154800907,29.284205797257,29.2133283898138,29.4276122013215
1985,5,29.4253389420717,29.3113534819512,29.038610484865,29.0624993598979,28.9447215762403,29.6441993165016,29.3344117856026,29.19774933815,29.1350743293762,29.3671118402481
1985,6,28.3290036135937,27.9364356203563,27.528010129074,27.1190316680437,26.0855549501262,28.4057929402013,28.4962445117581,28.3415993991975,28.1993283893216,28.3633671397548
1985,7,26.4923499252485,26.1367850786164,26.1065098875099,26.2119288107623,26.0003987087144,27.3730868625641,27.2955868768692,27.2933368730545,27.3612868523598,27.5641743731499
1985,8,26.4462358329607,26.2270231928144,25.9665272004075,26.1774178665617,26.0187667939398,27.0723743677139,27.205311896801,27.3151493692398,27.4221493697166,27.4021744060516
1985,9,27.1952729004463,26.8259287686209,26.9627413322421,26.87483810275,26.3158058043449,27.7270703518775,27.8078574445171,27.7387477431759,27.6337412803404,27.7242316436768
1985,10,28.0780428000118,27.9165619129226,28.0752424531513,28.0694151572559,27.4053465856446,28.2669743585587,28.2392118930817,28.2072618985176,28.2173868441582,28.0782243943214
1985,11,28.7334355492077,28.5382942750524,28.2445334465273,28.2284705976617,28.099569307006,28.3922832685901,28.4609284234816,28.3618961432672,28.3674574329007,28.2539477908227
1985,12,28.2655292956725,28.2705797269231,28.3507632315159,28.4231923067051,28.1526903642548,28.0907993841171,28.1356618452072,28.1087494015694,28.0416993880272,28.0436993908882
1986,1,28.2645238404689,28.3025886700267,28.3284194933044,28.3059096958326,28.1069091227319,28.0301494026184,28.1542243885994,28.0618868684769,28.1445618462563,28.2548243904114
1986,2,28.0568809366298,28.1900814977185,28.4132560824983,28.3858164511342,28.2001909679837,27.6925924814158,27.8963717993375,27.8773510978962,27.8280959320068,27.800923538208
1986,3,28.9283553232317,28.960549953438,29.13562435574,28.9858960690706,28.6536278857125,28.5793619012833,28.5659868979454,28.6249619078636,28.5128243780136,28.4078869128227
1986,4,29.3721451404887,29.3625185273576,29.3712358953278,29.4974046335314,29.4431713746867,29.0699864639774,29.2377412808326,29.3938444740542,29.5309025450676,29.583896095522
1986,5,29.5237900718399,29.4416809138798,29.302482008934,29.1119286806687,28.4908500810464,29.7768743252754,29.7356117987633,29.8721368336678,29.8128993034363,29.5851493597031
1986,6,28.2719208261241,28.1495538995746,27.8385836249184,27.5864089227492,27.2662359053089,28.4981025966521,28.6680638910109,28.9881025966521,28.7906187660463,28.5993800206338
1986,7,27.288858105307,26.8487642776398,26.6955549418926,26.5888444962709,26.1657111810313,27.5794619250298,27.7237743973732,27.7115243911743,27.6714243841171,27.5823869085312
1986,8,25.7879206719606,25.3507434867677,25.4155549837483,25.7629477640857,25.3643570807245,27.1341868901253,27.242061882019,27.3344993853569,27.5283994102478,27.2556619048119
1986,9,26.7535758265941,26.7549456173008,27.0031176878133,26.9118927932889,25.971289733832,27.7034187439949,27.6536897327054,27.5002058656754,27.60628328631,27.4478703578826
1986,10,27.5654205887214,27.3105648699261,27.5200688507822,27.413572759732,26.845329258177,28.0246744275093,27.9066743826866,27.9349493694305,28.0932494044304,28.1768744087219
1986,11,27.9778254670816,28.0718273420671,28.0086194486174,28.1508689521907,27.888440275705,27.6158187792378,27.5751477912165,27.7210316516507,27.873328394736,28.177173589891
1986,12,28.2552031848742,28.3718595249312,28.3807805975278,28.4533417587695,28.2156417104933,27.6864118552208,27.9332744002342,28.0411493968964,28.090574388504,28.2377493882179
1987,1,28.0599314026211,28.0646720159621,28.0616660912832,28.0340075233708,28.1592355138726,27.5058118987083,27.7387618803978,27.8844368743896,27.9643869018555,28.1020868945122
1987,2,28.3259514375426,28.3357464989222,28.3875280906414,28.4468209439668,28.3292330964772,27.9519028683366,28.1527579866607,28.2226476840315,28.1943166535476,28.2723718077561
1987,3,28.9396868425867,29.0413386424383,29.1391313009792,29.1490754122319,28.7775514125824,28.68212433815,28.9327868723869,28.8988743257523,28.8072118782997,28.7498369026184
1987,4,29.5763247143503,29.5348995197021,29.7525261670458,29.6578674771174,29.1606444560499,29.2530186585457,29.4316509296048,29.4563735174364,29.6260251297489,29.7431089930381
1987,5,30.133858040623,29.9895231326421,30.1208153002792,30.1074721372646,29.6918743318982,30.4326493096352,30.4752368283272,30.5197618150711,30.5296243214607,30.4471243262291
1987,6,29.1955813906805,28.9282789098502,29.0429563077974,29.0276010253821,28.2283864516938,29.12116065979,29.0784509523453,29.2173928906841,29.4296509675057,29.4729412792575
1987,7,28.0240754666536,27.8397910311109,27.7383847932021,27.7415075146634,27.082690331671,28.1098618721962,28.2420869088173,28.2485118913651,28.4454993629456,28.4113743662834
1987,8,27.632648864518,27.7913833033471,27.6672736903032,27.9522140699884,27.9073083831204,28.174436852932,28.2537993717194,28.3908868813515,28.3897868490219,28.4674619078636
1987,9,27.891303748603,27.7203220009987,27.9263076611317,28.1495505676698,27.6877592490138,28.5974703585717,28.6317284245645,28.5995735882175,28.6999864688996,28.689289700908
1987,10,29.3270509476247,29.2402523131598,29.126422908571,28.9228933738626,28.516770237022,29.1957493567467,29.231811850071,29.2759618496895,29.3039868068695,29.0484368467331
1987,11,29.4013036751981,29.4541775048603,29.4151964734532,29.1750063635357,28.7082251852986,29.4436122057515,29.5266057734336,29.430502528529,29.2980896463702,29.107134812878
1987,12,29.4562629124393,29.5301778884161,29.3578812612428,29.3062900563945,28.8836625350846,29.2354493451118,29.2440993595123,29.2632368707657,29.2929868459702,29.2694368171692
1988,1,28.7725536926933,28.7142404147557,28.7183153165711,28.8903118346048,28.6597562995222,28.5027869057655,28.6224743938446,28.7541119098663,28.8226868915558,28.7943618488312
1988,2,28.9030428181524,28.9072692416963,28.993980856295,29.0452022580133,28.5888511622394,28.5333727162679,28.702132715861,28.8178127009074,28.8797059961955,28.8926793645223
1988,3,29.4279069278551,29.6466064992405,29.9173777633243,29.9041840693225,29.7323951588737,28.8952368450165,29.2682993412018,29.4579118537903,29.6914118218422,29.7959618163109
1988,4,29.8310372110503,30.0685400310932,30.137185667578,30.1661703957749,30.1070960636207,29.6379993020335,29.7151606159825,29.9054186765609,30.0616380014727,30.0577283773115
1988,5,29.3334096411,29.3613236887114,29.3097388843695,29.3607330063115,28.9404681060049,29.5821868395805,29.6251742959023,29.6867492699623,29.7519243073463,29.7589868450165
1988,6,28.4644313748053,28.4197996728431,28.5829205051545,28.5276431448831,27.951433096308,29.0442445398146,28.8407606777068,28.7750057688067,28.8709542034518,28.8075477846207
1988,7,27.7892928978671,27.8434219729333,27.5543396472931,27.4103526706281,27.6225341326661,28.0661493849754,27.9603244042397,28.1105368638039,28.2045618772507,28.2170493626595
1988,8,26.9520238508349,26.8598654554004,26.5233153601487,26.8613037544748,27.0197389688757,27.7904993748665,27.3781619215012,27.5606493973732,27.8071368551254,27.8411993479729
1988,9,27.1499993857963,27.214684443906,27.1317019069494,27.4237862195072,27.4043363072112,27.7444122880505,27.6441800640475,27.7761413377331,27.7596767991589,27.7643993796072
1988,10,28.0061406804168,27.9272315076419,28.1757458845774,28.4357058846432,28.1006244056755,28.4226493787766,28.5052118945122,28.6517118787766,28.749849357605,28.9249493646622
1988,11,29.2501536124552,29.2114125294253,29.0108237112722,29.0090876896284,28.9015226842682,28.9923864426151,29.1067864153462,29.1205025506789,29.1324638563587,29.1732251370338
1988,12,28.7115483024846,28.7168148472196,28.7504854599635,28.856045551922,28.6599645747079,28.6251368761063,28.7455868339539,28.7478118491173,28.7988368844986,28.7032118630409
1989,1,27.8831651625426,27.7771124896549,27.7234195503924,27.5631787440051,27.5225861569246,27.6533119177818,27.7217618751526,27.5650368833542,27.5220494151115,27.7835118842125
1989,2,28.2340773277912,28.2184887245567,28.2734093684346,28.3791147772519,28.1590415362654,27.9014200828815,28.333130403716,28.3861097480511,28.1927993905955,28.1527993958572
1989,3,29.2158824542294,29.2212493589946,29.3148083421919,29.3816025930902,29.0565792255931,28.7461493611336,28.9247243618965,29.0871368217468,29.0478618383408,29.2201243448257
1989,4,29.5284144360086,29.5506752090337,29.6580637894224,29.6018226056413,29.4903936181017,29.0648896715718,29.3931735057216,29.6421025208504,29.5124896289456,29.4978186945761
1989,5,29.8059911339179,29.7571273133868,29.4013361367914,29.0426080745199,28.2916139629152,29.3664368319511,29.4188243460655,29.3776618289947,29.1440993452072,28.9328118228912
1989,6,28.296394904566,28.0504602353144,27.6587628053508,27.386759521249,26.8377413219876,28.0883993727161,28.161586461221,28.2409929361651,28.15522520496,28.1421929119479
1989,7,26.8388581146365,26.6642255783081,26.2474820348952,26.3300537622493,25.9525341060426,27.4755494165421,27.4010618877411,27.4788868689537,27.7219868922234,27.6515368390083
1989,8,26.5821597420651,26.2663833442188,26.2587146825261,26.4168200311453,25.6850341426002,27.4207119107246,27.5004119062424,27.6462118554115,27.6941743421555,27.73983689785
1989,9,27.0990316115456,27.0680792730891,27.2562896940443,27.3435056988688,27.0600710974799,27.5881800423899,27.6547477820612,27.8202187396634,27.8736767922678,27.9130058239352
1989,10,28.0391841453055,27.8345529550598,27.8187493847476,27.5698363469995,26.9810931450791,28.1406618976593,28.1220118498802,28.0638743758202,28.0015369153023,28.0202243995667
1989,11,29.2020049743866,29.0782021055207,28.8924008270318,28.706675413113,28.5020423636214,29.0177928776895,29.0082702710552,29.0493670678908,28.9582831893429,28.6823864623039
1989,12,28.6507058895153,28.5653862924803,28.5343223015467,28.5128118965937,28.394791043467,28.881874396801,28.8631368422508,28.5992993950844,28.5125743937492,28.5665994024277
1990,1,28.4635456074839,28.4257285509791,28.2662667267852,28.3721053652141,28.1785063611137,28.1133868718147,28.0958118867874,28.1340743923187,28.2436868739128,28.223311882019
1990,2,28.787735460044,28.6124131464214,28.5529303678608,28.4395346062473,28.1982560504899,28.4094614594558,28.4192821239603,28.5445235206341,28.3699855883368,28.3634338905071
1990,3,28.8719151512436,28.9562791245324,29.0576382014487,29.2587221238924,29.1201034916772,28.2344493985176,28.5448493862152,28.8077618551254,29.0308493471146,29.1083368444443
1990,4,28.9198170109517,29.0190162629393,29.0291928458812,29.1175168506895,29.0629025633617,28.8207993611982,29.0481541885868,29.1598574139995,29.2027477165961,29.3200509249779
1990,5,29.3485999081446,29.6349546540351,29.5644090341197,29.3356515013653,28.699530624681,29.5554618310928,29.5346118330955,29.435861852169,29.5721118354797,29.5223118376732
1990,6,28.6049502828847,28.2133941445299,28.0676337621545,27.7990596792641,26.9893542327334,28.6325800323486,28.7051864845522,28.671973561933,28.6596122913976,28.7754187430105
1990,7,27.1036814477133,26.8267404465448,26.8328813380665,26.9581515607627,26.9059195386039,27.5424743723869,27.5289993953705,27.45889939785,27.7313368678093,27.8043494081497
1990,8,26.7187222138695,26.3410559523673,26.3758327298694,26.5142928517383,26.1813188526366,27.252549393177,27.3038993883133,27.3317618560791,27.3330868864059,27.5048494195938
1990,9,27.3918927929679,26.9935170333323,27.0160387647622,27.3149362540011,26.8310029737411,27.7841284376575,27.760992933704,28.0628380560106,28.1026574559366,28.0780768043764
1990,10,28.5166162174681,28.1886601022312,28.4301035569774,28.2575672942659,27.8830549352699,28.8889493370056,28.8727743411064,28.7325493383408,28.7427743554115,28.6790243530273
1990,11,29.0175589739357,28.898709020307,28.8666481202649,28.6975028424577,28.5213972454003,28.7168122962213,28.7860251863541,28.8559864659463,28.9403606513239,28.847599366711
1990,12,28.762173269106,28.6867702291125,28.7031938433647,28.8199042651964,28.6176382601261,28.9423743581772,29.0368368434906,28.8926243424416,28.7528868484497,28.7387243700027
1991,1,28.1627439467803,28.1715916707402,28.2462667458587,28.3440890597261,28.3430896434519,27.9600868868828,28.0383119058609,28.1091868925095,28.2246368789673,28.2304743814468
1991,2,28.8304341786626,28.8348105043809,28.7214744648257,28.6269558902266,28.3813978429042,28.0924821630018,28.4196131607582,28.6246200508907,28.4987442200759,28.5264683401174
1991,3,28.9584232776061,28.9477821106002,28.934825764762,29.1375944666241,29.2499645915296,28.4463618946075,28.8290744280815,29.0044868707657,29.1207243394852,29.0964618730545
1991,4,29.9606024192393,29.8091851599205,29.9486015107897,30.2775729394728,29.9894437755735,29.6560380135813,29.6913541560019,29.904644423454,29.945676729756,29.9737283423639
1991,5,30.2059639666391,30.1741361759958,30.1006069117122,30.1651895046234,29.8678986330827,30.1970992827415,30.214749314785,30.2440743207932,30.278699259758,30.3340118360519
1991,6,29.0799993699597,28.8662820221275,28.6340495386431,28.5171522164579,28.2724366341868,29.1852251237439,28.9895993288102,28.7756896726547,28.667496165614,28.5904122924805
1991,7,27.5995510013207,27.4142255783081,27.2385584347778,27.5205157217772,27.3544264800019,28.0524743747711,28.227949411869,28.2033868765831,28.221386859417,28.1419618844986
1991,8,27.1888037168461,27.1823356719244,27.3753812876013,27.4942385295163,27.4790445102586,27.4809743618965,27.6965243935585,27.925474395752,27.9638868713379,27.8806368923187
1991,9,27.4392840718487,27.4827336312805,27.5847306029344,27.7030989632199,27.5050710486682,28.0727477485903,28.3266187335599,28.4751993708457,28.5198961565571,28.5094832611084
1991,10,28.7366162020227,28.5286600731668,28.3265271352397,28.2030428311099,27.8078118728267,28.5808243703842,28.5137743735313,28.6017743778229,28.7147368788719,28.6656243610382
1991,11,29.2874327093823,29.0717812229045,28.8760746508089,28.9556795738188,28.5529563691881,29.1203606316351,29.1779477199431,29.1199219143775,29.1137413024902,28.9274058311216
1991,12,28.4269694789596,28.2623208136786,28.0337840881613,28.105760221896,27.9272215995524,28.589399394989,28.6262868857384,28.5936119103432,28.4581618905067,28.1737369370461
1992,1,27.7048092018003,27.7894190379551,27.737777163585,27.9711407008378,27.7232458856371,27.8948743915558,27.9794243788719,28.0285618948936,28.0919618916512,28.091536886692
1992,2,27.9527095739392,28.00680890159,27.9595363864192,27.9532022973765,27.9158697764079,27.6910260543823,27.8679993591309,28.0005860595703,27.9619327163696,27.9334660746257
1992,3,28.7749857954357,28.8905350878125,28.9980722599559,29.0678254417751,28.9564923908975,28.0882618808746,28.5733118748665,28.8508868670464,28.8669618320465,28.9587493872643
1992,4,29.2692700154651,29.5376798333843,29.8062000513931,29.773197037642,29.613171365526,28.6969799952353,29.0057026007868,29.3809928697155,29.5474057646721,29.7935735345656
1992,5,30.0039803152499,30.0310856075514,29.9715270896753,29.6746052995972,29.3150514099333,29.7129993414879,29.9567118573189,29.8444493412971,29.8892993378639,29.8038617944717
1992,6,29.0016263076333,28.4927490076162,28.3504474291237,28.2124117360376,27.8464151642229,28.779121896067,28.7976251811366,28.7540251848775,28.7458703416394,28.617883241715
1992,7,27.5234097086865,26.9545083159492,26.7439230117533,26.5576352839885,25.9324125945568,27.5867368793488,27.4078993701935,27.5288993692398,27.5329118895531,27.5356743741035
1992,8,27.0579749630845,26.4534815436318,26.2674993839529,26.4245238226393,26.0910758044985,26.9557618641853,27.1842744231224,27.2344494128227,27.3578619003296,27.1952618551254
1992,9,26.6507146816601,26.5679870757822,26.9016302101928,26.871247667417,26.4797664491934,27.4027864886868,27.3826961320446,27.4403735720727,27.5553284552789,27.4484510089505
1992,10,28.1322004639584,27.9465469945045,27.9815792375141,27.9894015918607,27.677221596241,28.2638368844986,28.1777118563652,28.1424618792534,28.1724993872643,28.0472243857384
1992,11,28.5853009110246,28.5066660311182,28.4286732280553,28.5691718867919,28.4440316641203,28.547547792004,28.5808380865282,28.5653026137813,28.5405284118652,28.5467090557468
1992,12,28.2124722055767,28.1171273958115,28.0575514733791,28.0704206124596,27.8950167728795,28.229061870575,28.1914743709564,28.1456618881226,27.9954494166374,27.8350618958473
1993,1,28.0900401524875,27.9545083216258,27.7643570568826,27.8418471890947,27.569791065322,27.6623119044304,27.7128493762016,27.7765244007111,27.8010368847847,27.9186868810654
1993,2,28.1915285919738,28.0374542042148,27.891685189872,28.0365960951867,27.8465510730086,27.8877373320481,27.9582476596175,28.1663994098532,28.1719580262283,28.137185597913
1993,3,28.5208689622257,28.5917553504308,28.8402424222893,28.9558417745259,28.6390445066823,28.0961868882179,28.3881619048119,28.5260993647575,28.5301993775368,28.6685118603706
1993,4,29.2215841702626,29.3912435552125,29.6546230076889,29.520882920831,29.2859670304056,28.8805154886553,29.1515477260467,29.3347735349594,29.1995477221089,29.2375476910991
1993,5,30.074877049612,30.077975494521,30.0297735929489,29.9408688545227,29.3922041886383,29.8232993364334,29.8435618495941,29.8625368213654,29.8101618409157,29.6669618082047
1993,6,28.5205463420124,28.4184632513747,28.2698560222503,28.263828280263,27.4917735814194,28.7205671002788,28.8555735483477,28.9409671365061,28.8165155398461,28.645263878607
1993,7,27.6087357635083,27.5132582812082,27.2382979856597,26.8876760109611,25.923679974344,27.8167369198799,27.7864868879318,27.8954243612289,27.8077243852615,27.599736905098
1993,8,26.5105021440465,26.3161601083619,26.4353466199504,26.5877983077713,25.768714732594,27.0752618765831,27.1008118581772,27.301049387455,27.4272243714333,27.4369118523598
1993,9,27.3335898400691,27.2577412952476,27.3730101670843,27.5370681329329,27.3083864882001,27.7073284026115,28.0191348709599,28.1100510061941,28.1361542166433,28.0023994125858
1993,10,28.4125401222188,28.132916024753,27.9868570334382,28.0987494017767,27.6678639352322,28.1896744036674,28.3525243902206,28.5799618387222,28.5098868823051,28.1055744099617
1993,11,28.5582602422,28.5392927325083,28.5273649222535,28.577124217115,28.4035119497648,28.4847607003489,28.3709541788409,28.368205871582,28.3382445772233,28.1822703724523
1993,12,28.3941705978435,28.3180797469048,28.3088014655643,28.3925401879394,28.1358848181036,28.4606493926048,28.5556993794441,28.3689618754387,28.3300868630409,28.2860494160652
1994,1,28.3841298170712,28.4358178121703,28.5078292522166,28.5055021099422,28.051561868853,28.3306369280815,28.3742868709564,28.3158868765831,28.3472993826866,28.5035118603706
1994,2,27.7543622321453,27.8887021921343,28.110152675731,28.256671073376,28.0609189322168,27.6272821755245,27.7073097334237,27.8206752645558,27.9257649178341,27.8702890382964
1994,3,28.6423771225888,28.5305350678308,28.6765271822612,28.7293064620184,28.3894091149171,28.6677618718147,28.6442868757248,28.6967493891716,28.6694244098663,28.6176993489265
1994,4,29.7774187037186,29.7739931390765,29.8375978880031,29.617797345968,29.3096229730968,29.5947219356414,29.7169799657022,29.8202057672316,29.770012199648,29.6168509329519
1994,5,29.4486134700153,29.322067797184,29.2713708480199,29.2089395548986,28.7927424344752,29.5679368329048,29.5947368192673,29.5911493659019,29.7043868398666,29.7346368408203
1994,6,27.9020190352645,27.6551606754004,27.446881102832,27.2996207259982,26.7786911653361,28.044296148977,27.796928413145,27.8148896986438,28.2900380977508,28.3612767914803
1994,7,27.514537466609,27.2295231932685,26.939530680577,26.8610999480538,26.5712146659692,27.3088493847847,27.4641118955612,27.6341618847847,27.9500618720055,28.0310118532181
1994,8,26.8353662205779,26.7549696536291,26.7381591167715,26.9502167701721,26.5106070372793,27.4210368847847,27.6768369150162,27.7339868712425,27.883749370575,27.9093868947029
1994,9,27.2500133862168,27.1466967645695,27.2039420801252,27.4345155237099,27.2539957860037,27.4068768089048,27.6034187513782,27.817676790299,27.9662445363691,28.0171606691422
1994,10,28.394374386124,28.4365321199099,28.3423084351752,28.2396597343942,27.9460758070151,28.1476369071007,28.1530868649483,28.1250119066238,28.1249119114876,28.3898619031906
1994,11,28.60150007379,28.422687615484,28.3492825450009,28.3000414903167,28.0726875250485,28.27518647963,28.3196638907156,28.0540510017641,28.0814057996196,28.054373575026
1994,12,28.4861678688423,28.4969041744868,28.4595133033064,28.5661135082659,28.3607111970584,28.0099243474007,28.3992118954659,28.5028743743896,28.3294243812561,28.4120993900299
1995,1,28.3775808526122,28.4119636246136,28.515051457617,28.4937357772952,28.1492875615756,27.5552743983269,28.0259493517876,28.0991993880272,28.1488869094849,28.2239993929863
1995,2,28.5661013344417,28.618636502421,28.4923748695987,28.6806890467654,28.6007656630885,27.9586890648151,28.1537924667885,28.2820131709658,28.3786614542994,28.462702828769
1995,3,28.9128390628359,29.1394338664554,29.1626729501618,29.1517385088879,29.1272389392058,28.1093368601799,28.4525618934631,28.6558243751526,28.7699868535995,28.9250493907928
1995,4,29.9415561226608,30.0264048451835,30.1841390773814,30.0796907486454,29.7746767365377,29.6627606004284,29.768063868861,29.9534702990132,29.9951863664196,29.9133283258254
1995,5,29.9245373969493,29.7393594270661,29.9335757427745,29.6018063918404,28.8699820008543,29.455024368763,29.3517368769646,29.3618118357658,29.4548618268967,29.4807868027687
1995,6,28.6955393594579,28.6650070477557,28.2747126480157,27.8643612266423,26.910465322515,29.4783348231162,29.2112896777738,29.0453929064351,28.9117283901092,28.6476122800766
1995,7,28.1130564238714,27.1256839405923,26.8245827390088,27.0216705410377,26.1764577527841,28.0007743954659,27.9966493558884,27.9655744051933,28.0866368842125,27.9279868817329
1995,8,27.3037357848624,27.0535708211717,26.7880896661017,26.6692521105642,26.4015098214149,27.5937243723869,27.6085618805885,27.5935743880272,27.7625743722916,27.6620619106293
1995,9,27.44249588109,27.3291545024116,27.5405191093363,27.5886669961467,27.2577950809164,27.7671348694832,27.8307219745267,27.9167864941012,28.0477155131678,28.0666058423442
1995,10,28.4963172907415,28.6913088645254,28.6397563285298,28.4719830595929,27.7270653380288,28.5379368591309,28.443824403286,28.6499743771553,28.790074365139,28.4644993638992
1995,11,28.7113177418542,28.6639778617707,28.6286911434597,28.4908549534823,28.2801248283796,28.4145154965308,28.5191735396847,28.5385413286763,28.5033542313114,28.3937670996881
1995,12,28.4175537254499,28.423258296081,28.3333848185009,28.496167846348,28.2947737309668,28.3666744041443,28.4373493862152,28.3041619110107,28.3111118936539,28.5459118700027
1996,1,27.9674178621043,28.0225142666272,28.1474125650194,28.2938716489336,27.9115792612235,27.7700993967056,27.8090618634224,27.8214494037628,27.8422493958473,28.0100993895531
1996,2,28.1845646125683,28.3052692383055,28.4075549514205,28.5621732822363,28.2404993798998,27.9253727264404,28.1233860727946,28.246679397583,28.2134927241007,28.4359994049072
1996,3,29.0649721803872,29.1480797387305,29.2298951811261,29.3148634537407,29.0151382850276,28.6066243910789,28.943061876297,29.010436861515,29.100286860466,29.1239118695259
1996,4,29.4820329444104,29.4276491361463,29.3621857140654,29.3774747674629,29.316845203386,29.405109001898,29.4851477050781,29.4583219122118,29.4903347975208,29.4852767378284
1996,5,29.357064521831,29.0960261395999,29.1740618116326,29.0442385077477,28.5637320048279,29.7528992938995,30.0633242869377,29.9610492968559,29.9246993350983,29.7401868104935
1996,6,29.2218506747509,28.9792927303988,28.9251427223178,28.4144874695809,27.8466839226343,28.8514574309318,28.4290832519531,28.3207864625992,28.6661412983556,28.639044521701
1996,7,28.2183010319005,27.9128267168999,27.7186452084117,26.9450537147729,26.2294438315762,27.4900244092941,27.3644243860245,27.2845868682861,27.5729868793488,27.8067744255066
1996,8,26.2299450324929,25.9265767903555,26.1113362080521,26.1992792979531,25.6963015000025,27.0094493532181,27.1598994016647,27.3104493880272,27.5862994241714,27.3548243737221
1996,9,26.7486389154806,26.7898918655794,26.9223649937619,26.8827763994813,26.5792646373899,27.651560661562,27.6962187736265,27.7193929733769,27.6452768141224,27.5878316793134
1996,10,27.7831787156022,27.8155797209058,27.8034716149171,27.8922412421392,27.5717702209949,27.8385243797302,28.0478119039536,27.9901494169235,27.9593244028091,28.0407244324684
1996,11,28.5839263974868,28.4411360569264,28.3714151416628,28.3332812588813,27.9443721258512,28.1519090689382,28.2599477977137,28.4179477863927,28.4613155217325,28.3007477717246
1996,12,28.2368336008943,28.1705648416565,28.1372563507822,28.2586271348207,28.1809021499422,28.3011868739128,28.1671243715286,28.2175368833542,28.2697493672371,28.3505243706703
1997,1,27.9097684129425,27.9682880753563,28.08982575602,28.2494830463244,28.1295132272773,27.8200118684769,28.0711244249344,28.0259743785858,28.2189118862152,27.9775493860245
1997,2,27.7646770591679,27.9031357005703,28.1227963655844,28.0373007361142,28.0170108934015,27.3766063137712,27.7130200695169,27.833668357586,27.910730414555,27.8978476609855
1997,3,29.1826759680458,29.229389210542,29.3353465298812,29.3302167524462,29.0531417296992,28.733161854744,29.1130243182182,29.1400118255615,29.1188618516922,29.1094868278503
1997,4,29.638751087483,29.6153602922384,29.8189957082058,29.9593120376994,29.907705382207,29.6523606257285,29.7914186686854,29.8114057700865,29.9121541669292,30.0896380738289
1997,5,30.0861813607423,30.1501778761546,30.0756763981448,29.990352542504,29.6377250651519,30.1118992877007,29.9409493327141,30.060324306488,30.299736802578,30.1163243317604
1997,6,29.775609378895,29.6801836889827,29.9039061078034,29.7898310036679,29.2843899846504,29.6988122238651,29.7759219384962,29.9860509097192,30.1408767527919,30.320012199648
1997,7,27.9979884754057,27.7701035596076,27.7748952209949,27.8157059135644,27.4312494066026,27.8328743696213,27.8585869264603,27.9382993984222,28.0676618933678,28.3082868719101
1997,8,27.4194423349007,27.2947613057636,27.0656591223346,27.0908961114676,26.7755375802517,27.9741618967056,28.1598119068146,28.1765618896484,28.1568368911743,28.1663743638992
1997,9,28.1660863707811,28.094792010048,27.8678488338293,27.7165210986037,27.3375263077384,28.3871865081787,28.2914961439563,28.3357929598901,28.2088380629017,28.152063913653
1997,10,29.2754205335741,29.3345975109509,29.544183353583,29.125597178936,28.7450688050853,29.390374314785,29.4090493273735,29.3567368626595,29.3182493209839,29.177811832428
1997,11,29.1998591081959,29.0836091927852,29.1925799803922,29.2840386025534,29.0426337710418,29.1556767469837,29.2680896488313,29.1917670883671,29.2456122662944,29.1130831712292
1997,12,29.1293471325999,29.433317791848,29.2359021074242,29.2591433369595,28.9477944937017,28.9435993504524,29.0591243720055,29.12477435112,29.2384493517876,29.1155993556976
1998,1,29.1817520571792,29.2574844473884,29.1514750785298,29.1672684161559,28.9594611525536,28.7974618601799,28.9394993376732,29.0004118704796,29.0476743793488,28.8996243715286
1998,2,29.0481852312674,29.0530535254768,29.1104590938466,29.158515092315,29.2384476241481,28.7076821083858,28.887833828104,28.9888131450785,29.0630889839962,28.9503028132998
1998,3,29.2966161370277,29.3457136494773,29.5123604635398,29.6727710754975,29.7315097086959,29.0175993585587,29.1544993758202,29.3836618757248,29.4660868239403,29.6196368384361
1998,4,30.4712615768839,30.4739010337677,30.6527412749533,30.6136599108681,30.7072573631041,30.1247992952408,30.2479090290685,30.4165025747976,30.5108767454086,30.5765025132702
1998,5,30.9160591260247,30.975356445426,30.8314229117499,30.8315074495647,30.3777423832152,30.6267743086815,30.5541368222237,30.7246868109703,31.0765368318558,30.9936868524551
1998,6,29.9517244470069,29.9454525011476,29.446952761715,28.9075028846174,28.3693900843248,29.4799219045331,29.5929671109107,29.7303090150895,29.8023090510215,29.7111864569879
1998,7,27.7013716801353,27.310847563403,27.2241660224067,26.8210727805677,26.8253639340401,27.7926368904114,27.8742994070053,27.7054993677139,27.94393689394,27.8599369096756
1998,8,27.0445238403652,26.849329775288,27.1946348183685,27.5721054025318,27.1845653487576,27.9265118837357,27.9265119171143,27.9122368955612,27.9029869008064,28.0245118761063
1998,9,27.7930148393543,27.6050685407929,27.9609850504065,28.0851326176027,27.3529384537837,28.1802058410645,27.9653800226027,27.8366058940272,27.902657468242,28.1493800477059
1998,10,28.0447004800257,28.0993297809646,28.0064056184557,27.6122819807218,27.7646174066597,28.0577618956566,28.1255243659019,28.1488244175911,28.0541369390488,28.0692619037628
1998,11,28.5722574579097,28.5533020236342,28.4103040421735,28.177488886123,28.1067019055821,28.449031647713,28.4099219562161,28.309263898788,28.4179219252063,28.3981026335685
1998,12,28.8780020760453,28.6887493729591,28.6975340611405,28.6969287214072,28.2785410616133,28.510911924839,28.4557368636131,28.4393368673325,28.5485243606567,28.2294618725777
1999,1,28.1647412232731,28.1606095234553,28.3094438181983,28.3682059231012,28.2433848116133,27.8562744164467,27.873299369812,27.8592118597031,27.9379993987083,28.0083118724823
1999,2,28.7855615916102,28.7247284198629,28.742374807482,28.7091897709974,28.3218767487683,28.1644683522192,28.3729096827014,28.3349097021695,28.2697097015381,28.3583166240824
1999,3,29.2725265181583,29.3652969655536,29.4088187416395,29.423980249011,29.2936972942617,28.8495493769646,28.9522243332863,29.0447368621826,29.0143118929863,29.2068868374825
1999,4,28.9499713234279,28.9402758866411,29.067508318091,29.0586248801768,28.5510746398707,28.9411993531258,29.1633154444541,29.0616638823478,29.0924122447352,29.2959606244487
1999,5,28.4124586323033,28.5705797360057,28.3857979973157,28.3175945204237,27.8862841162417,29.0838743519783,28.9156243753433,28.5137493991852,28.5588368487358,28.6631743621826
1999,6,28.7006585735091,28.2895232287054,28.1308417337342,27.8868437120991,27.0885836112456,28.7533025606217,28.7043735676427,28.5042574630245,28.544476776123,28.4043090869534
1999,7,27.644401565842,27.2144339425223,27.1157980395688,27.0576624377914,26.6783674293094,27.9941368818283,28.1596368837357,28.2213869166374,28.2620494055748,28.1073868823051
1999,8,26.8108689836834,26.5350886356263,26.6299819846948,26.7663444824841,26.8087494075298,27.4456869101524,27.433599383831,27.3984993720055,27.6453244304657,27.6725243997574
1999,9,27.2331270241971,27.1517044278334,27.2025082735178,27.7691578564102,27.5036911605507,28.2504252033849,28.3469284328338,28.4194703526651,28.4789412935319,28.8475477772374
1999,10,27.8767249273217,27.5481838725862,27.5484021471606,27.3744287257609,27.0576035744614,28.0811493659019,28.3289243865013,28.0523744106293,27.8497618603706,27.8569243812561
1999,11,28.5641088124579,28.1743004355013,28.243045957285,28.2530989359338,27.9373111998309,28.5935735419489,28.6135864553144,28.6228251844837,28.673367095455,28.4041026207709
1999,12,28.8263444589532,28.6260708144733,28.5624125599861,28.5799314509267,28.2531938685311,28.7720618796349,28.8598243451118,28.8158368754387,28.8031243515015,28.5636493802071
2000,1,28.4466297937476,28.3961154392787,28.3689056005743,28.328301022882,27.8338362177213,28.2274368929863,28.3344368886948,28.423761882782,28.3000993919373,28.1450243854523
2000,2,27.8153326946756,27.8948723929269,28.0054808722602,28.1322892341061,28.2786660406325,27.6641594161987,27.8261194152832,27.9771060536702,27.8628660303752,27.7812927271525
2000,3,28.4301896302596,28.3377374637695,28.4817007448938,28.6695510226747,28.87635354201,28.060399415493,28.1847994160652,28.3724869060516,28.5196618652344,28.5741369056702
2000,4,29.0518647363778,29.2119808988088,29.3088164961894,29.2575028139946,28.9852860905364,29.0726445081157,29.097638064969,29.1616509714434,29.1542315919938,29.1565799983855
2000,5,29.4565754377324,29.6698207628159,29.7399819857544,29.4233009711556,28.8033153381613,29.5276868200302,29.625149333477,29.6778243041039,29.7179618477821,29.7366743350029
2000,6,28.2124958626853,28.0011975307435,27.9106266267838,27.554375310098,26.814264618795,28.2873025906471,28.4843864637806,28.5424767672631,28.5298703076763,28.568373543524
2000,7,27.2601895772892,26.7251630567369,26.4736278553804,26.7705428392991,26.7094264825185,27.8580619049072,27.9724494218826,28.0332868766785,28.1004243731499,27.9714993906021
2000,8,27.1594559550285,26.7583029497237,26.7291487091117,27.2742928681166,26.7362146245109,27.7934869122505,27.8927743935585,28.0078618478775,28.0307993841171,28.0842368626595
2000,9,27.1633093621253,27.0586476362612,27.3923829157293,27.7115000875936,27.6052861367503,27.8569542300317,28.0137284014302,28.1384896875197,28.2684251797584,28.2353413243448
2000,10,28.484564597192,28.4873505632083,28.4816834065649,28.4673363670059,28.0944438179334,28.550824379921,28.491424407959,28.5693993663788,28.5384868907928,28.5352493548393
2000,11,29.2045856170868,29.061320388372,29.13171974647,29.0577973878066,28.7218094077162,29.1016767957134,29.1123993535196,29.1561412983556,29.3453670870873,29.0575089854579
2000,12,28.3369966823122,28.3157434406735,28.3289750781324,28.3508282070575,28.3200514647696,28.5122744250298,28.6206494045258,28.5131493759155,28.4327118682861,28.5853993582726
2001,1,28.0439260161441,28.0667404589199,28.2943570282724,28.304265693478,27.9931243591838,27.6994743847847,27.9575743818283,28.158399412632,28.2974743938446,28.22419942379
2001,2,28.2556965183104,28.345089697877,28.4255740980536,28.3736725654202,28.1172408071058,27.9478062859897,27.9478614675588,28.0644545719541,28.1063855901258,28.1212132079026
2001,3,28.7679884977963,28.8962493936221,29.0868049131499,29.0890754357628,28.9199299017588,28.8124243783951,29.0756243658066,29.1353618693352,29.0318368434906,29.0076118588448
2001,4,29.4029165885893,29.4084632510231,29.6585656408768,29.6660722596114,29.4409133234332,29.3253025817871,29.1894186967419,29.5875606020035,29.6341541487171,29.6133541599397
2001,5,30.2108824382658,30.2437493233454,30.329964607954,30.2294694366662,29.4130722350544,30.1986993265152,30.2689993262291,30.2601368308067,30.3001993489265,30.1914368247986
2001,6,27.9712335979788,28.1410285434049,28.5405369967115,28.2493682422611,27.7527234614109,28.5864897081929,28.6552767649005,28.7019219527706,29.0687735157628,29.3092251316194
2001,7,26.4741298193517,26.5184815469242,26.7576556371318,26.9174042914225,26.2997390164269,27.7470743894577,27.6625493979454,27.9088244271278,28.1895618867874,28.0591743969917
2001,8,25.9583146131557,26.1766660497302,26.3840445015166,26.671792872574,26.3294438785977,27.3078493928909,27.4052743959427,27.4763744235039,27.6924743652344,27.784749379158
2001,9,27.143631931107,27.3202605796849,27.6366302223616,27.5588493293666,27.1527413569898,28.3070703198833,28.2884251723751,28.3490703459709,28.2479993955551,28.349741301998
2001,10,28.5374586089798,28.4316213613465,28.4095827043056,28.2811271366866,27.421926461988,28.4553118467331,28.5597743606567,28.6663243818283,28.5606118750572,28.1125244021416
2001,11,29.2571802580674,29.0019501423872,28.9306445070492,28.8337160781925,28.3945871988932,29.3674831931822,29.3856638336182,29.144618675478,28.8856380364203,28.7396380689067
2001,12,29.0056243668432,28.8969190319379,28.7623778482278,28.6849314466767,28.2783153818713,29.1971493124962,29.2585618638992,29.1146118569374,28.9152868533134,28.7974993562698
2002,1,28.0944966725681,28.0858773674284,28.0878813101186,28.0153526171394,27.957638260391,27.8496618652344,27.9211618661881,28.0718243694305,28.1771368694305,28.2522118902206
2002,2,28.6158914294379,28.5453196151307,28.6729112347424,28.8551267826932,28.7365702376969,27.8785235148463,28.2582200464709,28.4580959662076,28.4847166705954,28.6955166362894
2002,3,29.1919286847115,29.1578118488902,29.2428466114733,29.3842384841131,29.3116833799415,28.7893243527412,29.1103243732452,29.255624320507,29.3102618741989,29.4026743173599
2002,4,29.550532291514,29.5777565916562,29.6902681473763,29.9898309908274,30.1210029014123,29.5016896500126,29.6255347836402,29.7299735136955,29.7726186567737,29.9866057512837
2002,5,30.0722819307576,30.1993891994158,30.0482805801762,29.9321867979091,29.4825687375334,29.8224493408203,29.8586118459702,29.9993493056297,29.9892368268967,29.8956118083
2002,6,28.6148520813416,28.7011053521879,28.5779742818579,28.3300694683658,27.9237986226236,28.7348122479839,28.9424251482564,28.9857541877993,28.9170445276076,29.0194316224129
2002,7,27.186969510887,27.5194338900702,27.4915444983376,27.1231107867282,27.0331765049034,28.5579993677139,28.4952869057655,28.4706618881226,28.4847368764877,28.331161878109
2002,8,25.9794015625249,26.217335712342,26.4895827141073,26.6106651891833,26.2105202277501,27.5135743761063,27.575874414444,27.6504618906975,27.7989368796349,27.5137368941307
2002,9,27.4854692081917,27.4947613190213,27.8886732354386,28.2576150987794,27.6515226945228,28.5265542036487,28.6688897065193,28.7997670770461,29.0212767644082,29.0748896814162
2002,10,28.4145917814711,28.5541511802446,28.8587841292222,28.7025808925214,28.1606938474708,28.8503743433952,28.8183993530273,28.8125118660927,28.8423618960381,29.1076868653297
2002,11,29.2744453264319,29.3683710230111,29.1894079502338,28.9709671309419,28.7142287257752,29.3131348345357,29.1965413075109,29.1740380662487,29.2161025508758,29.0058832107052
2002,12,29.078681398993,29.1149547355516,28.9884716173013,29.032105318878,28.5369438230991,29.4667742872238,29.5377868247032,29.389761865139,29.1460493445396,28.8990868544579
2003,1,28.5401760158332,28.5193446505637,28.5814924140771,28.5288580707882,28.1905028786924,28.7009993767738,28.9179493284225,28.944499361515,28.8875493478775,28.6444368672371
2003,2,28.8014536061208,28.6820683346202,28.7572215800084,28.878679990411,28.5900377003169,28.565240760014,28.7682338293667,28.7825786906275,28.6523855932828,28.6152269744873
2003,3,29.574768361838,29.5705201796123,29.5855375395881,29.6453525683154,29.6398430996471,29.2461118602753,29.4018368244171,29.5857243323326,29.5791742753983,29.4920368528366
2003,4,30.2307426698746,30.1182481674921,30.3640135966749,30.3307566515694,30.2263434454532,29.8526831916071,30.086296108615,30.2619348095309,30.3979476756434,30.4122316003615
2003,5,29.9984504010366,30.0159814414524,30.1124472220739,29.7874721521917,29.2329681052102,30.3870118045807,30.4545368146896,30.3611243391037,30.2384868192673,30.4871618056297
2003,6,28.2533373625382,29.1304140808762,29.0107699944554,28.6831830895465,28.4560030045048,30.1869541783487,29.712618688768,29.4793284090104,29.6502960721908,29.6949283402966
2003,7,26.9394015592078,27.6778416974204,27.7132285601563,27.4837086122969,27.4324473208851,28.4174868798256,28.2602494001389,28.1347618722916,28.4310493803024,28.4757618641853
2003,8,26.5145238689754,27.2750142670813,27.2974472741286,27.2415754898735,27.2083500822385,27.9342868804932,28.1545994091034,28.1679243969917,28.1094868731499,28.1784619069099
2003,9,27.4236319543269,27.6778335366198,27.851325523896,27.9101396322585,27.1246947285095,28.5015219460764,28.6390187121976,28.7628767911849,28.8127348598357,28.589792901316
2003,10,28.2849450500115,28.3243892959186,28.3726556466685,28.409727656323,27.96479112241,28.7640493679047,28.7722368836403,28.7397493767738,28.7383243560791,28.8160493683815
2003,11,29.124964252595,29.0524417302942,28.9971857241832,28.9436038366374,28.514963543116,29.3741412304294,29.3613541609241,29.2265283547678,29.1162703409503,28.8029800144319
2003,12,28.4029477445976,28.3662345125562,28.3792701893383,28.3424994038499,28.2306938502524,28.935811855793,28.7463493680954,28.4954118800163,28.4214118671417,28.3582494020462
2004,1,27.9828798252603,28.0598505905696,28.2038014696704,28.3298091473787,28.2592181033558,28.1680743432045,28.3529618453979,28.400636882782,28.5132493948936,28.6143118667603
2004,2,28.2794631902722,28.4443168791514,28.6501105096605,28.8304196758547,28.7995178293299,28.2267860870361,28.4171593755086,28.5680260569255,28.6992926508586,28.7416260579427
2004,3,29.2878118442452,29.3385112115315,29.4002597431342,29.395162400992,29.380415989293,29.0259618520737,29.270086812973,29.4211868190765,29.3753618454933,29.3853868103027
2004,4,29.8191998683721,29.6645768659272,29.7438344647807,29.9754972069996,29.7820423153566,29.860283176053,29.9586573988392,29.9857025491038,29.9662573537519,30.00601223115
2004,5,28.9976488066756,28.7663832533927,28.6381416718165,28.5662357470264,28.1050167282422,29.1842993211746,29.0126868724823,28.9933618545532,29.1263368415833,28.918674352169
2004,6,27.7560021666624,27.6460669703564,27.4739778614386,27.6368296785074,27.3741033273786,27.7568896902761,27.9123735932381,28.0587865005001,27.9823865041425,28.3045155088363
2004,7,27.7351896037226,26.783109503133,26.3085236913628,26.6048770780149,26.6050688558155,27.7364368772507,27.7622494339943,27.8009869217873,27.9405119204521,27.8602368712425
2004,8,26.7914939444998,26.4382732113202,26.3855375746886,26.7377982891124,26.8344958954387,27.7196493887901,27.8006744098663,27.7095369052887,27.9724368906021,28.1850368952751
2004,9,27.2965772208793,27.1071268746747,27.1895692852663,27.4027483566948,27.6243184031551,28.1446574204968,28.4208122942525,28.301844588249,28.2103090840001,28.0259993522398
2004,10,28.7837357417397,28.7638981427465,28.7881417208248,28.6839396046556,28.1794264382786,28.6473368644714,28.6936993670464,28.8038868641853,28.8216618585587,28.5750994038582
2004,11,29.1408268097908,29.1501990697717,29.0516301944692,29.0775589641983,28.5750531056449,28.9406058157644,28.8727993799025,28.9258703785558,28.8758832279328,28.7328122981902
2004,12,28.5378798453704,28.6237940447671,28.5212667451964,28.5552032227102,28.170815391673,28.5117119050026,28.6577868700027,28.5158243966103,28.5580993914604,28.5323618721962
2005,1,28.406072779842,28.3346422201111,28.3972736961312,28.5181923534559,28.4120653602812,28.2121118974686,28.3778243708611,28.3275869059563,28.4212868976593,28.5662243843079
2005,2,28.7920683070101,28.9722817958086,29.000554899603,29.0200443696761,28.9627004930343,28.1004269698571,28.5180821648959,28.6402062672582,28.6073787320893,28.7327303761449
2005,3,28.7957874095958,29.0967255461784,29.2438014249007,29.2649586122969,29.2884368333552,28.4703868532181,28.8332118630409,28.9720118260384,29.0257243537903,29.2443618321419
2005,4,29.689592588834,29.8285861476775,29.9453935554805,30.0058057445296,29.7734760400642,29.8959735230477,29.9470960973924,29.8900122414866,29.886334782262,29.9762573660574
2005,5,30.141643340173,29.7685410153298,29.7840618623628,30.0169830270436,29.6303639345699,30.4665117907524,30.4878743290901,30.5618117952347,30.57533680439,30.4070743584633
2005,6,29.398330362114,29.266113023421,28.6704474144939,28.2883303750615,27.8389420184611,29.6068509526407,29.302399314142,29.1631477085237,29.3560380455755,29.1494444964009
2005,7,27.3912222074426,26.7550142662866,26.6322910057174,26.4543336163396,26.2253118919002,27.7616744399071,27.7582494282722,27.9201118803024,28.0164993667603,27.8310244035721
2005,8,26.5924314312313,26.7204012019294,26.7376035352548,27.1105971958326,27.1806069778072,27.679499399662,28.0297993779182,28.2981119012833,28.3948743987083,28.4298618745804
2005,9,26.8150204502015,27.1375262616417,26.968189403575,27.0919068270947,26.8120424140739,27.8753155148414,27.8732638869747,28.0101800438666,28.003689695789,27.9462445634411
2005,10,27.8334640730982,28.0647761424383,28.0974299344752,28.1583010450653,27.8567354811562,28.6056743454933,28.6296743988991,28.6081243944168,28.7076743531227,28.6675118732452
2005,11,28.5298170889578,28.166205193773,28.1414689026426,28.2185407641225,28.104121245791,28.6697800199447,28.3761929222845,28.416567112092,28.5600896798411,28.5833671176049
2005,12,28.687404267166,28.5885261524291,28.5268743634224,28.4268743810446,28.1974472867118,28.289661898613,28.4233743834496,28.5733368682861,28.5923118686676,28.4707993817329
2006,1,28.6299586140591,28.4611601091567,28.5433848367797,28.4859640624212,28.1827771630552,28.4968118906021,28.5646868753433,28.4674368643761,28.3685243868828,28.1424993777275
2006,2,28.6690248721007,28.7163704870565,28.7319342660721,28.717030824035,28.624865309032,28.7464820914433,28.8028821616337,28.7327166195573,28.7875028123527,28.6929097326871
2006,3,29.0315618229949,29.0151332843871,28.83581529061,28.8438444578129,28.7106417119503,28.823399374485,28.9667118954658,28.9992868518829,28.9835118532181,28.8701618742943
2006,4,29.0846557376428,28.9217044373262,28.8835298510863,29.0428885236529,28.8885298322179,29.2555735163535,29.4376509488013,29.3472509765625,29.3641799557594,29.3629154722152
2006,5,29.2952982446422,29.237707671665,28.8741313285298,28.9449585728023,28.6525861918926,29.53758685112,29.5498243498802,29.5216493272781,29.6733367943764,29.7365367841721
2006,6,28.6862967117973,28.6222881838656,28.3900710348587,28.4291297489931,27.839300490622,28.8322316372779,28.7367219297348,28.6330445615707,28.8423090731713,28.8330058313185
2006,7,27.8496869206429,27.4894190657706,27.1955549352699,27.3391841442689,26.6514056258731,27.9401243877411,28.0129119038582,28.1862494039536,28.3176618981361,28.2586994290352
2006,8,27.8067249552063,27.6126035338356,27.3458674086465,27.3149178520493,27.4243744148148,28.1852993702888,28.3552743434906,28.5029493927956,28.6469994068146,28.7054743409157
2006,9,27.4125099048374,27.68877051686,28.1284581529624,27.8509951935242,27.7884402804905,27.9729284471081,27.9640252168717,27.8685026378016,28.0813671333559,28.0889542290472
2006,10,28.511303746182,28.6062196549915,28.5281764732467,28.7040211351021,28.3282285663817,28.7327368664742,28.6475743532181,28.5792243814468,28.6792243742943,28.6411993861198
2006,11,29.0209671036558,29.0042697332239,28.8355907898223,28.7815000633036,28.7792646004735,28.8148767852783,28.5860897211875,28.6634058134017,28.7325800249653,28.7350445236698
2006,12,28.8283553149389,28.9999100253696,28.9097563094563,29.0098227521648,28.530867414342,28.9283868789673,29.0348118662834,29.0684618878365,28.9989118337631,28.9337868452072
2007,1,28.406167877757,28.3509220055171,28.3062494330936,28.2169966879098,27.9720306727621,28.3387368965149,28.4513243746757,28.4693118810654,28.4702119231224,28.2200369215012
2007,2,28.4008240049211,28.3842030010004,28.3565894196317,28.3981402624493,28.2136775561219,28.4347442153405,28.4667304440202,28.4652821586872,28.4150890797582,28.2245097298458
2007,3,29.1605700021205,29.1880053366934,29.1617875297864,29.1443607703499,29.0100861854023,28.9419368433952,29.1203993535042,29.1484618449211,29.0639868450165,29.0904118514061
2007,4,30.1418506600914,30.1523341575892,30.0947842239052,30.1058338213435,29.8609849697373,29.6402832055861,29.9654186814831,30.0885412277714,30.1157283610682,30.0985025492022
2007,5,30.2683960691742,30.1675290351822,30.2269784741931,30.1158416996831,29.4536451763577,30.1840742754936,30.3400493478775,30.1939118146896,30.1701117730141,30.0842742681503
2007,6,28.8413317601443,29.125145289572,28.6537269195775,28.5612896816259,27.8812180283249,28.9310445108721,29.1077670484974,29.3402057573872,29.3670444833079,29.3524380443942
2007,7,27.3267521262169,27.6909964453606,27.8107632597287,27.4933010417482,26.256475167142,27.7522118878365,27.8453118467331,28.1358619451523,28.1625744080544,28.2719994068146
2007,8,26.433464055476,26.8104160399664,27.1915965841876,27.4469830808432,26.7468396822612,27.6667743873596,27.8660119104385,28.0380994033813,28.1530618953705,28.2331493520737
2007,9,27.6045014995345,27.7179103183307,27.6399455976315,27.6691999288294,27.3848560497325,27.8115348446754,27.8100768230807,27.9292639233989,27.9434058478571,27.9612509967435
2007,10,28.4432330831237,28.2545529547192,28.3869437641568,28.054781988911,27.7873257696629,28.3292119288445,28.277386879921,28.3290368962288,28.3698993730545,28.3723118519783
2007,11,28.6567735952883,28.6464970877277,28.6833327098559,28.6526361548382,28.4522753513842,28.4480380692021,28.4843864736249,28.659754200597,28.6271219659621,28.6710961717175
2007,12,28.7435591635497,28.707142219657,28.6212319731712,28.5954613245052,28.3139577408632,28.503836889267,28.6735744166374,28.645449411869,28.6761744499207,28.5472743988037
2008,1,28.2655972397846,28.230996401537,28.3478639788098,28.5058146378268,28.3120653761758,28.1100993847847,28.2949494051933,28.445386903286,28.3058869028091,28.1649868893623
2008,2,27.9267529750216,28.2296977784899,28.4253697289361,28.3960573583409,28.5119253052606,27.5783860244751,27.8517593841553,28.0881193822225,28.1401594161987,28.2421327794393
2008,3,29.0448906758557,29.0447166391781,29.0944091048506,29.0846596930338,28.8377944694625,28.5083368873596,28.7796493816376,28.8073493671417,28.7864369034767,28.8163243913651
2008,4,29.4544312475774,29.4550376956547,29.5602323026213,29.5241788219436,29.4588344430411,29.0512767791748,29.3645412420457,29.3905154517389,29.3751864205637,29.4403348147485
2008,5,30.0446188864501,29.6454457498732,29.5319958461656,29.3622276290603,28.663940380017,30.0957868409157,29.9844617962837,29.9197743368149,29.909736802578,29.7742368173599
2008,6,29.437362606696,29.4249455412412,29.126773533428,28.8622153791773,28.0950352316689,28.8172251842868,28.9703219112273,29.2264767357611,29.1570186467325,29.1422574270925
2008,7,28.0392249252485,27.4818297681354,27.7066139810615,27.5001760539801,26.1548257768154,28.2372244024277,28.288586909771,28.2732994103432,28.4139743757248,28.3382493638992
2008,8,26.7710184040277,26.515103601274,27.0391313566102,27.1903526316518,26.6647216512097,27.7465243959427,27.8239494204521,27.8289743733406,27.9991744089127,28.0318493843079
2008,9,28.0102097750713,28.0568042848883,28.1056266018994,28.1931971139359,27.5617377578571,28.0848122824392,28.078580046623,28.0812768259356,28.0876123268374,28.2947090468868
2008,10,29.3717927829079,29.1869934229624,29.146926432848,29.0894830408304,29.008766753806,29.1572743463516,28.981074385643,28.994424328804,29.1974618864059,29.2659743285179
2008,11,29.277292513747,29.2931483191096,29.1934581332737,28.9948801519493,28.7906266147518,28.9922057317918,28.9346831955448,29.0221799838158,29.0662316402312,29.1501284125543
2008,12,28.8661542405253,28.6654457904044,28.6393743985229,28.5999042469522,28.2639229794343,28.9526743459702,28.9420868372917,28.9800618433952,29.0050743508339,28.9517243552208
2009,1,28.4233417847882,28.35903214273,28.3049820297294,28.2829885379128,28.077030632231,28.6684243988991,28.7967493581772,28.6934993815422,28.5414619159698,28.2505869150162
2009,2,28.5350219005945,28.4543671788057,28.4215511307406,28.457675539214,28.0020875492315,28.4741096943822,28.5751442034491,28.5185373529895,28.5598614423028,28.5827718063881
2009,3,29.3679477028225,29.4343892165593,29.4639402627945,29.5608688800231,29.3267528315385,28.9556493759155,29.2173993468285,29.3221743416786,29.4469743418694,29.3614493298531
2009,4,30.0238702862326,30.0005522667904,30.0233147426318,30.0966192141154,29.9392824309701,29.6233025384718,29.7574831981044,29.8680509235013,29.9252251458937,29.8877670927971
2009,5,29.9781786747601,29.7650439795994,29.6024993624952,29.399224890315,28.7473257746961,29.7690743303299,29.7425992703438,29.8270618128777,29.8626118087769,29.7857243561745
2009,6,29.1198310397283,28.5754986014417,28.536020904459,28.3543752426854,27.1109492257504,29.4169412452944,29.3292767604705,29.1867219395791,29.1222574172481,28.9657671134703
2009,7,27.4896053827327,27.2992107272148,27.2328639758958,27.199904250062,25.9426730076472,28.1077869057655,28.0298368811607,27.9078743553162,28.0071868944168,28.0908868980408
2009,8,27.561657016692,26.8299696360316,26.4496348169115,26.753966772038,26.3304507997301,27.8000118708611,27.7550118947029,27.858811891079,27.9780743980408,27.9876618909836
2009,9,27.0507147255318,26.9431176925401,27.0980280872741,27.4145295783815,26.378099745747,28.0248510126914,28.0059348740116,28.0111993826589,28.1141284524241,28.138360669536
2009,10,28.2927167571109,28.0691214203835,28.1501903401481,28.3488988124806,27.8788014484776,28.9635118508339,28.9913243174553,29.0078868174553,29.0855368185043,29.1008493590355
2009,11,29.1350343712249,29.0937013699345,29.0351785331644,29.2068716961405,28.6734402222445,28.80267034223,29.0205025556011,29.1317025879891,29.1311348478256,29.0096251260081
2009,12,29.2494422352832,29.1616362503597,29.0557979444663,29.1004885020463,28.7512146466308,28.9507118725777,29.1971493315697,29.2570368123055,29.283136844635,29.2302993392944
2010,1,28.9927847333576,28.8209666467848,28.7258501019743,28.9043064350667,28.4344611830182,28.8460243558884,29.1366868138313,29.1480993032455,28.9508743476868,28.7689618659019
2010,2,29.0898494348712,29.0691783385128,29.0825664111024,29.1981852444216,28.9283901521529,28.9102614514581,29.033102782677,29.0953096876473,28.9737510891618,28.7959855625547
2010,3,29.7078933327094,29.7993594464802,29.8072389099333,29.8331922266794,29.7734889123175,29.4086368346214,29.6377493262291,29.8209242963791,29.8779243469238,29.8713118314743
2010,4,30.3373485875498,30.3791851946103,30.3200889607911,30.4506023936653,30.4276516446076,30.170038026379,30.3169412379111,30.5492896443029,30.6292767457039,30.59345736842
2010,5,30.743368866651,30.651442751998,30.6082284682327,30.6617655987325,29.9902423818906,30.6612243056297,30.740674328804,30.8042993068695,30.7695492959023,30.5556243038177
2010,6,29.7040806859941,29.3228103883805,29.2933685172843,28.8904481756737,28.0467557189285,30.0612509549049,29.786038006198,29.3930573592647,29.2287477161038,29.1798574115384
2010,7,28.0933146217595,27.7287047505379,27.5383674171236,27.2006923478583,26.1890098154545,28.5632743906975,27.954624402523,28.1580744099617,28.5815494060516,28.4074368834496
2010,8,26.4215890998426,26.1992851155145,26.2294612295098,26.2491298499315,25.9611626201206,28.049636862278,27.9957368779182,27.954961848259,27.9425368523598,27.9129994416237
2010,9,27.5275169335107,27.5603680617981,27.5881535690745,27.7855674641998,26.957830917878,28.4336896761002,28.3416510157431,28.2826961566556,28.1428510087536,28.2264122698384
2010,10,28.5538444726363,28.635728589126,28.412811908457,28.2074858079786,27.7283153600163,28.6507243657112,28.5601744151115,28.5630493831635,28.3896743988991,28.1558368730545
2010,11,28.8379376693661,28.7076798628003,28.5594617884646,28.5481620296355,28.3937449506534,29.0597412847704,28.9295477147256,28.815044528592,28.5563348511727,28.4216767809468
2010,12,28.5914124302242,28.5339130901155,28.4705202314589,28.496045589447,28.2955375545555,28.4706243753433,28.4705243253708,28.4251493787765,28.3752868747711,28.3019743776321
2011,1,28.12084177266,28.1061005563963,28.1724993752109,28.2382194633069,28.0737840798166,27.6860619163513,27.8224369049072,27.8888244080544,27.952599363327,28.0571618914604
2011,2,28.2612887472585,28.3531520793395,28.3579495638266,28.5251418289573,28.4507465179853,28.1009649368812,28.3002338751431,28.329144202923,28.3388683845257,28.4601235225283
2011,3,28.7302710932234,28.8219041143145,28.8803813258807,28.9896053101705,28.92307225532,28.726349375248,28.9192118477821,28.9865243625641,28.9337743806839,28.8144368767738
2011,4,29.4008829001792,29.540752027075,29.6157161616937,29.5615560710848,29.5850172760666,29.3210186742967,29.4694573630056,29.5654961075321,29.6712380267728,29.7183735262963
2011,5,29.8588444046352,29.7022909692356,29.8488361007637,29.7672547775766,28.9277771479554,29.952924323082,30.1468618488312,30.1280368351936,29.9657493042946,29.2870993208885
2011,6,29.0864509486216,28.6271422367125,28.6006804230393,28.4212335958387,27.2069528162693,29.0765025698754,29.2457541951826,29.2815090228665,29.252838041244,28.8624638809696
2011,7,27.7834232812342,27.3652374630883,27.1065792209572,26.6804205827091,26.0575167470508,28.1669743847847,28.0189493584633,28.0642243933678,28.3011368632317,27.9862244057655
2011,8,27.2521325064742,27.0319636662801,26.7922042475806,26.608586360579,26.6358847982354,27.7773618721962,27.775524392128,27.7030118989944,27.666461853981,27.4072493600845
2011,9,27.4189474525826,27.5423496117423,27.6026338078215,27.6480639245032,27.2888883125825,27.826915460402,27.9102187716576,27.8679607022193,27.7194832906415,27.8201413086922
2011,10,29.0136406473491,28.6723802997952,29.0068917241361,29.2462221695029,29.1257458991475,29.2901118373871,29.1570993304253,29.1486493372917,29.471286842823,28.9423868298531
2011,11,29.460672506945,29.3572803796162,29.3058595247166,29.3729165707196,29.1247663839744,29.1720767507245,29.0721412954023,29.0757542025658,29.2570703001945,29.0607864232217
2011,12,28.9195917507877,28.7985112837383,28.7474472588963,28.7467927932739,28.570433444447,28.7717618966103,28.9568868374825,28.9388117694855,28.9374618315697,28.7438243460655
2012,1,28.2203119008437,28.2486303164845,28.3330896861023,28.3197412594505,28.2181243863371,28.0453744006157,28.1737869262695,28.0835743761063,28.1167618632317,28.2904993605614
2012,2,28.3530428983163,28.471253385998,28.5519623261911,28.6371442933013,28.4683141990944,27.9108394088745,28.1855193837484,28.4005860417684,28.4646260604858,28.4605860188802
2012,3,28.5420646045519,28.7537195909591,28.863471587499,28.8776623839917,28.7933327092065,28.1736743593216,28.4380618262291,28.5680744028091,28.6787618541718,28.8134118843079
2012,4,29.5083163209249,29.7340085253737,29.6706265582833,29.7058057851912,29.3037090609151,29.0888509590395,29.1400896921465,29.5400767147926,29.6112896457795,29.6895864006781
2012,5,29.1574585904246,28.954032151472,28.7646174463961,28.6867928686349,28.3506070507897,29.3459492897987,29.1851368188858,29.4647742509842,29.4860117816925,29.4220992851257
2012,6,28.3849082374305,28.1799686947543,27.9763972374701,27.8124257498336,27.6165765058182,28.7629412792575,27.7971477508545,29.4047864434027,29.1681670871858,28.9180638959331
2012,7,27.6606379980626,27.2271720227741,27.1933848063151,27.3023363610973,27.0568917426798,28.1152868914604,27.7014994335175,28.2699869322777,28.3373994278908,28.3748993754387
2012,8,27.6267521018567,27.4646720261801,27.6233500937621,27.5986270904541,27.4636452131801,28.1096119046211,28.0293494272232,27.9625744128227,28.1506743621826,28.3970369148254
2012,9,28.0178535081561,27.9249302590131,27.8103757844604,28.0731831158696,28.0921140998922,28.1673155138569,28.1074961360808,28.176850987096,28.2971993600169,28.4319606559507
2012,10,29.344972162143,29.4318445807412,29.398297942347,29.2722955242447,28.7918917503622,29.1132993578911,29.0297743439674,29.1244868397713,29.2641868185997,29.2165868377686
2012,11,29.0930428498256,29.2668042541832,29.3609491095321,29.4132812173637,29.1011283389129,28.9811735731556,28.9821284164921,29.0725412971743,29.1154573994298,29.2519864309988
2012,12,29.3307330167812,29.1077969670296,28.9411799179183,29.1088037024374,28.5064056449466,28.9250618433952,29.0558368182182,29.0759243345261,29.0506868720055,28.7953868579865
2013,1,28.652336359024,28.6409666566622,28.7227597898907,28.8115346535392,28.3582979705599,28.500199368,28.6630243420601,28.680724375248,28.6036743617058,28.7238994216919
2013,2,28.6162212720697,28.6780289241246,28.8340606945228,28.8541373234281,28.6028921302708,28.5152821586872,28.7392959647343,28.7907304566482,28.7039717970223,28.730178709359
2013,3,29.5683824782786,29.6145082456725,29.6597041785717,29.6397683672283,29.4094090660413,29.279224319458,29.4738243031502,29.5742367911339,29.5571868276596,29.4668243336678
2013,4,29.5127623104614,29.5087550876694,29.5486014376404,29.7485546818288,29.8401427183527,29.2478186847318,29.4735605892058,29.6928509496873,29.7996380147626,29.8742702631797
2013,5,29.9752846256546,29.6196421867325,29.582950681448,29.6463851902796,29.1682805783219,30.1406743407249,29.9062743020058,30.0568993163109,29.9311243247986,29.5574743199348
2013,6,28.7557637079568,27.9213050807127,27.6776875424129,27.3808128656545,27.010196538809,28.8344380507931,28.5112122640302,28.839392924155,28.5673413233603,28.2373413233603
2013,7,27.2331923375959,26.9910559427171,26.8110931350125,26.6177847074426,25.7882980306943,27.6182619214058,27.5140243434906,27.6294993972778,27.7576118946075,27.4157118964195
2013,8,26.4611814903176,25.7795083238965,26.1247737142775,26.3020510699438,25.5663709574276,27.343549413681,27.4601618814468,27.7447243785858,27.7982618927956,27.6972494268417
2013,9,27.0553009118806,26.8083250570224,27.1955907985728,27.3206305029014,26.6807700228947,27.8412638904202,27.8151348655455,27.8914187154462,27.8535606581165,27.7130703907628
2013,10,28.1895917757698,28.1794934244383,28.122030619118,28.0781515266584,27.9635236793094,28.3348743891716,28.2922243905067,28.4480993962288,28.4899369001389,28.621724383831
2013,11,29.0777132293787,29.0004141436927,28.8862180299656,29.0308829330295,28.7818094137322,29.1282832361037,29.1034445116597,29.1596896805302,29.1546574303412,29.2329412743353
2013,12,28.7282194935757,28.6812940410205,28.6889924274551,28.7154070009356,28.5521868864695,28.428286857605,28.6336493778229,28.8682993483543,28.8080243849754,28.7000868964195
2014,1,28.3723499075226,28.2913832948321,28.2667007479403,28.421208648578,28.158402181334,27.9288993740082,28.2159743785858,28.432524356842,28.4306243920326,28.2748493909836
2014,2,28.6165811175528,28.6720355273468,28.7443671683242,29.0090548245088,28.7166851891412,28.182882127433,28.4966477098136,28.737254546593,28.8533511220998,28.8713511420941
2014,3,29.1216705596965,29.3497165640195,29.5739923318227,29.622336283974,29.0832285384337,28.5456368637085,29.0071993589401,29.3184118294716,29.2467868375778,29.2321618032455
2014,4,30.062004905262,30.0898302755048,30.271612215213,30.2437300394494,30.0375978647594,29.6163089875252,29.7887476964151,29.9239477046843,30.0220380081669,30.109431573191
2014,5,30.4446323954541,30.3259219527245,30.3126382165485,30.188464006652,29.6103465192848,30.4095493245125,30.4443617963791,30.3443367862701,30.3706493091583,30.4793368220329
2014,6,29.843954431392,29.5297842538485,29.3047126236782,29.0780077662742,27.6301785677565,29.7573928611509,29.2812122443415,29.3878961083197,29.5096895894697,29.7531863821706
2014,7,28.1873634613079,27.2710410441671,26.9712841179636,27.1929342021113,26.4752945105235,28.5397993421555,28.3074868917465,28.3695993733406,28.5676743602753,28.4499493741989
2014,8,27.1258689372436,27.2667553226153,27.0122910771105,27.0820646234181,27.6530896491475,27.7457493877411,27.6947118878365,27.8487993860245,28.141586894989,27.9282119059563
2014,9,27.4733513862856,27.187080799343,27.4626875402252,27.681191536688,27.9495692577841,27.8631219630088,27.8172252187421,27.9971219561177,28.0691477917087,28.1737542281612
2014,10,28.9686678388844,28.8931838870049,29.0488187836276,28.8569694472396,28.3540966444545,29.0170868778229,28.6416743850708,28.8509118437767,29.0056993508339,29.0276243710518
2014,11,29.1679376305236,29.1131636799755,28.9772395198918,28.862131185652,28.685608744194,28.9245413281841,28.8913671333559,28.9833542042394,28.9147606117495,28.9309025721396
2014,12,28.8030836271203,28.5894785466648,28.5490792228116,28.6130700163219,28.2459195123778,28.8352618718147,28.9340243625641,29.0060743737221,28.8850743317604,28.636761868
2015,1,28.3234911975653,28.3440767242795,28.4184542298317,28.5005020680635,28.2042354941368,28.3657618546486,28.5378368663788,28.6694369244575,28.5685993909836,28.5349118685722
2015,2,28.9311987663852,28.9457300684135,28.9569916999203,28.97239815742,28.6138499943233,28.7657786744216,28.8826890458732,28.7349786982043,28.5725787274591,28.6016959302179
2015,3,29.5576759550882,29.689329686619,29.8477076225811,29.8262765277987,29.5113187763426,29.1179493093491,29.4364368343353,29.6931618523598,29.7673368597031,29.6852743172646
2015,4,29.9160301454606,30.2490315913422,30.2417197894025,30.1805603433959,29.8712896223991,29.9887348421158,29.9833799571376,30.1846057522681,30.2664638100901,30.3465154118692
2015,5,30.4208281143852,30.3642999387923,30.0824646088812,29.9724313720413,29.7089923520883,30.1891867756844,30.0182367920876,30.0574242997169,30.1182868337631,30.1328993296623
2015,6,29.4241087593838,29.3962205280357,29.4622036308371,29.5180217614515,28.9583147589024,29.590528379871,29.2587606319304,29.5076638301726,29.5925799954322,29.5029799430601
2015,7,28.5469694137573,28.1038832778022,27.9294785294268,27.7108281669409,26.5160410967138,28.8096744012833,28.8117118525505,29.0724243354797,29.0559493565559,29.0809993362427
2015,8,28.175529288209,27.7584071301279,27.593054920435,27.820855340232,27.3099820282724,28.578911883831,28.7390868663788,28.8499618673325,28.911961877346,28.8061493682861
2015,9,29.0889755452331,29.0657904693791,29.1729383673719,29.1322433396777,28.5238524235278,29.1177799938571,29.114296148977,29.1955864247968,29.1783219392838,29.0911477685744
2015,10,29.4053118073422,29.5158475523903,29.4052944613828,29.2998906918194,29.1607285175059,29.2527993774414,29.262699341774,29.3463243126869,29.3402118968964,29.2510493350029
2015,11,29.4772924661302,29.3727182104108,29.3578667076685,29.2824116876717,29.2102323244977,29.1750702568793,29.2622832119849,29.272708988805,29.175689680038,28.9982832607146
2015,12,29.5462629043538,29.4256689576876,29.3352597388956,29.2271053428235,28.8834542036057,29.3226993346214,29.3781743264198,29.3418118214607,29.2175492882729,29.0797743558884
2016,1,28.9976216425066,28.9034814948127,28.8992875814438,29.0233417593915,28.7465098102887,29.0169119119644,29.0406368470192,28.9416493487358,28.9822993826866,28.9892243766785
2016,2,29.0574631262517,29.1046183964563,29.1633882416619,29.3247819181802,28.9674252863283,28.6215060628255,28.84529271698,29.1064526926676,29.2655059789022,29.3125726750692
2016,3,30.0126487457234,30.1476629915692,30.2293048567242,30.360692260058,30.0527771313985,29.6976368284225,29.8827742910385,30.1284618353844,30.1617743015289,30.1550743031502
2016,4,30.7192699785487,30.6761744655955,30.7430280186369,30.9234495336846,30.7755906744243,30.3687477185649,30.4840896409558,30.7693670605075,30.8971606002315,31.1025670279226
2016,5,30.8821596710578,30.7901630146163,30.6441138750977,30.6709639974262,30.4084888829125,30.8097493314743,30.784274315834,30.8552868294716,30.8958243322372,30.7894743204117
2016,6,29.9326500885951,29.338724382462,28.6804831856895,28.7160021660204,27.8332251818804,29.4085412449991,29.4963606631371,29.5677670804916,29.5547219356414,29.4865541864211
2016,7,27.7020781843559,27.0030499923797,26.8960236840778,27.1537629417751,26.3325862056679,28.2244869184494,28.1288243889809,28.2960619187355,28.5123493862152,28.5412743973732
2016,8,27.0814395883809,26.6438386809258,26.7924993700451,26.8625265722689,25.7523257831732,28.0297119116783,28.0993368864059,28.1567868947983,28.1950869083405,28.2645868897438
2016,9,26.4790597196047,26.0912436442807,26.2672036625578,26.4393682466483,25.2354653915624,28.00125101151,27.9672639170001,27.6900768156975,27.8185026156518,27.8656768281998
2016,10,27.7845509985219,27.5983178360122,27.6477771931224,27.5763037256573,26.7772736549377,28.3188744020462,28.2774618601799,28.4023743414879,28.6827993559837,28.6659368491173
2016,11,28.7480638726062,28.5476799040529,28.542347050055,28.5588493293666,28.3494438287605,29.0213929207094,29.1403348221317,29.3119735004056,29.1706574150824,29.0484896678309
2016,12,28.5589803586835,28.5546720169839,28.6032632788022,28.6542928374332,28.4113535483678,28.7409118437767,28.8347493577003,28.9378993368149,28.9502493429184,28.7995993566513
2017,1,28.2122548481692,28.1423654442742,28.1575687991248,28.1572819792706,27.9344438413779,28.1039993667603,28.1976994085312,28.1214494132996,27.9791993927956,27.9507618498802
2017,2,28.1417085198627,28.0960913315195,28.1082752527405,28.1248569574313,27.8627579568446,27.9203856106462,28.1339993943839,28.1027442090265,28.0725649366708,28.0449235429435
2017,3,29.0640346796616,29.0641511338098,29.1713535057174,29.219089028628,28.9794785016113,28.7313243770599,28.902861866951,29.0500118947029,29.0602868533134,29.2615743327141
2017,4,29.7526220613242,29.7674801031016,29.7192107819315,29.7179656490203,29.2106265714092,29.650760603874,29.7550057884955,29.8982960879418,29.7960509515578,29.766231583626
2017,5,30.1751759622408,30.0208921631177,30.0820652710067,30.0561270454656,29.2626903189553,30.421674284935,30.4318993520737,30.5523868012428,30.4600743126869,30.1788743138313
2017,6,29.2100694610895,28.8243004349153,28.285339888706,28.4267455284258,27.4162359750399,29.4144767638176,29.3448122332173,29.4845412518901,29.1719993492865,29.0524122496574
2017,7,28.1509504888369,27.8650738227935,27.6679160992304,27.655216831228,26.4382633103265,28.7960243821144,28.7394493842125,28.8176993918419,28.7223618793488,28.7839743709564
2017,8,27.1725130158922,26.484448833125,26.6176556845506,26.6606787831887,25.3595133258237,28.2132993936539,28.3671368718147,28.482424390316,28.328761882782,28.3566243910789
2017,9,28.0887231010876,27.9307213562059,27.7301069280153,27.5443051219154,26.6284402553326,28.4063348634781,28.3812122812579,28.4518057989305,28.1040380908597,28.2003348664315
2017,10,29.0084912154986,28.8148207919938,28.5547215872341,28.5309776067734,27.8032979567846,28.8610868763924,28.6481993746758,28.7338868641853,28.5921493864059,28.6675993514061
2017,11,29.1369137703787,29.2133326611028,29.1096767165755,29.0339264167475,28.6596230435115,29.0423735243274,29.0404251615463,29.1311477390412,29.2778831875709,29.2726444933491
2017,12,28.71869503156,28.6975886935279,28.7370479736063,28.7992792388667,28.6771174503697,28.194836871624,28.3983743834496,28.5701368832588,28.7301743841171,28.8525743699074
2018,1,28.2287222224733,28.1308625028247,28.109391765462,28.1329749433891,27.911127852069,28.0049243855476,28.2696868801117,28.4178993749619,28.5074868679047,28.5698493790627
2018,2,28.5668209796545,28.4700322487867,28.5837733645092,28.7627430047946,28.4905549520734,28.1476683570599,28.3838752641349,28.6408683276999,28.6847993706013,28.7055718125968
2018,3,29.2533009829728,29.3768594804264,29.4164229366514,29.423219424227,28.98850632045,28.8886743617058,29.0652493739128,29.3658618283272,29.3250993347168,29.2358368396759
2018,4,29.5759039874833,29.6543618508381,29.7451247861308,29.7157777248559,29.6036194011729,29.4827090257214,29.7575864311957,29.9934057543355,29.790425129552,29.9105154320502
2018,5,30.4989123655402,30.407811829022,30.1303465399477,29.8387493232022,29.4905548791091,30.1523618173599,30.1173993110657,30.2836868548393,30.1007993078232,29.93049929142
2018,6,29.0684285157192,28.8772958441997,28.5452681681589,28.1118366567818,27.2571678742713,29.1322832193682,29.0442315747661,29.1437670923048,28.8504767657864,28.8720638915031
2018,7,27.5047004611596,27.5495826857431,27.108106997278,26.5988037715787,25.2169265217251,27.8312869024277,27.9862119054794,28.2825119233131,28.2628368973732,28.4178618741035
2018,8,26.7624314686526,25.7330797683625,25.9117355147998,26.3132195265397,24.8062668442726,27.5414618992805,27.7168244314194,27.9971743965149,27.9951869130135,28.0741868948936
2018,9,27.6087791769234,27.3323957030125,27.685554931668,27.75966278868,26.3463076177891,28.5144897387105,28.6681412949101,28.7652638515349,28.8251864402525,28.7427348696801
2018,10,28.8531243464221,28.8123356643177,28.7696521911356,28.7067385471385,28.2284542454614,29.0483868575096,28.9771993613243,29.2209118437767,29.1035368394852,28.8509993505478
2018,11,29.3879936667679,29.2521498690369,29.2272932093631,29.087334580709,28.7532072340716,29.2091090442288,29.240850930983,29.2747348367014,29.2691089876236,29.0434186923119
2018,12,28.863382510517,28.6899249610447,28.7877424160639,28.8005699981814,28.3098605175813,28.7501743888855,28.8916868972778,28.9686368584633,28.8245118784904,28.6942118549347
2019,1,28.4680021171984,28.3186154479072,28.2252424491776,28.3788037377855,28.2766660617458,28.4608243775368,28.6024493384361,28.54597438097,28.5110243868828,28.3194494247437
2019,2,28.5167460234269,28.546288366584,28.6230645161479,28.7078854562282,28.5272599764711,28.1589925068822,28.3342752469819,28.5590201147671,28.4330063208218,28.4494063120875
2019,3,28.9990890311158,29.1801035347439,29.3151555822955,29.3451623761136,29.2399125496546,28.4436118960381,28.670236890316,28.9247618484497,28.9799243879318,29.2194243502617
2019,4,30.1458899296016,30.1159439936578,30.2949813617173,30.4625799518815,30.2841032397363,29.5886315721081,29.8666831945604,30.2305928876323,30.1118186926073,30.3491606189359
2019,5,30.1218743168789,30.003749299617,29.7951555848122,29.7399857303371,28.953957690133,29.9112868452072,30.1497118258476,30.2718618083,30.1511493372917,30.3763242912292
2019,6,29.7714579316042,29.5129640084075,29.1922394571339,29.1770960846589,28.562400780271,29.3279219350507,29.5207090144004,29.6640896089615,29.2908509186775,29.636850935413
2019,7,28.8019015400306,28.4780797277178,27.8552771839831,27.609551012516,26.8847042587068,28.5910743308067,28.7112868475914,28.8711868643761,28.7456118392944,28.8899368619919
2019,8,27.6699858281923,27.654924991585,27.6323431233565,27.667988507644,27.7501382629077,27.8808368754387,28.1630618810654,28.4709869074821,28.4537743830681,28.4826743507385
2019,9,28.0679376824206,28.0176491803288,28.1652682212091,28.3377974083514,28.042454620416,28.1902574305381,28.2421800305766,28.5988509811894,28.513238121771,28.7392638914047
2019,10,NA,NA,NA,NA,NA,NA,NA,NA,NA,NA
2019,11,NA,NA,NA,NA,NA,NA,NA,NA,NA,NA
2019,12,NA,NA,NA,NA,NA,NA,NA,NA,NA,NA
