"year","month","day","tide.level.mm"
2011,7,1,676.590792838875
2011,7,2,602.199719691661
2011,7,3,647.565751445087
2011,7,4,613.651193633952
2011,7,5,732.941923774955
2011,7,6,605.956307258633
2011,7,7,591.696793002915
2011,7,8,587.367318435754
2011,7,9,807.635593220339
2011,7,11,614.377167630058
2011,7,12,570.78074490513
2011,7,14,537.6
2011,7,15,761.40916271722
2011,7,19,665.716805942433
2011,7,20,626.841883345046
2011,7,21,642.420114122682
2011,7,22,638.062676056338
2011,7,23,603.05656424581
2011,7,24,621.953179594689
2011,7,25,733.562374245473
2011,7,26,750.24926686217
2011,7,27,700.204745166959
2011,7,28,634.750905141202
2011,7,29,625.805811481219
2011,7,30,632.873337998601
2011,7,31,613.024544179523
2011,8,1,584.226804123711
2011,8,2,624.096395641241
2011,8,3,573.841807909605
2011,8,4,625.725931131412
2011,8,5,679.997171145686
2011,8,6,694.331236897275
2011,8,7,742.504825538233
2011,8,8,854.390495867769
2011,8,9,793.12405609493
2011,8,10,768.21283509342
2011,8,11,729.924556213018
2011,8,12,722.330021291696
2011,8,13,732.204561653599
2011,8,14,721.565982404692
2011,8,15,713.612665684831
2011,8,16,697.817533856023
2011,8,17,674.097262247839
2011,8,18,670.52808988764
2011,8,19,637.767272727273
2011,8,20,676.173636363636
2011,8,21,617.17317246274
2011,8,22,583.015261627907
2011,8,23,666.977961432507
2011,8,24,723.82784272051
2011,8,25,691.902681992337
2011,8,26,681.503838101884
2011,8,27,679.402506963788
2011,8,28,726.178674351585
2011,8,29,723.903203342618
2011,8,30,724.218181818182
2011,8,31,753.15840893231
2011,9,1,738.450176678445
2011,9,2,671.853146853147
2011,9,3,735.680535966149
2011,9,4,690.057920446616
2011,9,5,708
2011,9,6,682.294535131299
2011,9,7,684.54738330976
2011,9,8,706.506284916201
2011,9,9,729.250178189594
2011,9,10,746.397629310345
2011,9,11,734.264351523742
2011,9,12,704.465505226481
2011,9,13,726.249125262421
2011,9,14,682.720557491289
2011,9,15,653.720083974807
2011,9,16,649.57713884993
2011,9,17,593.618481244282
2011,9,18,667.893569844789
2011,9,19,633.889679715303
2011,9,20,656.021196063588
2011,9,21,662.081575246132
2011,9,22,664.908013937282
2011,9,23,680.546676096181
2011,9,24,704.659844742413
2011,9,25,681.863253856942
2011,9,26,645.581446311176
2011,9,27,619.601700921332
2011,9,28,585.572931276297
2011,9,29,630.41961414791
2011,9,30,639.798192771084
2011,9,30,639.798192771084
2011,10,1,607.894251242016
2011,10,2,618.550458715596
2011,10,3,621.130403968816
2011,10,4,713.667731629393
2011,10,5,570.525547445255
2011,10,6,568.302603800141
2011,10,7,594.337159253946
2011,10,8,616.546109510086
2011,10,9,623.462780898876
2011,10,10,622.954449894884
2011,10,11,665.437814521927
2011,10,12,716.853862212944
2011,10,13,644.130190007037
2011,10,14,692.882270497547
2011,10,15,703.422823701536
2011,10,16,686.258018531718
2011,10,17,721.376955903272
2011,10,18,758.526798307475
2011,10,19,760.34
2011,10,20,797.806179775281
2011,10,21,800.007037297678
2011,10,22,793.668535388928
2011,10,23,835.063202247191
2011,10,24,819.934844192635
2011,10,25,828.463910301331
2011,10,26,855.717804363125
2011,10,27,859.479374110953
2011,10,28,823.471618780659
2011,10,29,793.685353889278
2011,10,30,837.928257686676
2011,10,31,835.4005702067
2011,11,1,759.889584964761
2011,11,2,825.743736578382
2011,11,3,866.440366972477
2011,11,4,848.895937277263
2011,11,5,829.228968544258
2011,11,6,826.107324147933
2011,11,7,822.523879500367
2011,11,8,817.314680232558
2011,11,9,802.035150645624
2011,11,10,810.144130757801
2011,11,11,771.70153621068
2011,11,12,713.496736765772
2011,11,13,709.166059723234
2011,11,14,744.847936278059
2011,11,15,763.100224382947
2011,11,16,741.008664259928
2011,11,17,713.893430656934
2011,11,18,759.481111903065
2011,11,19,799.455056179775
2011,11,20,879.729977116705
2011,11,21,845.409570724842
2011,11,22,838.861060329068
2011,11,23,819.742275280899
2011,11,24,812.997179125529
2011,11,25,811.849788434415
2011,11,26,821.046817849305
2011,11,27,855.971052631579
2011,11,28,839.640502354788
2011,11,29,882.303244005642
2011,11,30,866.81757259866
2011,11,30,866.81757259866
2011,12,1,899.035923753666
2011,12,2,897.344853493614
2011,12,3,890.042837078652
2011,12,4,862.012168933429
2011,12,5,845.011591962906
2011,12,6,794.607786589762
2011,12,7,823.713229859571
2011,12,8,841.172752808989
2011,12,9,826.619081272085
2011,12,10,801.30243902439
2011,12,11,774.481180811808
2011,12,12,786.691964285714
2011,12,13,842.065693430657
2011,12,14,855.531665363565
2011,12,15,828.879245283019
2011,12,16,811.625581395349
2011,12,17,828.256347256347
2011,12,18,841.266263237519
2011,12,19,843.829850746269
2011,12,20,941.296398891967
2011,12,21,785.786324786325
2011,12,22,815.036336109008
2011,12,23,831.551440329218
2011,12,24,880.059414990859
2011,12,25,854.257092198582
2011,12,26,770.161473087819
2011,12,27,904.276645768025
2011,12,28,902.99690641918
2011,12,29,790.666980244591
2011,12,30,839.549307253464
2011,12,31,782.775956284153
2012,1,1,877.231588287489
2012,1,2,1089.78197320341
2012,1,3,1066.39724310777
2012,1,4,981.017937219731
2012,1,5,979.777307366639
2012,1,6,877.786038077969
2012,1,7,908.506944444444
2012,1,8,856.065451532726
2012,1,9,819.512611879577
2012,1,10,831.734865900383
2012,1,11,735.658112582781
2012,1,12,781.934464148034
2012,1,13,820.54573405073
2012,1,14,860.237746891002
2012,1,15,894.188405797101
2012,1,16,830.506042296072
2012,1,17,835.735042735043
2012,1,18,909.313496280553
2012,1,19,763.351037344398
2012,1,20,580.640253565769
2012,1,21,830.30572597137
2012,1,22,842.770814682184
2012,1,23,835.509072580645
2012,1,24,575.995850622407
2012,1,25,575.726358148893
2012,1,26,552.443025540275
2012,1,27,495.30685203575
2012,1,28,576.297455968689
2012,1,29,604.257194244604
2012,1,30,603.661410018553
2012,1,31,672.131851851852
2012,2,1,559.598163030999
2012,2,2,550.672985781991
2012,2,3,540.477560414269
2012,2,4,523.870495495495
2012,2,5,535.063043478261
2012,2,6,606.685714285714
2012,2,7,577.065263157895
2012,2,8,846.289990645463
2012,2,9,994.765238879736
2012,2,10,907.169387755102
2012,2,11,804.007972665148
2012,2,12,1260.18823529412
2012,2,13,1267.98148148148
2012,2,14,938.605662285137
2012,2,15,954.043782837128
2012,2,16,933.75836030205
2012,2,17,903.289522058824
2012,2,18,840.022281639929
2012,2,19,786.808203991131
2012,2,20,725.734133790738
2012,2,21,733.735755573906
2012,2,22,691.164835164835
2012,2,23,668.01367781155
2012,2,24,785.859510086455
2012,2,25,693.308286516854
2012,2,26,627.678370786517
2012,2,27,501.54968094804
2012,2,28,564.673693858845
2012,2,29,572.344046749452
2012,3,1,302.65625
2012,2,29,572.344046749452
2012,3,1,302.65625
2012,3,2,562.976520811099
2012,3,3,438.390636430139
2012,3,4,478.143059490085
2012,3,5,474.891872791519
2012,3,6,487.1832
2012,3,7,686.115411681914
2012,3,8,785.174659985684
2012,3,9,780.989705882353
2012,3,10,606.175566934894
2012,3,11,601.902797202797
2012,3,12,626.959644874899
2012,3,13,649.562055335968
2012,3,14,682.899789768746
2012,3,15,703.810961080222
2012,3,16,780.472435450105
2012,3,17,773.065454545454
2012,3,19,610.746070133011
2012,3,20,628.193006993007
2012,3,21,647.890934844193
2012,3,22,493.220733427363
2012,3,23,563.21181556196
2012,3,24,559.087927424983
2012,3,24,568.299855491329
2012,3,26,767.526355996944
2012,3,27,812.71558988764
2012,3,28,815.442646023927
2012,3,29,717.170287316048
2012,3,30,754.821626617375
2012,3,31,798.44078486335
2012,4,1,906.486334968465
2012,4,2,841.639240506329
2012,4,4,1168.73825503356
2012,4,5,1233.54545454545
2012,4,6,1099.18951048951
2012,4,7,1161.65549493375
2012,4,8,1021.07848633497
2012,4,9,986.191310441486
2012,4,10,1081.65381920112
2012,4,11,1060.09620786517
2012,4,12,1136.14518413598
2012,4,13,643.597291518175
2012,4,14,520.596843615495
2012,4,15,606.149592021759
2012,4,16,680.250227479527
2012,4,17,599.052583862194
2012,4,18,600.353323699422
2012,4,19,479.763879128602
2012,4,20,523.086373790022
2012,4,21,539.149114631873
2012,4,22,550.775107296137
2012,4,23,515.952529182879
2012,4,24,522.982622432859
2012,4,25,401.031695721078
2012,4,26,384.771336553945
2012,4,27,562.476305220884
2012,4,28,371.922913719943
2012,4,29,291.435369318182
2012,4,30,264.780654988576
2012,4,30,264.780654988576
2012,5,1,415.127740705434
2012,5,2,378.786780383795
2012,5,3,300.817091454273
2012,5,4,342.775529865125
2012,5,5,347.276018099548
2012,5,6,553.772545889864
2012,5,7,602.684577808793
2012,5,8,579.251308900524
2012,5,9,618.361111111111
2012,5,10,488.696526508227
2012,5,11,516.759962049336
2012,5,12,540.62951575711
2012,5,13,547.974825174825
2012,5,14,488.831325301205
2012,5,15,410.345246604718
2012,5,16,595.056904400607
2012,5,17,657.736924277908
2012,5,18,606.847682119205
2012,5,19,600.624715693707
2012,5,20,555.175192711983
2012,5,21,533.937892533147
2012,5,22,548.860759493671
2012,5,23,612.78277734678
2012,5,24,551.389162561576
2012,5,25,571.608146067416
2012,5,26,553.885073580939
2012,5,27,517.087596355992
2012,5,28,514.267969295185
2012,5,29,490.300069783671
2012,5,30,489.489466292135
2012,5,31,532.06671899529
2012,6,1,644.580487804878
2012,6,2,558.181752353367
2012,6,3,599.208622016936
2012,6,4,583.237003058104
2012,6,5,597.67167721519
2012,6,6,619.81220657277
2012,6,7,523.738819320215
2012,6,8,594.328677074774
2012,6,9,535.043879907621
2012,6,10,469.796897038082
2012,6,11,496.345840130506
2012,6,12,523.806782334385
2012,6,13,535.306010928962
2012,6,14,665.130805687204
2012,6,15,616.528870292887
2012,6,16,511.179073033708
2012,6,17,544.96993006993
2012,6,18,556.629992992292
2012,6,19,551.463054187192
2012,6,20,564.268824771288
2012,6,21,577.923935799023
2012,6,22,546.988036593948
2012,6,23,564.127704117237
2012,6,24,570.207428170988
2012,6,25,562.733566433566
2012,6,26,573.232655921514
2012,6,27,526.174825174825
2012,6,28,525.140525195174
2012,6,29,659.869647954329
2012,6,30,656.177292576419
2012,6,30,656.177292576419
2012,7,1,662.225988700565
2012,7,2,639.18951048951
2012,7,3,623.192011212334
2012,7,4,623.947108603667
2012,7,5,597.467550593161
2012,7,6,607.845080251221
2012,7,7,576.350314026518
2012,7,8,528.123937677054
2012,7,9,548.783670621075
2012,7,10,566.276223776224
2012,7,11,683.792771084337
2012,7,12,598.142414860681
2012,7,13,681.60612244898
2012,7,14,630.590643274854
2012,7,15,563.287974683544
2012,7,16,524.253146853147
2012,7,17,559.016117729502
2012,7,18,627.951893551689
2012,7,19,610.008382229673
2012,7,20,577.447331460674
2012,7,21,596.887876664331
2012,7,22,608.337752965806
2012,7,23,598.692830188679
2012,7,24,559.940883190883
2012,7,25,512.069085833915
2012,7,26,498.882517482517
2012,7,27,483.240559440559
2012,7,28,570.362445414847
2012,7,29,600.054844606947
2012,7,30,452.81009110021
2012,7,31,453.59222614841
2012,8,1,482.916957431961
2012,8,2,500.171688857744
2012,8,3,493.510533707865
2012,8,4,489.626600284495
2012,8,5,485.537219101124
2012,8,6,466.146545708304
2012,8,7,455.916957431961
2012,8,8,477.688904494382
2012,8,9,496.580833942941
2012,8,10,513.467550593161
2012,8,11,571.433506044905
2012,8,12,607.072580645161
2012,8,13,563.99664147775
2012,8,14,517.861948142957
2012,8,15,529.117028731605
2012,8,16,543.167847025496
2012,8,17,612.792134831461
2012,8,18,637.05890702626
2012,8,19,615.229634831461
2012,8,20,571.501060070671
2012,8,21,570.556179775281
2012,8,22,555.832515767344
2012,8,23,541.302668539326
2012,8,24,576.300561797753
2012,8,25,600.178470254958
2012,8,26,649.623398804441
2012,8,27,554.877478753541
2012,8,28,609.65514809591
2012,8,29,631.699369306237
2012,8,30,600.126573426573
2012,8,31,580.741958041958
2012,9,1,605.070077084793
2012,9,2,634.748595505618
2012,9,3,625.873595505618
2012,9,4,608.484031227821
2012,9,5,630.784615384615
2012,9,6,625.495425756509
2012,9,7,583.516853932584
2012,9,8,564.854506742371
2012,9,9,619.957391304348
2012,9,10,607.90319792567
2012,9,11,653.904051172708
2012,9,12,618.312587412587
2012,9,13,598.040282685512
2012,9,14,615.218156228008
2012,9,15,589.516468114926
2012,9,16,608.491941135249
2012,9,17,622.87684729064
2012,9,18,606.03038869258
2012,9,19,595.320900774103
2012,9,20,583.353105373343
2012,9,21,589.786013986014
2012,9,22,600.943938332165
2012,9,23,597.825441696113
2012,9,24,612.582865168539
2012,9,25,636.221167883212
2012,9,26,612.638986629134
2012,9,27,626.929695697796
2012,9,28,596.93552908199
2012,9,29,606.83392476934
2012,9,30,502.247506799637
2012,9,30,502.247506799637
2012,10,1,511.444134078212
2012,10,2,545.064743138635
2012,10,3,523.078779276082
2012,10,4,533.340651558074
2012,10,5,538.619183965641
2012,10,6,589.760424028269
2012,10,7,637.091994382022
2012,10,8,685.203324808184
2012,10,9,637.192771084337
2012,10,10,633.45233463035
2012,10,11,584.644622093023
2012,10,12,575.233638282899
2012,10,13,574.53889278206
2012,10,14,595.018960674157
2012,10,15,588.532867132867
2012,10,16,588.164655784244
2012,10,17,618.412053258584
2012,10,18,621.173821252639
2012,10,19,637.837780898876
2012,10,20,641.028852920478
2012,10,21,656.59985984583
2012,10,22,655.918411552347
2012,10,23,692.83391730904
2012,10,24,730.124118476728
2012,10,25,752.250175192712
2012,10,26,778.776223776224
2012,10,27,770.847696879643
2012,10,28,766.751098096633
2012,10,29,768.093286219081
2012,10,30,746.108848314607
2012,10,31,732.126600284495
2012,11,1,709.573033707865
2012,11,2,641.689334287759
2012,11,3,584.704529115744
2012,11,4,601.173172462739
2012,11,5,655.7
2012,11,6,665.461646727657
2012,11,7,656.94922425952
2012,11,8,701.01554770318
2012,11,9,707.054765291607
2012,11,10,662.78813559322
2012,11,11,707.416608022519
2012,11,12,672.997202797203
2012,11,13,669.190007037298
2012,11,14,669.354240912331
2012,11,15,653.204215116279
2012,11,16,588.762711864407
2012,11,17,622.778922345483
2012,11,18,577.592264302981
2012,11,19,618.193117977528
2012,11,20,691.788390889052
2012,11,21,695.506003430532
2012,11,22,731.952347083926
2012,11,23,719.717857142857
2012,11,24,718.568145800317
2012,11,25,715.728837876614
2012,11,26,702.183601962158
2012,11,27,727.371266002845
2012,11,28,742.200282087447
2012,11,29,722.666433566434
2012,11,30,697.983882270498
2012,11,30,697.983882270498
2012,12,1,655.432846715328
2012,12,2,645.202797202797
2012,12,3,671.717804363125
2012,12,4,694.609670637701
2012,12,5,690.429491768074
2012,12,6,646.843771991555
2012,12,7,713.064743138635
2012,12,8,732.922734026746
2012,12,9,713.648177496038
2012,12,10,775.217697729052
2012,12,11,760.758815232722
2012,12,12,799.81554770318
2012,12,13,774.992193044713
2012,12,14,726.801873198847
2012,12,15,562.815470643057
2012,12,16,711.912219101124
2012,12,17,727.732443820225
2012,12,18,706.917482517483
2012,12,19,708.748251748252
2012,12,20,748.022377622378
2012,12,21,738.25034965035
2012,12,22,830.791873141724
2012,12,23,645.40701381509
2012,12,24,697.939420544337
2012,12,25,779.674094707521
2012,12,26,718.028913963329
2012,12,27,722.731039325843
2012,12,28,728.022662889518
2012,12,29,684.208485735187
2012,12,30,670.703257790368
2012,12,31,686.597902097902
2013,1,1,691.192417739628
2013,1,2,670.044787644788
2013,1,3,715.504739336493
2013,1,4,703.810687022901
2013,1,5,670.877622377622
2013,1,6,791.173568281938
2013,1,7,906.178642714571
2013,1,8,738.231263383298
2013,1,9,676.777622377622
2013,1,10,655.106517168886
2013,1,11,703.400699300699
2013,1,12,734.884129213483
2013,1,13,695.454800280308
2013,1,14,651.925874125874
2013,1,15,696.332129963899
2013,1,16,680.332170272156
2013,1,17,485.125
2013,1,18,689.393706293706
2013,1,19,674.456643356643
2013,1,20,765.083182640145
2013,1,21,828.037076271186
2013,1,22,709.466377440347
2013,1,23,674.911559888579
2013,1,24,678.136490250696
2013,1,25,678.423476968796
2013,1,26,670.716083916084
2013,1,27,694.507452093683
2013,1,28,715.915730337079
2013,1,29,741.09964664311
2013,1,30,732.935714285714
2013,1,31,740.393511988716
2013,2,1,810.607193229901
2013,2,2,821.437543614794
2013,2,3,769.747722494744
2013,2,4,790.174389216512
2013,2,5,823.310344827586
2013,2,6,632.004950495049
2013,2,7,633.7306088407
2013,2,8,670.322924059617
2013,2,9,681.293706293706
2013,2,10,700.588483146067
2013,2,11,760.833566433566
2013,2,12,781.839555202542
2013,2,13,896.352235550709
2013,2,14,821.028913963329
2013,2,15,841.086376404494
2013,2,16,815.601135557133
2013,2,17,782.080541696365
2013,2,18,873.077981651376
2013,2,19,822.324351297405
2013,2,20,758.494575045208
2013,2,21,699.702625975869
2013,2,22,718.812996389892
2013,2,23,668.244177840508
2013,2,24,649.529081990189
2013,2,25,673.926742532006
2013,2,26,718.320926966292
2013,2,27,723.745786516854
2013,2,28,782.250355618777
2013,3,1,785.511938202247
2013,3,2,758.72778561354
2013,2,28,782.250355618777
2013,3,1,785.511938202247
2013,3,2,758.72778561354
2013,3,3,735.61688764829
2013,3,4,724.976727785614
2013,3,5,769.545807453416
2013,3,6,764.737588652482
2013,3,7,832.189781021898
2013,3,8,743.547142857143
2013,3,9,744.269096005606
2013,3,10,749.073654390935
2013,3,11,736.333570412518
2013,3,12,728.386938202247
2013,3,13,730.519914651494
2013,3,14,725.775673707211
2013,3,15,699.930035335689
2013,3,16,696.506428571429
2013,3,17,705.60590778098
2013,3,18,730.051152737752
2013,3,19,755.629818181818
2013,3,20,806.663793103448
2013,3,21,765.738571428571
2013,3,22,758.532862190813
2013,3,23,748.998543335761
2013,3,24,766.04178470255
2013,3,25,769.741184767278
2013,3,26,770.890252707581
2013,3,27,771.082442748092
2013,3,28,750.216275659824
2013,3,29,740.013225569434
2013,3,30,665.66862170088
2013,3,30,677.877624909486
2013,4,1,632.581395348837
2013,4,2,610.657624633431
2013,4,3,621.388690050107
2013,4,4,636.767727930535
2013,4,5,655.53343350864
2013,4,6,642.865766481334
2013,4,7,626.270232230823
2013,4,8,651.122974963181
2013,4,9,663.765261627907
2013,4,10,638.383102694829
2013,4,11,600.639010189229
2013,4,12,566.212976022567
2013,4,13,542.709013484741
2013,4,14,570.058950395399
2013,4,15,547.792619926199
2013,4,16,526.341325811001
2013,4,17,533.654949784792
2013,4,18,520.35850388144
2013,4,19,529.602142857143
2013,4,20,517.141732283465
2013,4,21,515.184681460272
2013,4,22,540.451888809694
2013,4,23,587.694828841952
2013,4,24,626.804704205274
2013,4,25,650.238164603059
2013,4,26,658.541337167505
2013,4,27,687.509818731118
2013,4,28,732.504176157935
2013,4,29,707.833082706767
2013,4,30,647.950980392157
2013,4,30,647.950980392157
2013,5,1,663.960056061668
2013,5,2,705.968838526912
2013,5,3,687.890510948905
2013,5,4,742.009865470852
2013,5,5,657.660727013542
2013,5,6,675.226123595506
2013,5,7,668.085674157303
2013,5,8,630.670654468684
2013,5,9,665.934860415175
2013,5,10,621.039660056657
2013,5,11,604.01226993865
2013,5,12,562.847014925373
2013,5,13,551.230054221534
2013,5,14,509.074019245004
2013,5,15,467.845382963493
2013,5,16,458.688524590164
2013,5,17,447.909156976744
2013,5,18,456.898134863702
2013,5,19,494.868852459016
2013,5,20,530.967213114754
2013,5,21,577.838137472284
2013,5,22,579.387801204819
2013,5,23,620.237588652482
2013,5,24,647.527974783294
2013,5,25,631.440310077519
2013,5,26,603.685365853658
2013,5,27,610.035034272658
2013,5,28,565.316866619619
2013,5,29,562.020179372197
2013,5,30,523.857954545455
2013,5,31,562.106569343066
2013,6,1,574.688940092166
2013,6,2,588.266288951841
2013,6,3,629.293981481482
2013,6,4,643.147196261682
2013,6,5,682.779775280899
2013,6,6,625.979634831461
2013,6,7,601.366571018651
2013,6,8,649.881476224273
2013,6,9,634.364041604755
2013,6,10,663.166830225711
2013,6,11,680.274079320113
2013,6,12,665.857746478873
2013,6,13,704.726573426573
2013,6,14,701.487684729064
2013,6,15,717.073189522342
2013,6,16,738.128353879623
2013,6,17,738.972142857143
2013,6,18,779.912156166814
2013,6,19,843.058269065981
2013,6,20,884.464253393665
2013,6,21,763.279400157853
2013,6,22,698.954648526077
2013,6,23,661.078518518519
2013,6,24,640.005788712012
2013,6,25,674.822970007315
2013,6,26,670.997882851094
2013,6,27,640.086956521739
2013,6,28,597.884588318086
2013,6,29,594.09649122807
2013,6,30,591.938702779758
2013,6,30,591.938702779758
2013,7,1,588.537695590327
2013,7,2,672.533980582524
2013,7,3,716.925093632959
2013,7,4,656.222409435552
2013,7,5,615.810007251632
2013,7,6,681.854826254826
2013,7,7,636.815308988764
2013,7,8,620.944169611307
2013,7,9,644.174894217207
2013,7,10,630.221423436377
2013,7,11,625.266886326194
2013,7,12,637.315288953914
2013,7,13,633.161857846587
2013,7,14,630.239803094233
2013,7,15,627.292922214436
2013,7,16,665.072946175637
2013,7,17,675.545716342693
2013,7,18,774.248407643312
2013,7,19,818.549335863378
2013,7,20,797.56871218669
2013,7,21,688.262390670554
2013,7,22,682.229852838122
2013,7,23,697.925871015567
2013,7,24,673.661527680449
2013,7,25,654.701398601399
2013,7,26,629.339887640449
2013,7,27,631.635202271114
2013,7,28,610.943938332165
2013,7,29,551.597466572836
2013,7,30,513.088257292446
2013,7,31,606.529225908373
2013,8,1,676.242932862191
2013,8,2,670.294817332201
2013,8,3,591.165342960289
2013,8,4,608.18045112782
2013,8,5,549.608603667137
2013,8,6,556.395804195804
2013,8,7,553.193935119887
2013,8,8,569.704433497537
2013,8,9,528.826178747361
2013,8,10,504.716602316602
2013,8,11,524.61958041958
2013,8,12,502.822142857143
2013,8,13,491.207428170988
2013,8,14,510.398397669337
2013,8,15,538.311577311577
2013,8,16,581.392611683849
2013,8,17,575.283018867925
2013,8,18,528.644755244755
2013,8,19,510.75034965035
2013,8,20,533.062368605466
2013,8,21,566.262237762238
2013,8,22,546.7
2013,8,23,528.549895324494
2013,8,24,514.048848569435
2013,8,25,529.727272727273
2013,8,26,483.273571428571
2013,8,27,460.032846715328
2013,8,28,470.782410917362
2013,8,29,492.369166666667
2013,8,30,465.646090534979
2013,8,31,448.649578651685
2013,9,1,498.669950738916
2013,9,2,563.725174825175
2013,9,3,599.918181818182
2013,9,4,618.445690259285
2013,9,5,637.827586206897
2013,9,6,597.732722143865
2013,9,7,571.355919583023
2013,9,8,561.77295024527
2013,9,9,561.207865168539
2013,9,10,537.513019000704
2013,9,11,525.928521373511
2013,9,12,569.54257565095
2013,9,13,599.346262341326
2013,9,14,631.233729881036
2013,9,15,652.33006993007
2013,9,16,707.332170272156
2013,9,17,712.780658724597
2013,9,18,658.406447091801
2013,9,19,637.156048675734
2013,9,20,644.442291491154
2013,9,21,631.47972972973
2013,9,22,585.470714285714
2013,9,23,669.46383363472
2013,9,24,590.995471698113
2013,9,25,572.909026798307
2013,9,26,550.827922077922
2013,9,27,550.596075224857
2013,9,28,569.45856741573
2013,9,29,559.926264044944
2013,9,30,550.757599376461
2013,9,30,550.757599376461
2013,10,1,562.612473721093
2013,10,2,588.381424706943
2013,10,3,550.71461014383
2013,10,4,537.361375274323
2013,10,5,546.939351198872
2013,10,6,528.834618079888
2013,10,7,531.494860499266
2013,10,8,533.883687943262
2013,10,9,548.568781183179
2013,10,10,559.09020979021
2013,10,11,578.941470378301
2013,10,12,598.581805359662
2013,10,13,607.146600566572
2013,10,14,575.019914651494
2013,10,15,555.047754811119
2013,10,16,593.994405594406
2013,10,17,587.123595505618
2013,10,18,581.427668539326
2013,10,19,622.87105816398
2013,10,20,657.6
2013,10,21,672.962237762238
2013,10,22,655.16013986014
2013,10,23,725.450595655221
2013,10,24,667.322354590049
2013,10,25,697.868402533427
2013,10,26,702.177009873061
2013,10,27,685.030347890451
2013,10,28,684.175338560228
2013,10,29,685.026162790698
2013,10,30,694.661516853933
2013,10,31,686.318149964961
2013,11,1,696.290345821326
2013,11,2,725.818914956012
2013,11,3,708.224947442186
2013,11,4,726.19222614841
2013,11,5,722.533715925395
2013,11,6,738.04414856342
2013,11,7,710.413182140326
2013,11,8,643.938955823293
2013,11,9,770.480253878702
2013,11,10,806.694581280788
2013,11,11,775.25371024735
2013,11,12,774.791076487252
2013,11,13,804.87456201822
2013,11,14,797.600985221675
2013,11,15,793.751236749117
2013,11,16,766.10835694051
2013,11,17,747.266284896206
2013,11,18,754.179675994109
2013,11,19,742.081618168914
2013,11,20,761.19330076762
2013,11,21,786.489466292135
2013,11,22,774.717482517482
2013,11,23,764.967832167832
2013,11,24,755.934265734266
2013,11,25,803.014685314685
2013,11,26,813.5074204947
2013,11,27,807.774125874126
2013,11,28,779.65468164794
2013,11,29,797.90716374269
2013,11,30,781.886870355078
2013,11,30,781.886870355078
2013,12,1,786.860890302067
2013,12,2,641.528017241379
2013,12,3,779.329493087558
2013,12,4,720.084495488105
2013,12,5,735.865470852018
2013,12,6,746.643501805054
2013,12,7,725.392405063291
2013,12,8,689.785046728972
2013,12,9,677.521591871295
2013,12,10,657.205704407952
2013,12,11,758.061463414634
2013,12,12,701.960606060606
2013,12,13,729.19550342131
2013,12,14,786.78233719893
2013,12,15,768.075
2013,12,16,708.414735099338
2013,12,17,750.043079743355
2013,12,18,755.79802955665
2013,12,19,731.378242074928
2013,12,20,722.772471910112
2013,12,21,721.256263421618
2013,12,22,685.610332103321
2013,12,23,707.442446043165
2013,12,24,708.242662848962
2013,12,25,679.093974175036
2013,12,26,686.738363892807
2013,12,27,733.829015544041
2013,12,28,773.188766114181
2013,12,29,650.499294781382
2013,12,30,674.680028632785
2013,12,31,705.505641748942
2014,1,1,740.210787792761
2014,1,2,787.496458923513
2014,1,3,622.344621513944
2014,1,4,659.268674698795
2014,1,5,740.879858657244
2014,1,6,751.114777618364
2014,1,7,743.11071682044
2014,1,8,713.549401197605
2014,1,9,573.108159392789
2014,1,11,774.472817133443
2014,1,12,700.639285714286
2014,1,13,675.163221667855
2014,1,14,677.752672843906
2014,1,15,690.027857142857
2014,1,16,692.775510204082
2014,1,17,668.014409221902
2014,1,18,659.717911530094
2014,1,19,675.104
2014,1,20,682.452034883721
2014,1,21,707.01950867052
2014,1,22,700.49822569198
2014,1,23,678.279401282965
2014,1,24,701.203854707191
2014,1,25,847.880834160874
2014,1,26,880.407991587802
2014,1,27,812.407228915663
2014,1,28,736.482142857143
2014,1,29,734.175599435825
2014,1,30,791.483007209063
2014,1,31,719.436217008798
2014,2,1,736.272189349112
2014,2,2,795.481586402266
2014,2,3,741.703459637562
2014,2,4,776.751303052867
2014,2,5,763.019830028329
2014,2,6,731.341984732824
2014,2,7,808.458666666667
2014,2,8,866.795309168444
2014,2,9,738.568477429227
2014,2,10,706.118021201413
2014,2,11,734.40979020979
2014,2,12,747.834277620397
2014,2,13,682.200282087447
2014,2,14,682.170646067416
2014,2,15,716.768197879859
2014,2,16,674.898662913441
2014,2,17,719.439912600146
2014,2,18,705.799418604651
2014,2,19,644.018545994065
2014,2,20,726.41873669269
2014,2,21,691.125268432355
2014,2,22,640.24682651622
2014,2,23,753.598748882931
2014,2,24,779.508757297748
2014,2,25,721.026148409894
2014,2,26,744.603299856528
2014,2,27,791.516915814319
2014,2,28,789.174491941135
2014,3,1,766.361308677098
2014,3,2,782.172857142857
2014,2,28,789.174491941135
2014,3,1,766.361308677098
2014,3,2,782.172857142857
2014,3,3,779.42492917847
2014,3,4,746.375179340029
2014,3,5,749.506474820144
2014,3,6,716.469180565627
2014,3,7,659.039215686275
2014,3,8,729.466034755134
2014,3,9,803.53574432296
2014,3,10,750.818379160637
2014,3,11,797.570710696339
2014,3,12,787.755311355311
2014,3,13,778.625735294118
2014,3,14,793.541100786276
2014,3,15,785.630637079456
2014,3,16,755.182142857143
2014,3,17,746.307198859587
2014,3,18,757.603667136812
2014,3,19,760.169296987088
2014,3,20,763.087780898876
2014,3,21,749.259206798867
2014,3,22,734.723449750535
2014,3,23,734.770847932726
2014,3,24,681.559514783927
2014,3,25,667.769287288758
2014,3,26,726.837094499295
2014,3,27,777.557813594954
2014,3,28,749.162237762238
2014,3,29,756.021156558533
2014,3,29,746.04128113879
2014,3,31,769.69801980198
2014,4,1,759.522679692952
2014,4,2,702.796549245147
2014,4,3,679.278792134831
2014,4,4,676.127393838468
2014,4,5,665.534843205575
2014,4,6,670.976278724981
2014,4,7,683.727134146341
2014,4,8,697.754198473282
2014,4,9,705.127941176471
2014,4,10,692.634532374101
2014,4,11,689.150684931507
2014,4,12,702.838983050847
2014,4,13,653.80938198064
2014,4,14,595.495515695067
2014,4,15,593.864590876177
2014,4,16,641.880617977528
2014,4,17,654.960424028269
2014,4,18,628.578236130868
2014,4,19,593.238618524333
2014,4,20,538.100758396533
2014,4,21,695.058425063505
2014,4,22,635.460377358491
2014,4,23,609.788811188811
2014,4,24,595.172307692308
2014,4,25,590.954802259887
2014,4,26,599.62156448203
2014,4,27,610.784702549575
2014,4,28,618.779266572638
2014,4,29,599.896551724138
2014,4,30,593.932862190813
2014,4,30,593.932862190813
2014,5,1,642.874906367041
2014,5,2,647.869795609387
2014,5,3,642.675852066715
2014,5,4,601.517844136926
2014,5,5,593.874277456647
2014,5,6,629.314557425018
2014,5,7,682.535170413343
2014,5,8,742.537324464154
2014,5,9,672.948773448773
2014,5,10,681.482080112438
2014,5,11,706.185401459854
2014,5,12,695.170927684441
2014,5,13,680.339352896915
2014,5,14,671.178122690318
2014,5,15,633.352813852814
2014,5,16,627.515602836879
2014,5,17,596.115879828326
2014,5,18,605.163558106169
2014,5,19,585.423473433783
2014,5,20,476.956427015251
2014,5,21,582.926501766784
2014,5,22,591.595153243051
2014,5,23,637.926199261993
2014,5,24,641.276315789474
2014,5,25,748.949454905847
2014,5,26,667.706150341686
2014,5,27,613.504908835905
2014,5,28,618.815597667638
2014,5,29,652.327797833935
2014,5,30,598.23311546841
2014,5,31,606.03309352518
2014,6,1,606.362349610757
2014,6,2,616.389950460014
2014,6,3,590.042735042735
2014,6,4,582.462196861626
2014,6,5,655.082220660576
2014,6,6,627.96954674221
2014,6,7,595.961705202312
2014,6,8,648.386363636364
2014,6,9,686.354295837024
2014,6,10,619.310421286031
2014,6,11,632.480603448276
2014,6,12,660.182206405694
2014,6,13,626.059622641509
2014,6,14,605.998984771574
2014,6,15,570.439970171514
2014,6,16,582.722457627119
2014,6,17,575.802538787024
2014,6,18,523.01394585726
2014,6,19,549.053199691596
2014,6,20,603.443060498221
2014,6,21,561.959297685555
2014,6,22,645.664556962025
2014,6,23,649.763285024155
2014,6,24,627.716271463614
2014,6,25,556.846872753415
2014,6,26,550.40859030837
2014,6,27,540.471256210078
2014,6,28,583.130271084337
2014,6,29,538.978756884343
2014,6,30,567.079658605974
2014,6,30,567.079658605974
2014,7,1,544.59273875296
2014,7,2,544.137848605578
2014,7,3,539.047860768673
2014,7,4,527.338605319914
2014,7,5,468.670227920228
2014,7,6,441.661462029808
2014,7,7,449.307092198582
2014,7,8,562.546245919478
2014,7,9,543.640449438202
2014,7,10,514.35113960114
2014,7,11,519.955501618123
2014,7,12,570.771449704142
2014,7,13,588.047959914102
2014,7,14,575.276836158192
2014,7,15,564.195596951736
2014,7,16,604.847578347578
2014,7,17,632.39886039886
2014,7,18,667.544369873229
2014,7,19,750.915559772296
2014,7,20,689.324570273003
2014,7,21,663.95793499044
2014,7,22,714.427272727273
2014,7,23,736.51914893617
2014,7,24,657.240028490029
2014,7,25,654.633259094284
2014,7,26,630.851332398317
2014,7,27,661.767983074753
2014,7,28,646.852231163131
2014,7,29,597.749639249639
2014,7,30,566.824324324324
2014,7,31,618.327821710999
2014,8,1,657.437399678973
2014,8,2,645.839834024896
2014,8,3,694.926136363636
2014,8,4,723.647228221742
2014,8,5,798.471953578337
2014,8,6,824.485576923077
2014,8,7,832.114754098361
2014,8,8,835.005144032922
2014,8,9,664.334039548023
2014,8,10,663.162103746398
2014,8,11,725.732227488152
2014,8,12,712.174591909155
2014,8,13,654.889741800419
2014,8,14,685.856796116505
2014,8,15,608.452218430034
2014,8,16,620.059574468085
2014,8,17,612.0925795053
2014,8,18,602.484166080225
2014,8,19,642.356840620592
2014,8,20,652.833598726115
2014,8,21,610.233848314607
2014,8,22,621.408732999284
2014,8,23,658.964862965566
2014,8,24,658.132142857143
2014,8,25,654.83234859675
2014,8,26,711.96115819209
2014,8,27,711.405153901217
2014,8,28,694.29667896679
2014,8,29,729.291608391608
2014,8,30,737.056179775281
2014,8,31,845.483969465649
2014,9,1,612.26375
2014,9,2,703.290680473373
2014,9,3,686.664506839453
2014,9,4,694.655860349127
2014,9,5,680.019592476489
2014,9,6,668.584108804581
2014,9,7,669.394257703081
2014,9,8,628.010838150289
2014,9,9,608.404958677686
2014,9,10,543.163716814159
2014,9,11,586.833196384552
2014,9,12,521.875095785441
2014,9,13,512.235003528582
2014,9,14,512.36183745583
2014,9,15,614.670926517572
2014,9,16,513.595808383233
2014,9,17,526.442729488221
2014,9,18,524.7171875
2014,9,19,631.680262199563
2014,9,20,645.323695345557
2014,9,21,634.42795389049
2014,9,22,624.424418604651
2014,9,23,638.414496833216
2014,9,24,647.834170854271
2014,9,25,662.824698367637
2014,9,26,671.421428571429
2014,9,27,715.377521613833
2014,9,28,747.947330960854
2014,9,29,772.278818443804
2014,9,30,823.397250361794
2014,9,30,823.397250361794
2014,10,1,827.750188679245
2014,10,2,816.96364932288
2014,10,3,828.045389048991
2014,10,4,824.451715881884
2014,10,5,811.750177935943
2014,10,6,773.988826815642
2014,10,7,787.456808199122
2014,10,9,765.33452211127
2014,10,10,694.650062266501
2014,10,11,753.024571854058
2014,10,12,724.90823015295
2014,10,13,711.338224504769
2014,10,14,763.670241286863
2014,10,15,691.752510760402
2014,10,16,728.900426742532
2014,10,17,736.245243128964
2014,10,18,756.586892488954
2014,10,19,779.171184022824
2014,10,20,806.230169971671
2014,10,21,831.416131989001
2014,10,22,853.864241348713
2014,10,23,870.585346215781
2014,10,24,893.686905632773
2014,10,25,880.958952583156
2014,10,26,841.141488577745
2014,10,27,815.821877309682
2014,10,28,806.101156069364
2014,10,29,819.97
2014,10,30,863.720406681191
2014,10,31,919.156931738213
2014,11,1,902.697724039829
2014,11,2,891.815
2014,11,3,882.945156695157
2014,11,4,874.638929088278
2014,11,5,867.923674911661
2014,11,6,857.205714285714
2014,11,7,792.664275466284
2014,11,8,795.508351488744
2014,11,9,777.808208955224
2014,11,10,783.673990077959
2014,11,11,819.938122332859
2014,11,12,836.536074476338
2014,11,13,886.371428571429
2014,11,14,879.8752703677
2014,11,15,878.978328173375
2014,11,16,875.03981042654
2014,11,17,907.607926397735
2014,11,18,906.772630078403
2014,11,19,907.164970930232
2014,11,20,932.942266571632
2014,11,21,919.708148148148
2014,11,22,898.045389048991
2014,11,23,890.603910209993
2014,11,24,858.648669201521
2014,11,25,821.169100691775
2014,11,26,855.041274438812
2014,11,27,905.939509954058
2014,11,28,854.876136363636
2014,11,29,803.883440514469
2014,11,30,793.800847457627
2014,11,30,793.800847457627
2014,12,1,813.040714285714
2014,12,2,827.129197080292
2014,12,3,825.867339581831
2014,12,4,781.0625
2014,12,5,662.091612903226
2014,12,6,819.364620938628
2014,12,7,840.349802371542
2014,12,8,767.437142857143
2014,12,9,745.940714285714
2014,12,10,762.452347083926
2014,12,11,790.905104241553
2014,12,12,777.038001407459
2014,12,13,786.517556179775
2014,12,14,738.818003913894
2014,12,18,914.149359886202
2014,12,19,912.447857142857
2014,12,20,971.603448275862
2014,12,21,895.977745872218
2014,12,22,935.079272727273
2014,12,23,927.803382663848
2014,12,24,905.814055636896
2014,12,25,881.684767277856
2014,12,26,861.737752161383
2014,12,27,774.831775700934
2014,12,28,887.678336980306
2014,12,29,868.688028169014
2014,12,30,831.234848484848
2014,12,31,831.386381631037
2015,1,1,869.959713518353
2015,1,2,847.445042275173
2015,1,3,781.149928263988
2015,1,4,749.923538230885
2015,1,5,839.271802325581
2015,1,6,762.519469026549
2015,1,7,810.37863372093
2015,1,8,815.424962852897
2015,1,9,812.131618759455
2015,1,10,841.713043478261
2015,1,11,865.177657098526
2015,1,12,875.74287856072
2015,1,13,904.638808139535
2015,1,14,894.769058295964
2015,1,15,827.378024193548
2015,1,16,949.62268907563
2015,1,17,778.800262812089
2015,1,18,913.156580937973
2015,1,19,942.696092619392
2015,1,20,962.5058910162
2015,1,21,928.554073033708
2015,1,22,941.922693266833
2015,1,23,934.558303886926
2015,1,24,853.865998176846
2015,1,25,1007.40819672131
2015,1,26,954.482685512367
2015,1,27,896.854454203262
2015,1,28,1019.45900094251
2015,1,29,1036.29386712095
2015,1,30,1014.40909090909
2015,1,31,947.42166064982
2015,2,1,915.658707865169
2015,2,2,917.357909806729
2015,2,3,852.126436781609
2015,2,4,845.160028449502
2015,2,5,855.583573487032
2015,2,6,876.821325648415
2015,2,7,873.84195193008
2015,2,8,869.349150141643
2015,2,9,870.633782824698
2015,2,10,901.543307086614
2015,2,11,853.815078236131
2015,2,12,884.417352281227
2015,2,13,954.015625
2015,2,14,946.38961038961
2015,2,15,837.243684992571
2015,2,16,867.637818181818
2015,2,17,725.099785407725
2015,2,18,877.115354637568
2015,2,19,896.77221438646
2015,2,20,921.317823908375
2015,2,21,924.774768353528
2015,2,22,916.476123595506
2015,2,23,897.095067905647
2015,2,24,844.857551896922
2015,2,25,822.564808110065
2015,2,26,913.208791208791
2015,2,27,867.236822001528
2015,2,28,826.597569692638
2015,3,1,856.171593366979
2015,3,2,870.504279600571
2015,2,28,826.597569692638
2015,3,1,856.171593366979
2015,3,2,870.504279600571
2015,3,3,834.279253409907
2015,3,4,792.092667203868
2015,3,5,806.474063400576
2015,3,6,844.422157856626
2015,3,7,794.142749244713
2015,3,8,815.406609195402
2015,3,9,826.161645848641
2015,3,10,835.574358974359
2015,3,11,809.69197080292
2015,3,12,804.061806656101
2015,3,13,874.296742209632
2015,3,14,918.829565217391
2015,3,15,873.721454545455
2015,3,16,845.853003533569
2015,3,17,838.974738675958
2015,3,18,909.073223259153
2015,3,19,870.41014168531
2015,3,20,829.866432337434
2015,3,21,831.168081494058
2015,3,22,874.069131832797
2015,3,23,799.393653516295
2015,3,24,802.626666666667
2015,3,25,786.425327510917
2015,3,26,803.863475177305
2015,3,27,828.565640194489
2015,3,28,829.156398104265
2015,3,29,835.598890942699
2015,3,30,845.225429017161
2015,3,31,892.632452830189
2015,4,1,906.868140868141
2015,4,2,888.412056151941
2015,4,3,881.618571428571
2015,4,4,837.174311926605
2015,4,5,860.685328185328
2015,4,6,894.579028527371
2015,4,7,836.493708364175
2015,4,8,841.664760543245
2015,4,9,822.55406360424
2015,4,10,811.208333333333
2015,4,11,820.47341211226
2015,4,12,843.692142857143
2015,4,13,806.770893371758
2015,4,14,800.262857142857
2015,4,15,851.542521994135
2015,4,16,869.320699708455
2015,4,17,826.008396946565
2015,4,18,833.504457652303
2015,4,19,833.646118721461
2015,4,20,846.362210604929
2015,4,21,870.118497109827
2015,4,22,801.074893617021
2015,4,23,830.515128006206
2015,4,24,854.909417685119
2015,4,25,856.020803443329
2015,4,26,874.723664122137
2015,4,27,864.707560627675
2015,4,28,920.518272425249
2015,4,29,872.482142857143
2015,4,30,840.538213998391
2015,4,30,840.538213998391
2015,5,1,852.460194174757
2015,5,2,853.683215130024
2015,5,3,793.447026022305
2015,5,4,810.234522942462
2015,5,5,767.69010989011
2015,5,6,794.277419354839
2015,5,7,778.971982758621
2015,5,8,764.996212121212
2015,5,9,779.085516178737
2015,5,10,748.90833959429
2015,5,11,763.778187177598
2015,5,12,823.850681981335
2015,5,13,845.704384724187
2015,5,14,818.908020603385
2015,5,15,824.201720093823
2015,5,16,897.014184397163
2015,5,17,807.935143288084
2015,5,18,770.974377224199
2015,5,19,741.429078014184
2015,5,20,754.49066091954
2015,5,21,673.309352517986
2015,5,22,780.239393939394
2015,5,23,943.699481865285
2015,5,24,682.524978089395
2015,5,25,676.329914529915
2015,5,26,614.64322647363
2015,5,27,611.32006245121
2015,5,28,651.949938949939
2015,5,29,676.977859778598
2015,6,4,745.20302760463
2015,6,5,653.222222222222
2015,6,6,674.376933895921
2015,6,7,728.568710359408
2015,6,8,784.122766122766
2015,6,9,755.06753458096
2015,6,10,727.140186915888
2015,6,11,739.224063400576
2015,6,12,795.199698568199
2015,6,13,812.30407523511
2015,6,14,751.314326443336
2015,6,15,761.925614035088
2015,6,16,714.613475177305
2015,6,17,705.528381219341
2015,6,18,702.680731364276
2015,6,19,726.696764484575
2015,6,20,784.263943440691
2015,6,21,873.338611449452
2015,6,22,775.859688195991
2015,6,23,789.259313367422
2015,6,24,876.444020356234
2015,7,3,769.212598425197
2015,7,4,601.582827406765
2015,7,5,631.814960629921
2015,7,6,586.592483419307
2015,7,7,581.36812749004
2015,7,8,623.961370262391
2015,7,9,645.694383661561
2015,7,10,687.902848794741
2015,7,11,768.968045112782
2015,7,12,746.28253968254
2015,7,13,676.776872964169
2015,7,14,651.220326936745
2015,7,15,631.416607523066
2015,7,16,614.706723891273
2015,7,17,665.487087517934
2015,7,18,660.778811739442
2015,7,19,632.417366946779
2015,7,20,648.8129395218
2015,7,21,675.99011299435
2015,7,22,644.600418410042
2015,7,23,653.671828908555
2015,7,24,656.526512322629
2015,7,25,657.020061728395
2015,7,26,725.318042813456
2015,7,27,689.695603156708
2015,7,28,646.548818088386
2015,7,29,650.533674339301
2015,7,30,639.454481792717
2015,7,31,626.864598025388
2015,8,1,571.766592095451
2015,8,2,579.855413105413
2015,8,3,631.255087209302
2015,8,4,636.520655270655
2015,8,5,627.542669584245
2015,8,6,603.191322901849
2015,8,7,616.583697234352
2015,8,8,674.929854576561
2015,8,9,739.670634920635
2015,8,10,735.836395450569
2015,8,11,644.835799859056
2015,8,12,636.024822695035
2015,8,13,646.417767988253
2015,8,14,633.6656394453
2015,8,15,635.692417739628
2015,8,16,628.639240506329
2015,8,17,595.034458509142
2015,8,18,625.604651162791
2015,8,19,679.936930623686
2015,8,20,694.797744890768
2015,8,21,723.895966029724
2015,8,22,757.841437632135
2015,8,23,794.155440414508
2015,8,24,845.050739957717
2015,8,25,815.785393258427
2015,8,26,753.052389705882
2015,8,27,689.029970760234
2015,8,28,662.095238095238
2015,8,29,658.84632034632
2015,8,30,631.388321167883
2015,8,31,580.203193033382
2015,9,1,582.996423462089
2015,9,2,588.713037144938
2015,9,3,622.941438102298
2015,9,4,624.707070707071
2015,9,5,647.463397299218
2015,9,6,751.841105354059
2015,9,7,799.811637080868
2015,9,8,781.941333333333
2015,9,9,780.573956121727
2015,9,10,803.848484848485
2015,9,11,772.430316091954
2015,9,12,752.989524576954
2015,9,13,776.392200147167
2015,9,14,767.919883466861
2015,9,15,728.707264957265
2015,9,16,706.616418966737
2015,9,17,711.962857142857
2015,9,18,700.966594045025
2015,9,19,704.379061371841
2015,9,20,714.680334092635
2015,9,21,747.744186046512
2015,9,22,770.05953693495
2015,9,23,801.610724925521
2015,9,24,755.729212656365
2015,9,25,735.674302075877
2015,9,26,755.644894894895
2015,9,27,778.088644688645
2015,9,28,785.448471926084
2015,9,29,812.448028673835
2015,9,30,789.806752873563
2015,9,30,789.806752873563
2015,10,1,791.06
2015,10,2,797.212672978878
2015,10,3,805.83932346723
2015,10,4,815.945621468927
2015,10,5,846.056858564321
2015,10,6,847.119413919414
2015,10,7,849.517518248175
2015,10,8,881.975282485876
2015,10,9,877.212334113973
2015,10,10,796.32632342277
2015,10,11,780.898305084746
2015,10,12,779.381845461365
2015,10,13,795.169603524229
2015,10,14,847.807750759878
2015,10,15,831.749814402376
2015,10,16,827.161057692308
2015,10,17,848.940650406504
2015,10,18,857.402375649592
2015,10,19,891.980910425844
2015,10,20,883.081811541271
2015,10,21,904.458363504707
2015,10,22,923.171695402299
2015,10,23,909.853589196873
2015,10,24,907.026637868971
2015,10,25,930.586920529801
2015,10,26,898.140172278778
2015,10,27,834.454935622318
2015,10,28,784.724163027656
2015,10,29,759.30797366496
2015,10,30,764.429913294798
2015,10,31,745
2015,11,1,803.726293103448
2015,11,2,898.943692088382
2015,11,3,915.503571428571
2015,11,4,904.296695402299
2015,11,5,901.283005105762
2015,11,6,898.651340996169
2015,11,7,885.037668798863
2015,11,8,896.655523255814
2015,11,9,900.737936772047
2015,11,10,835.706482155863
2015,11,11,813.464757709251
2015,11,12,782.276716206653
2015,11,13,776.312134502924
2015,11,14,741.226897069872
2015,11,15,726.620993589744
2015,11,16,742.926917510854
2015,11,17,733.908629441624
2015,11,18,731.097192224622
2015,11,19,789.71186440678
2015,11,20,839.720567375887
2015,11,21,828.221748400853
2015,11,22,828.264563106796
2015,11,23,733.185053380783
2015,11,24,788.032576505429
2015,11,25,814.849070100143
2015,11,26,837.594936708861
2015,11,27,882.121348314607
2015,11,28,805.690070921986
2015,11,29,832.459207459207
2015,11,30,793.935786435786
2015,11,30,793.935786435786
2015,12,1,798.540498442368
2015,12,2,792.822674418605
2015,12,3,816.257834757835
2015,12,4,844.079125847777
2015,12,5,810.206545454545
2015,12,6,885.900731452456
2015,12,7,919.883675464321
2015,12,8,899.366285119667
2015,12,9,813.278001611604
2015,12,10,809.026615969582
2015,12,11,794.751814223512
2015,12,12,770.163481953291
2015,12,13,734.196789951151
2015,12,14,829.325842696629
2015,12,15,930.495575221239
2015,12,16,839.74440433213
2015,12,17,823.01579778831
2015,12,18,800.036324786325
2015,12,19,996.2125
2015,12,20,781.906873614191
2015,12,21,893.270240700219
2015,12,22,914.91619047619
2015,12,23,927.239067055394
2015,12,24,821.126196692776
2015,12,25,737.456490727532
2015,12,26,753.743138634764
2015,12,27,773.443965517241
2015,12,28,766.188896899784
2015,12,29,776.584397163121
2015,12,30,792.726114649682
2015,12,31,811.967283072546
2016,1,1,803.804409672831
2016,1,2,842.856938483548
2016,1,3,855.783667621777
2016,1,4,844.956183745583
2016,1,5,919.53734439834
2016,1,6,919.288711288711
2016,1,7,913.172008547009
2016,1,8,922.328552803129
2016,1,9,801.448738170347
2016,1,10,766.649753347428
2016,1,11,807.981227436823
2016,1,12,805.541875447387
2016,1,13,863.313148788927
2016,1,14,841.085532302093
2016,1,15,846.501459854015
2016,1,16,822.176767676768
2016,1,17,845.935094339623
2016,1,18,835.859765051395
2016,1,19,927.047169811321
2016,1,20,952.026369168357
2016,1,21,939.901322482197
2016,1,22,860.915925626516
2016,1,23,814.716030534351
2016,1,24,827.090629800307
2016,1,25,802.628156082632
2016,1,26,771.023305084746
2016,1,27,814.306536438768
2016,1,28,813.327724945135
2016,1,29,812.808770668584
2016,1,30,796.892134831461
2016,1,31,847.821877309682
2016,2,1,855.134642356241
2016,2,2,857.5823117338
2016,2,3,895.310344827586
2016,2,4,881.875874125874
2016,2,5,908.140594059406
2016,2,6,892.405887600357
2016,2,7,845.508943089431
2016,2,8,763.422710622711
2016,2,9,755.295033358043
2016,2,10,764.64017033357
2016,2,11,768.794927536232
2016,2,12,743.997858672377
2016,2,13,722.834399431414
2016,2,14,740.777777777778
2016,2,15,787.86170212766
2016,2,16,882.712788259958
2016,2,17,880.901063829787
2016,2,18,923.106694560669
2016,2,19,892.505397448479
2016,2,20,828.6088
2016,2,21,813.378576669112
2016,2,22,836.742857142857
2016,2,23,835.629221732746
2016,2,24,865.321199143469
2016,2,25,839.266811279826
2016,2,26,774.455056179775
2016,2,27,789.010917030568
2016,2,28,809.53642384106
2016,2,29,838.064466615503
2016,3,1,861.004582951421
2016,2,29,838.064466615503
2016,3,1,861.004582951421
2016,3,2,913.699095022624
2016,3,3,947.090909090909
2016,3,4,919.999090909091
2016,3,5,916.848694316436
2016,3,6,881.655074520937
2016,3,7,890.310966810967
2016,3,8,891.313475177305
2016,3,9,871.36797752809
2016,3,10,850.275645498953
2016,3,11,829.04205274412
2016,3,12,812.316605166052
2016,3,13,818.6111898017
2016,3,14,792.48717948718
2016,3,15,884.599632690542
2016,3,16,875.178707224335
2016,3,17,841.514285714286
2016,3,18,786.45103645461
2016,3,19,774.854304635762
2016,3,20,798.863539445629
2016,3,21,774.481507823613
2016,3,22,774.027798647633
2016,3,23,788.497838616715
2016,3,24,759.955414012739
2016,3,25,765.342086586231
2016,3,26,780.110552763819
2016,3,26,771.543191800879
2016,3,28,753.412454212454
2016,3,29,812.862944162437
2016,3,30,851.023020257827
2016,3,31,900.996981891348
2016,4,1,907.305357142857
2016,4,2,878.488355681016
2016,4,3,883.175250357654
2016,4,4,852.845875542692
2016,4,5,856.487658937921
2016,4,6,859.048467569494
2016,4,7,840.195883605394
2016,4,8,834.748400852878
2016,4,9,858.761870503597
2016,4,10,841.193848354793
2016,4,11,829.715517241379
2016,4,12,812.506637168142
2016,4,13,835.402127659574
2016,4,14,831.064841498559
2016,4,15,841.315712187959
2016,4,16,821.106853352984
2016,4,17,813.422852983988
2016,4,18,818.232182218957
2016,4,19,816.323699421965
2016,4,20,806.257575757576
2016,4,21,792.454680534918
2016,4,22,785.497872340426
2016,4,23,755.030501089325
2016,4,24,731.077140835103
2016,4,25,726.872175141243
2016,4,26,713.402964008469
2016,4,27,716.203743700504
2016,4,28,738.325746799431
2016,4,29,756.84768683274
2016,4,30,772.702934860415
2016,4,30,772.702934860415
2016,5,1,794.786946736684
2016,5,2,803.904109589041
2016,5,3,788.273929961089
2016,5,4,758.711496746204
2016,5,5,774.507451564829
2016,5,6,793.570306923626
2016,5,7,800.149059334298
2016,5,8,803.785206258891
2016,5,9,824.549780380673
2016,5,10,811.049330514447
2016,5,11,801.50652173913
2016,5,12,794.234398782344
2016,5,13,800.082191780822
2016,5,14,802.825681492109
2016,5,15,827.671755725191
2016,5,16,879.565742714996
2016,5,17,858.435770049681
2016,5,18,817.43302891933
2016,5,19,768.042735042735
2016,5,20,759.460283687943
2016,5,21,727.056689342404
2016,5,22,659.125274725275
2016,5,23,666.097755249819
2016,5,24,697.568571428571
2016,5,25,694.735006973501
2016,5,26,710.795714285714
2016,5,27,700.69537815126
2016,5,28,707.438297872341
2016,5,29,696.261754385965
2016,5,30,701.84476534296
2016,5,31,702.137517630465
2016,6,1,701.579131652661
2016,6,2,702.735902926481
2016,6,3,745.841820987654
2016,6,4,720.055244755245
2016,6,5,724.546996466431
2016,6,6,741.875442321302
2016,6,7,795.000710732054
2016,6,8,830.413361169102
2016,6,9,807.726037195994
2016,6,10,835.522988505747
2016,6,11,893.77295024527
2016,6,12,929.299019607843
2016,6,13,875.212962962963
2016,6,14,853.209051724138
2016,6,15,861.234797297297
2016,6,16,892.34492481203
2016,6,17,860.490131578947
2016,6,18,770.1388101983
2016,6,19,736.058286516854
2016,6,20,710.642402826855
2016,6,21,718.593006993007
2016,6,22,701.77423920736
2016,6,23,678.792022792023
2016,6,24,688.099156118143
2016,6,25,710.237156931738
2016,6,26,766.199290780142
2016,6,27,794.71954674221
2016,6,28,803.586524822695
2016,6,29,795.902877697842
2016,6,30,905.665166516652
2016,6,30,905.665166516652
2016,7,1,944.756842105263
2016,7,2,915.871568627451
2016,7,3,831.919327731092
2016,7,4,770.118476727786
2016,7,5,711.469503546099
2016,7,6,715.041172365666
2016,7,7,692.970318021201
2016,7,8,682.801548205489
2016,7,9,723.704964539007
2016,7,10,783.903750884643
2016,7,11,819.550387596899
2016,7,12,814.37508846426
2016,7,13,803.910122164049
2016,7,14,782.88740617181
2016,7,15,819.145833333333
2016,7,16,822.32868757259
2016,7,17,797.033816425121
2016,7,18,784.773839662447
2016,7,19,718.44298245614
2016,7,20,708.184950773558
2016,7,21,711.585604472397
2016,7,22,705.522261484099
2016,7,23,695.269607843137
2016,7,24,693.722612359551
2016,7,25,658.416073968706
2016,7,26,673.426769446391
2016,7,27,700.22903453136
2016,7,28,752.150719729043
2016,7,29,765.070019723866
2016,7,30,788.100792751982
2016,7,31,800.182286302781
2016,8,1,752.094249201278
2016,8,2,713.281138790036
2016,8,3,714.108416547789
2016,8,4,680.868637110016
2016,8,5,634.228192602931
2016,8,6,652.289122807018
2016,8,7,658.831920903955
2016,8,8,660.348046309696
2016,8,9,621.629524485451
2016,8,10,610.971408647141
2016,8,11,606.864511162433
2016,8,12,625.668161434978
2016,8,13,660.117874396135
2016,8,14,681.979445015416
2016,8,15,700.858275520317
2016,8,16,637.387005649717
2016,8,17,617.27304964539
2016,8,18,614.922701949861
2016,8,19,587.966362999299
2016,8,20,571.710826210826
2016,8,21,570.095238095238
2016,8,22,581.749299719888
2016,8,23,587.2247034194
2016,8,24,615.480083857442
2016,8,25,633.473980309423
2016,8,26,680.487783595113
2016,8,27,745.274444444444
2016,8,28,697.862989323843
2016,8,29,629.921733053808
2016,8,30,618.034862385321
2016,8,31,602.075307748009
2016,9,1,582.111827956989
2016,9,2,560.98490294752
2016,9,3,587.695682944091
2016,9,4,574.861052631579
2016,9,5,559.452549575071
2016,9,6,550.670025188917
2016,9,8,516.958217270195
2016,9,9,655.452293577982
2016,9,10,670.150112866817
2016,9,11,649.416473317865
2016,9,12,657.191836734694
2016,9,13,653.501248959201
2016,9,14,608.371848739496
2016,9,15,601.916783216783
2016,9,16,590.151836158192
2016,9,17,621.285814116003
2016,9,18,632.665955934613
2016,9,19,622.748951048951
2016,9,20,603.51564828614
2016,9,21,612.466081404629
2016,9,22,620.733707077786
2016,9,23,625.013976240391
2016,9,24,684.5621669627
2016,9,25,643.448179271709
2016,9,26,614.174535050072
2016,9,27,620.079432624113
2016,9,28,632.562947067239
2016,9,29,644.070224719101
2016,9,30,651.206582633053
2016,9,30,651.206582633053
2016,10,1,641.510132774284
2016,10,2,627.082105263158
2016,10,3,626.492662473795
2016,10,4,618.573724668064
2016,10,5,609.391396332863
2016,10,6,591.942335766423
2016,10,7,604.673699015471
2016,10,8,612.72546230441
2016,10,9,681.072062084257
2016,10,10,597.397950469684
2016,10,11,645.545581071677
2016,10,12,649.884016973126
2016,10,13,633.506751954513
2016,10,14,691.526425591099
2016,10,15,685.553846153846
2016,10,16,687.652417659425
2016,10,17,694.785014005602
2016,10,18,704.544817927171
2016,10,19,699.69392033543
2016,10,20,703.811412665275
2016,10,21,813.583090379009
2016,10,23,632.302777777778
2016,10,24,743.443001443001
2016,10,25,733.130434782609
2016,10,26,716.984397163121
2016,10,27,733.176470588235
2016,10,28,709.07805907173
2016,10,29,706.119487908962
2016,10,30,699.263703703704
2016,10,31,690.233922261484
2016,11,1,698.242271746945
2016,11,2,710.427766032417
2016,11,3,707.298939929329
2016,11,4,720.016997167139
2016,11,5,764.997169143666
2016,11,6,748.901875901876
2016,11,7,731.845212383009
2016,11,8,756.402031930334
2016,11,9,807.127233738385
2016,11,10,818.286219081272
2016,11,11,816.509527170078
2016,11,12,862.016977928693
2016,11,13,889.603066439523
2016,11,14,819.550426136364
2016,11,15,835.351086194814
2016,11,16,839.49605734767
2016,11,17,846.852899575672
2016,11,18,842.613086770981
2016,11,19,896.994633273703
2016,11,21,804.17339055794
2016,11,22,837.122276879831
2016,11,23,864.175475687104
2016,11,24,908.3226812159
2016,11,25,948.170535714286
2016,11,26,927.177587844255
2016,11,27,810.253911806543
2016,11,28,790.970983722576
2016,11,29,777.616204690832
2016,11,30,748.887518142235
2016,11,30,748.887518142235
2016,12,1,718.679151943463
2016,12,2,733.963045084996
2016,12,3,739.123131672598
2016,12,4,726.489694385217
2016,12,5,787.083926031294
2016,12,6,822.079791200597
2016,12,7,817.965811965812
2016,12,8,844.750907770516
2016,12,9,817.12808988764
2016,12,10,795.272661348803
2016,12,11,902.149514563107
2016,12,12,822.94683908046
2016,12,13,802.369230769231
2016,12,14,749.431072210066
2016,12,15,761.466761972838
2016,12,16,786.818379160637
2016,12,17,769.612288135593
2016,12,18,750.346451159522
2016,12,19,811.507082152974
2016,12,20,871.253003003003
2016,12,21,875.038681948424
2016,12,22,904.978947368421
2016,12,23,882.953244940684
2016,12,24,953.954732510288
2016,12,25,966.172718351325
2016,12,26,923.173833485819
2016,12,27,827.973925299507
2016,12,28,822.260992907801
2016,12,29,824.10447761194
2016,12,30,831.079187105816
2016,12,31,828.777699364855
2017,1,1,830.325335215243
2017,1,2,877.759459459459
2017,1,17,2604
2017,1,18,766.315789473684
2017,1,19,821.501051156272
2017,1,20,801.745632424878
2017,1,21,806.234738372093
2017,1,22,813.022580645161
2017,1,23,847.607574536664
2017,1,24,878.296594982079
2017,1,25,813.745263157895
2017,1,26,899.626838235294
2017,1,27,795.820191599116
2017,1,28,808.323467230444
2017,1,29,849.161381254405
2017,1,30,895.388070175439
2017,1,31,889.556890459364
2017,2,1,852.106188466948
2017,2,2,795.687853107345
2017,2,3,821.532303370787
2017,2,4,835.556107954545
2017,2,5,885.397137745975
2017,2,6,857.926660914582
2017,2,7,861.466537342386
2017,2,8,779.825196850394
2017,2,9,763.02399435427
2017,2,10,765.811188811189
2017,2,11,752.626928471248
2017,2,12,730.918881118881
2017,2,13,715.944909344491
2017,2,14,721.912648497554
2017,2,15,755.246164574617
2017,2,16,756.369718309859
2017,2,17,782.789915966387
2017,2,18,874.413079470199
2017,2,19,884.853072128228
2017,2,20,859.016129032258
2017,2,21,793.907294832827
2017,2,22,815.589073634204
2017,2,23,777.849860335196
2017,2,24,797.190909090909
2017,2,25,783.082459818309
2017,2,26,758.100840336134
2017,2,27,766.45213137666
2017,2,28,811.586638830898
2017,3,1,838.089260808926
2017,3,2,833.048780487805
2017,2,28,811.586638830898
2017,3,1,838.089260808926
2017,3,2,833.048780487805
2017,3,3,858.535416666667
2017,3,4,839.450694444444
2017,3,5,934.353153153153
2017,3,6,961.846837944664
2017,3,7,889.115351257589
2017,3,8,855.371329879102
2017,3,9,809.116991643454
2017,3,10,827.506355932203
2017,3,11,775.819845179451
2017,3,12,704.837209302326
2017,3,13,669.616033755274
2017,3,14,710.513742071882
2017,3,15,725.097956307259
2017,3,16,739.313795568263
2017,3,17,760.957295373665
2017,3,18,745.924113475177
2017,3,19,782.948360655738
2017,3,20,859.311974789916
2017,3,21,825.205309734513
2017,3,22,732.248611111111
2017,3,23,736.641364902507
2017,3,24,794.932357043236
2017,3,25,794.400277970813
2017,3,25,793.333100558659
2017,3,27,796.712995135511
2017,3,28,797.234027777778
2017,3,29,780.643205574913
2017,3,30,752.752559726962
2017,3,31,760.594989561587
2017,4,1,765.010438413361
2017,4,2,776.468248429867
2017,4,3,745.844815588031
2017,4,4,725.517945109078
2017,4,5,745.764500349406
2017,4,6,753.602375960867
2017,4,7,701.134776536313
2017,4,8,684.668061366806
2017,4,9,701.338204592902
2017,4,10,712.62805303559
2017,4,11,643.679211469534
2017,4,12,660.70323488045
2017,4,13,662.498252969951
2017,4,14,675.670859538784
2017,4,15,691.639355742297
2017,4,16,689.878511235955
2017,4,17,651.718967921897
2017,4,18,657.270062805303
2017,4,19,691.074825174825
2017,4,20,669.876482903001
2017,4,21,654.502797202797
2017,4,22,641.590302178496
2017,4,23,647.538461538462
2017,4,24,605.37296532201
2017,4,25,586.470338983051
2017,4,26,593.454289732771
2017,4,27,601.890536723164
2017,4,28,624.286016949153
2017,4,29,613.610757254069
2017,4,30,623.134696755994
2017,4,30,623.134696755994
2017,5,1,608.460215053763
2017,5,2,597.360288808664
2017,5,3,500.946540880503
2017,5,4,678.090395480226
2017,5,5,707.91149825784
2017,5,6,729.715877437326
2017,5,7,761.756624825663
2017,5,8,769.168061366806
2017,5,9,750.088111888112
2017,5,10,737.9418767507
2017,5,11,709.497543859649
2017,5,12,719.942777390091
2017,5,13,741.979079497908
2017,5,14,714.732582688248
2017,5,15,736.339675828048
2017,5,16,719.953846153846
2017,5,17,702.016806722689
2017,5,18,686.979776847978
2017,5,19,701.822004204625
2017,5,20,650.508759635599
2017,5,21,636.364845938375
2017,5,22,604.414225941423
2017,5,23,605.98099929627
2017,5,24,606.548951048951
2017,5,25,617.152400835073
2017,5,26,628.08653175157
2017,5,27,612.662438336857
2017,5,28,607.930410577592
2017,5,29,622.563458856346
2017,5,30,615.714683368128
2017,5,31,577.748953974895
2017,6,1,569.956430077301
2017,6,2,569.940476190476
2017,6,3,598.566037735849
2017,6,4,616.156533892383
2017,6,5,622.867225716282
2017,6,6,619.666433076384
2017,6,7,609.605171208945
2017,6,8,636.325191905094
2017,6,9,647.885854341737
2017,6,10,640.805322128852
2017,6,11,640.821478382148
2017,6,12,646.672942817294
2017,6,13,691.844912280702
2017,6,14,710.151642208246
2017,6,15,698.375524475524
2017,6,16,666.113445378151
2017,6,17,702.434661076171
2017,6,18,734.448421052631
2017,6,19,728.922105263158
2017,6,20,801.660621761658
2017,6,21,818.588021778584
2017,6,22,809.45252352438
2017,6,23,719.64055944056
2017,6,24,705.562937062937
2017,6,25,696.3839602555
2017,6,26,749.667627974045
2017,6,27,778.233403214535
2017,6,28,776.078596491228
2017,6,29,759.148459383754
2017,6,30,749.488061797753
2017,6,30,749.488061797753
2017,7,1,747.84965034965
2017,7,2,735.637894736842
2017,7,3,754.637837837838
2017,7,4,784.191526919682
2017,7,5,741.600809716599
2017,7,6,660.178370786517
2017,7,7,624.415319747013
2017,7,8,624.385684503127
2017,7,9,632.630098452883
2017,7,10,605.454353932584
2017,7,11,591.880450070323
2017,7,12,570.757383966245
2017,7,13,584.967921896792
2017,7,14,600.488795518207
2017,7,15,592.584089323098
2017,7,16,576.842105263158
2017,7,17,579.544117647059
2017,7,18,595.789915966387
2017,7,19,721.139643861293
2017,7,20,768.465909090909
2017,7,21,717.660550458716
2017,7,22,625.004943502825
2017,7,23,608.586524822695
2017,7,24,571.689217758985
2017,7,25,555.914427157001
2017,7,26,558.082802547771
2017,7,27,537.649929278642
2017,7,28,536.922371206775
2017,7,29,527.212121212121
2017,7,30,561.984507042254
2017,7,31,583.765162200282
2017,8,1,683.260981912145
2017,8,2,690.886063072228
2017,8,3,636.244176706827
2017,8,4,620.305240793201
2017,8,5,612.169252468265
2017,8,6,645.799016163036
2017,8,7,655.620253164557
2017,8,8,637.373851590106
2017,8,9,653.307475317348
2017,8,10,656.737693389592
2017,8,11,620.413502109705
2017,8,12,544.324419422942
2017,8,13,548.15081042988
2017,8,14,595.585623678647
2017,8,15,606.654736842105
2017,8,16,643.321806633733
2017,8,17,787.862934362934
2017,8,18,782.121512151215
2017,8,19,720.080394922426
2017,8,20,693.366573033708
2017,8,21,647.386779184248
2017,8,22,618.623943661972
2017,8,23,634.560253699789
2017,8,24,629.477528089888
2017,8,25,617.004905395936
2017,8,26,626.764788732394
2017,8,27,656.168657765285
2017,8,28,680.96558988764
2017,8,29,681.775740479549
2017,8,30,717.493827160494
2017,8,31,777.233576642336
2017,9,1,718.275444839858
2017,9,2,743.222457627119
2017,9,3,740.721988795518
2017,9,4,698.848056537102
2017,9,5,696.288623595506
2017,9,6,752.389124293785
2017,9,7,730.98382559775
2017,9,8,743.264602392681
2017,9,9,735.01547116737
2017,9,10,719.115655853314
2017,9,11,748.636363636364
2017,9,12,752.907997169144
2017,9,13,745.757790368272
2017,9,14,808.589958158996
2017,9,15,767.792619926199
2017,9,16,813.475421348315
2017,9,17,871.072331460674
2017,9,18,830.516129032258
2017,9,19,769.634819532909
2017,9,20,751.715297450425
2017,9,21,732.686054660126
2017,9,22,680.116197183099
2017,9,23,665.433988764045
2017,9,24,642.782060266293
2017,9,25,638.863859649123
2017,9,26,686.094432699084
2017,9,27,715.240532959327
2017,9,28,716.811228070175
2017,9,29,684.587368421053
2017,9,30,692.048814504881
2017,9,30,692.048814504881
2017,10,1,755.733752620545
2017,10,2,802.756476683938
2017,10,3,707.467546754675
2017,10,4,742.686054660126
2017,10,5,738.238564391274
2017,10,6,760.365546218487
2017,10,7,738.377450980392
2017,10,8,734.599859353024
2017,10,9,691.68487394958
2017,10,10,790.251428571429
2017,10,11,714.558493589744
2017,10,12,807.681210415201
2017,10,13,822.401403508772
2017,10,14,876.328193832599
2017,10,15,829.212660028449
2017,10,16,800.758450704225
2017,10,17,763.566315789474
2017,10,18,721.338276836158
2017,10,19,725.319943622269
2017,10,20,707.629316420014
2017,10,21,702.006342494715
2017,10,22,702.800984528833
2017,10,23,697.052779732583
2017,10,24,674.704641350211
2017,10,25,698.669241573034
2017,10,26,732.367275280899
2017,10,27,761.633566433566
2017,10,28,794.198318149965
2017,10,29,808.794852941176
2017,10,30,835.193798449612
2017,10,31,874.747368421053
2017,11,1,865.241403508772
2017,11,2,886.136011275546
2017,11,3,920.409824561404
2017,11,4,877.136427566807
2017,11,5,874.836134453781
2017,11,6,846.970212765957
2017,11,7,825.350421348315
2017,11,8,846.859943977591
2017,11,9,909.840701754386
2017,11,10,936.144662921348
2017,11,11,944.480701754386
2017,11,12,941.919774806474
2017,11,13,921.921348314607
2017,11,14,898.529204785362
2017,11,15,835.93829787234
2017,11,16,790.011904761905
2017,11,17,775.186666666667
2017,11,18,782.123674911661
2017,11,19,788.887412587413
2017,11,20,793.32215234102
2017,11,21,783.676923076923
2017,11,22,789.571328671329
2017,11,23,820.463091922006
2017,11,24,828.874736101337
2017,11,25,853.360896986685
2017,11,26,867.48850174216
2017,11,27,847.53593859037
2017,11,28,823.768776371308
2017,11,30,822.923728813559
2017,11,30,822.923728813559
2017,12,1,896.025568181818
2017,12,3,1011.08683473389
2017,12,4,757.046624913013
2017,12,5,739.211740041929
2017,12,6,667.431167016073
2017,12,7,658.218967921897
2017,12,8,732.042016806723
2017,12,9,784.871080139373
2017,12,10,815.720055710306
2017,12,11,842.070481507327
2017,12,12,856.31520223152
2017,12,13,841.324965132497
2017,12,14,814.51298245614
2017,12,15,785.659678546471
2017,12,16,788.990812720848
2017,12,17,788.230930720784
2017,12,18,787.876577840112
2017,12,19,790.574616457462
2017,12,20,784.002087682672
2017,12,21,759.317294281729
2017,12,22,778.653389238295
2017,12,23,801.844755244755
2017,12,24,833.311797752809
2017,12,25,837.175192711983
2017,12,26,818.243553008596
2017,12,27,841.92036645525
2017,12,28,875.411352487737
2017,12,29,943.695427092321
2017,12,30,939.472090823084
2017,12,31,912.80535530381
2018,1,1,759.066852367688
2018,1,2,879.088034188034
2018,1,3,750.309740714786
2018,1,4,742.216842105263
2018,1,5,752.707282913165
2018,1,6,770.478566408995
2018,1,7,793.421201413428
2018,1,8,806.867647058824
2018,1,9,823.011196641008
2018,1,10,815.873765867419
2018,1,11,913.037105751391
2018,1,12,905.877192982456
2018,1,13,836.915102040816
2018,1,14,820.917366946779
2018,1,15,865.411764705882
2018,1,16,847.789177793394
2018,1,17,833.220752089136
2018,1,18,820.910689170183
2018,1,19,799.162237762238
2018,1,20,812.41345480028
2018,1,21,828.784106891702
2018,1,22,828.151791988756
2018,1,23,836.783687943262
2018,1,24,862.583333333333
2018,1,25,883.401547116737
2018,1,26,876.02618542109
2018,1,27,916.422428330523
2018,1,28,895.535858178888
2018,1,29,957.598646034816
2018,1,30,918.736059479554
2018,1,31,765.019027484144
2018,2,1,799.893511988716
2018,2,2,832.32223796034
2018,2,3,807.74682651622
2018,2,4,786.548771929825
2018,2,5,831.278409090909
2018,2,6,861.555735056543
2018,2,7,849.60872624912
2018,2,8,937.299082568807
2018,2,9,883.847918436703
2018,2,10,798.848888888889
2018,2,11,773.020743919885
2018,2,12,743.744039270687
2018,2,13,720.443198804185
2018,2,14,664.425052779733
2018,2,15,723.434936350778
2018,2,16,757.788367203924
2018,2,17,765.972554539057
2018,2,18,751.700070077085
2018,2,19,769.888185654008
2018,2,20,773.037192982456
2018,2,21,802.88255733148
2018,2,22,792.718162839248
2018,2,23,811.644389438944
2018,2,24,839.794871794872
2018,2,25,826.559027777778
2018,2,26,828.018213356461
2018,2,27,797.825722983257
2018,2,28,779.031073446328
2018,3,1,883.347222222222
2018,3,2,789.754901960784
2018,2,28,779.031073446328
2018,3,1,883.347222222222
2018,3,2,789.754901960784
2018,3,3,779.7088873338
2018,3,4,731.946378830084
2018,3,5,688.855244755245
2018,3,6,709.559298245614
2018,3,7,736.750348675035
2018,3,8,749.374474053296
2018,3,9,815.298521256932
2018,3,10,858.801455301455
2018,3,11,819.702898550725
2018,3,12,850.581232492997
2018,3,13,853.127272727273
2018,3,14,830.832289491997
2018,3,15,838.059274755928
2018,3,16,813.358885017422
2018,3,17,819.328179901616
2018,3,18,805.66433076384
2018,3,19,757.321279554937
2018,3,20,772.938633193863
2018,3,21,818.798465829847
2018,3,22,767.358956276446
2018,3,23,859.746768060837
2018,3,24,842.887323943662
2018,3,24,961.673934588702
2018,3,26,888.964714184898
2018,3,27,914.357990230286
2018,3,28,890.838709677419
2018,3,29,864.192118226601
2018,3,30,858.224877020379
2018,3,31,841.157272094642
2018,4,1,845.064066852368
2018,4,2,842.133473095737
2018,4,3,830.172148355493
2018,4,4,832.342937456079
2018,4,5,856.837094499295
2018,4,6,883.606891701828
2018,4,7,902.797477224947
2018,4,8,891.482492997199
2018,4,9,914.428971308607
2018,4,10,1014.46153846154
2018,4,11,994.575949367089
2018,4,12,980.110258199581
2018,4,13,997.732673267327
2018,4,14,1017.36974789916
2018,4,15,1020.29979035639
2018,4,16,980.429175475687
2018,4,17,1022.05865921788
2018,4,18,1021.41155988858
2018,4,19,1002.96657381616
2018,4,20,990.915620641562
2018,4,21,986.843618513324
2018,4,22,973.017433751743
2018,4,23,964.364902506964
2018,4,24,939.463091922006
2018,4,25,931.770731707317
2018,4,26,917.174669450244
2018,4,27,921.76993006993
2018,4,28,948.866806136681
2018,4,29,944.949579831933
2018,4,30,900.857740585774
2018,4,30,900.857740585774
2018,5,1,867.662709497207
2018,5,2,888.4095371669
2018,5,3,819.960255500355
2018,5,4,794.714085494043
2018,5,5,827.298171589311
2018,5,6,866.106966924701
2018,5,7,786.646005509642
2018,5,8,854.108203677511
2018,5,9,878.240845070423
2018,5,10,905.592722183345
2018,5,11,951.665492957747
2018,5,12,985.775668073136
2018,5,13,1013.29847494553
2018,5,14,1041.24840764331
2018,5,15,986.188466947961
2018,5,16,975.866525423729
2018,5,17,1036.86163522013
2018,5,18,1009.40769230769
2018,5,19,985.713684210526
2018,5,20,965.728421052632
2018,5,21,933.133614627286
2018,5,22,901.306937631395
2018,5,23,933.038515406162
2018,5,24,951.08041958042
2018,5,25,951.223389355742
2018,5,26,906.750872295883
2018,5,27,913.379675370501
2018,5,28,1010.92608386638
2018,5,29,887.593398876405
2018,5,30,886.322603219034
2018,5,31,894.583916083916
2018,6,1,866.871488764045
2018,6,2,883.072179397337
2018,6,3,880.39594972067
2018,6,4,847.54786862334
2018,6,5,854.502812939522
2018,6,6,855.121254355401
2018,6,7,852.12543554007
2018,6,8,832.368987796123
2018,6,9,872.324133050248
2018,6,10,904.874021352313
2018,6,11,1009.76557377049
2018,6,12,997.673732021196
2018,6,13,958.161428571429
2018,6,14,917.840845070423
2018,6,15,904.911785462244
2018,6,16,918.768693221523
2018,6,17,871.081419624217
2018,6,18,841.281818181818
2018,6,19,873.970359915314
2018,6,20,919.474647887324
2018,6,21,949.942253521127
2018,6,22,915.980337078652
2018,6,23,925.091954022988
2018,6,24,933.699173553719
2018,6,25,849.139436619718
2018,6,26,855.792134831461
2018,6,27,841.378756114605
2018,6,28,823.581740976645
2018,6,29,833.866152768045
2018,6,30,849.5
2018,6,30,849.5
2018,7,1,817.682875264271
2018,7,2,785.374035087719
2018,7,3,797.714385964912
2018,7,4,800.376230661041
2018,7,5,792.351825842697
2018,7,6,790.184561403509
2018,7,7,796.434265734266
2018,7,8,840.604411764706
2018,7,9,918.783406113537
2018,7,10,993.644620811287
2018,7,11,939.226973684211
2018,7,12,877.38721528288
2018,7,13,843.248936170213
2018,7,14,880.269042627533
2018,7,15,882.391608391608
2018,7,16,1473
2018,7,17,1475
2018,7,18,1475
2018,7,19,1475
2018,7,20,1475
2018,7,21,1475
2018,7,22,1106.38413361169
2018,7,23,937.184466019418
2018,7,24,883.75321888412
2018,7,25,901.251228070175
2018,7,26,877.656685236769
2018,7,27,866.602777777778
2018,7,28,867.675034867504
2018,7,29,853.00700280112
2018,7,30,825.545836249125
2018,7,31,830.70530726257
2018,8,1,868.377963737796
2018,8,2,872.559498956159
2018,8,3,856.420646067416
2018,8,4,844.945024356298
2018,8,5,792.903111739745
2018,8,6,840.570458404075
2018,8,7,917.107737512243
2018,8,8,912.763975155279
2018,8,9,878.431943351692
2018,8,10,838.140103780578
2018,8,11,813.842877094972
2018,8,12,812.148846960168
2018,8,13,828.047954866008
2018,8,14,887.6375
2018,8,15,924.044661549197
2018,8,16,893.386554621849
2018,8,17,928.75317348378
2018,8,18,932.18041958042
2018,8,19,939.326374391093
2018,8,20,988.042044517725
2018,8,21,780.239130434783
2018,8,22,686.884937238494
2018,8,23,632.848251748252
2018,8,24,601.721403508772
2018,8,25,607.700489853044
2018,8,26,643.100350877193
2018,8,27,617.28940027894
2018,8,28,626.689775910364
2018,8,29,605.701189643107
2018,8,30,612.872971065632
2018,8,31,602.399720475192
2018,9,1,608.948215535339
2018,9,2,588.41958041958
2018,9,3,584.043644716692
2018,9,4,636.285367825384
2018,9,5,598.946252838758
2018,9,6,599.224475018103
2018,9,7,554.454798331015
2018,9,8,619.640614096301
2018,9,9,612.215181058496
2018,9,10,598.099162011173
2018,9,11,592.808495821727
2018,9,12,580.555789473684
2018,9,13,509.331452750353
2018,9,14,510.986111111111
2018,9,15,564.953212290503
2018,9,16,598.688685874912
2018,9,17,655.401836158192
2018,9,18,650.097338935574
2018,9,19,640.52580195258
2018,9,20,642.268667131891
2018,9,21,658.949305555555
2018,9,22,623.279329608938
2018,9,23,591.581653926338
2018,9,24,593.954545454545
2018,9,25,624.064335664336
2018,9,26,631.770731707317
2018,9,27,652.176552686671
2018,9,28,669.054279749478
2018,9,29,637.782122905028
2018,9,30,673.013956734124
2018,9,30,673.013956734124
2018,10,1,655.956958393113
2018,10,2,628.860529986053
2018,10,3,737.120389700765
2018,10,4,747.594575799722
2018,10,5,796.512212142359
2018,10,6,790.245125348189
2018,10,7,797.934127540294
2018,10,8,745.728860936408
2018,10,9,736.266527487822
2018,10,10,693.897703549061
2018,10,11,622.156315422191
2018,10,12,583.220516399163
2018,10,13,538.193693693694
2018,11,25,2014.5
2018,12,8,700
2018,12,20,585.416904083571
2018,12,21,677.566104078762
2018,12,22,689.055555555556
2018,12,23,717.885931558935
2018,12,24,686.059678653405
2018,12,25,651.502235469449
2018,12,26,642.289343683839
2018,12,27,625.124381625442
2018,12,28,588.194464158978
2018,12,29,653.866995073892
2018,12,30,699.344900849858
2018,12,31,535.86690647482
