time,latitude,longitude,p_msl
UTC,degrees_north,degrees_east,hPa
2010-07-28T00:00:00Z,6.5,68.5,1007.9906005859375
2010-07-28T00:00:00Z,6.5,69.5,1008.0406494140625
2010-07-28T00:00:00Z,6.5,70.5,1008.0406494140625
2010-07-28T00:00:00Z,6.5,71.5,1008.0406494140625
2010-07-28T00:00:00Z,6.5,72.5,1008.015625
2010-07-28T00:00:00Z,7.5,68.5,1007.5406494140625
2010-07-28T00:00:00Z,7.5,69.5,1007.6156005859375
2010-07-28T00:00:00Z,7.5,70.5,1007.6656494140625
2010-07-28T00:00:00Z,7.5,71.5,1007.7156372070312
2010-07-28T00:00:00Z,7.5,72.5,1007.7406005859375
2010-07-28T00:00:00Z,8.5,68.5,1006.9656372070312
2010-07-28T00:00:00Z,8.5,69.5,1007.1156005859375
2010-07-28T00:00:00Z,8.5,70.5,1007.265625
2010-07-28T00:00:00Z,8.5,71.5,1007.3656005859375
2010-07-28T00:00:00Z,8.5,72.5,1007.4406127929688
2010-07-28T00:00:00Z,9.5,68.5,1006.340576171875
2010-07-28T00:00:00Z,9.5,69.5,1006.5656127929688
2010-07-28T00:00:00Z,9.5,70.5,1006.7906494140625
2010-07-28T00:00:00Z,9.5,71.5,1006.9656372070312
2010-07-28T00:00:00Z,9.5,72.5,1007.1156616210938
2010-07-28T00:00:00Z,10.5,68.5,1005.7406005859375
2010-07-28T00:00:00Z,10.5,69.5,1005.9906005859375
2010-07-28T00:00:00Z,10.5,70.5,1006.2906494140625
2010-07-28T00:00:00Z,10.5,71.5,1006.5406494140625
2010-07-28T00:00:00Z,10.5,72.5,1006.7406005859375
2010-07-28T00:00:00Z,11.5,68.5,1005.190673828125
2010-07-28T00:00:00Z,11.5,69.5,1005.440673828125
2010-07-28T00:00:00Z,11.5,70.5,1005.7906494140625
2010-07-28T00:00:00Z,11.5,71.5,1006.090576171875
2010-07-28T00:00:00Z,11.5,72.5,1006.3156127929688
2010-07-28T00:00:00Z,12.5,68.5,1004.690673828125
2010-07-28T00:00:00Z,12.5,69.5,1004.940673828125
2010-07-28T00:00:00Z,12.5,70.5,1005.2906494140625
2010-07-28T00:00:00Z,12.5,71.5,1005.6156005859375
2010-07-28T00:00:00Z,12.5,72.5,1005.890625
2010-07-28T00:00:00Z,13.5,68.5,1004.190673828125
2010-07-28T00:00:00Z,13.5,69.5,1004.440673828125
2010-07-28T00:00:00Z,13.5,70.5,1004.765625
2010-07-28T00:00:00Z,13.5,71.5,1005.090576171875
2010-07-28T00:00:00Z,13.5,72.5,1005.390625
2010-07-28T00:00:00Z,14.5,68.5,1003.5906372070312
2010-07-28T00:00:00Z,14.5,69.5,1003.8656616210938
2010-07-28T00:00:00Z,14.5,70.5,1004.190673828125
2010-07-28T00:00:00Z,14.5,71.5,1004.4906005859375
2010-07-28T00:00:00Z,14.5,72.5,1004.7906494140625
2010-07-28T00:00:00Z,15.5,68.5,1002.890625
2010-07-28T00:00:00Z,15.5,69.5,1003.1655883789062
2010-07-28T00:00:00Z,15.5,70.5,1003.515625
2010-07-28T00:00:00Z,15.5,71.5,1003.8656616210938
2010-07-28T00:00:00Z,15.5,72.5,1004.1656494140625
2010-07-28T00:00:00Z,16.5,68.5,1002.090576171875
2010-07-28T00:00:00Z,16.5,69.5,1002.3656005859375
2010-07-28T00:00:00Z,16.5,70.5,1002.765625
2010-07-28T00:00:00Z,16.5,71.5,1003.1906127929688
2010-07-28T00:00:00Z,16.5,72.5,1003.4906005859375
2010-07-28T00:00:00Z,17.5,68.5,1001.215576171875
2010-07-28T00:00:00Z,17.5,69.5,1001.5405883789062
2010-07-28T00:00:00Z,17.5,70.5,1001.9906005859375
2010-07-28T00:00:00Z,17.5,71.5,1002.4656372070312
2010-07-28T00:00:00Z,17.5,72.5,1002.815673828125
2010-07-28T00:00:00Z,18.5,68.5,1000.3656005859375
2010-07-28T00:00:00Z,18.5,69.5,1000.7406616210938
2010-07-28T00:00:00Z,18.5,70.5,1001.2156372070312
2010-07-28T00:00:00Z,18.5,71.5,1001.7406005859375
2010-07-28T00:00:00Z,18.5,72.5,1002.1656494140625
2010-07-28T00:00:00Z,19.5,68.5,999.5405883789062
2010-07-28T00:00:00Z,19.5,69.5,999.9406127929688
2010-07-28T00:00:00Z,19.5,70.5,1000.4406127929688
2010-07-28T00:00:00Z,19.5,71.5,1001.015625
2010-07-28T00:00:00Z,19.5,72.5,1001.515625
2010-07-28T00:00:00Z,20.5,68.5,998.6906127929688
2010-07-28T00:00:00Z,20.5,69.5,999.0906372070312
2010-07-28T00:00:00Z,20.5,70.5,999.6156616210938
2010-07-28T00:00:00Z,20.5,71.5,1000.265625
2010-07-28T00:00:00Z,20.5,72.5,1000.840576171875
2010-07-28T06:00:00Z,6.5,68.5,1009.962158203125
2010-07-28T06:00:00Z,6.5,69.5,1009.962158203125
2010-07-28T06:00:00Z,6.5,70.5,1009.962158203125
2010-07-28T06:00:00Z,6.5,71.5,1009.9371337890625
2010-07-28T06:00:00Z,6.5,72.5,1009.912109375
2010-07-28T06:00:00Z,7.5,68.5,1009.7371215820312
2010-07-28T06:00:00Z,7.5,69.5,1009.7620849609375
2010-07-28T06:00:00Z,7.5,70.5,1009.787109375
2010-07-28T06:00:00Z,7.5,71.5,1009.8121337890625
2010-07-28T06:00:00Z,7.5,72.5,1009.8121337890625
2010-07-28T06:00:00Z,8.5,68.5,1009.4371337890625
2010-07-28T06:00:00Z,8.5,69.5,1009.537109375
2010-07-28T06:00:00Z,8.5,70.5,1009.6121215820312
2010-07-28T06:00:00Z,8.5,71.5,1009.662109375
2010-07-28T06:00:00Z,8.5,72.5,1009.662109375
2010-07-28T06:00:00Z,9.5,68.5,1009.0621337890625
2010-07-28T06:00:00Z,9.5,69.5,1009.2120971679688
2010-07-28T06:00:00Z,9.5,70.5,1009.3121337890625
2010-07-28T06:00:00Z,9.5,71.5,1009.3870849609375
2010-07-28T06:00:00Z,9.5,72.5,1009.412109375
2010-07-28T06:00:00Z,10.5,68.5,1008.662109375
2010-07-28T06:00:00Z,10.5,69.5,1008.8121337890625
2010-07-28T06:00:00Z,10.5,70.5,1008.912109375
2010-07-28T06:00:00Z,10.5,71.5,1009.0120849609375
2010-07-28T06:00:00Z,10.5,72.5,1009.0870971679688
2010-07-28T06:00:00Z,11.5,68.5,1008.212158203125
2010-07-28T06:00:00Z,11.5,69.5,1008.3621215820312
2010-07-28T06:00:00Z,11.5,70.5,1008.4620971679688
2010-07-28T06:00:00Z,11.5,71.5,1008.5870971679688
2010-07-28T06:00:00Z,11.5,72.5,1008.7371215820312
2010-07-28T06:00:00Z,12.5,68.5,1007.712158203125
2010-07-28T06:00:00Z,12.5,69.5,1007.8621215820312
2010-07-28T06:00:00Z,12.5,70.5,1007.9620971679688
2010-07-28T06:00:00Z,12.5,71.5,1008.112060546875
2010-07-28T06:00:00Z,12.5,72.5,1008.3370971679688
2010-07-28T06:00:00Z,13.5,68.5,1007.162109375
2010-07-28T06:00:00Z,13.5,69.5,1007.3121337890625
2010-07-28T06:00:00Z,13.5,70.5,1007.4371337890625
2010-07-28T06:00:00Z,13.5,71.5,1007.612060546875
2010-07-28T06:00:00Z,13.5,72.5,1007.8370971679688
2010-07-28T06:00:00Z,14.5,68.5,1006.412109375
2010-07-28T06:00:00Z,14.5,69.5,1006.6121215820312
2010-07-28T06:00:00Z,14.5,70.5,1006.8121337890625
2010-07-28T06:00:00Z,14.5,71.5,1007.037109375
2010-07-28T06:00:00Z,14.5,72.5,1007.2620849609375
2010-07-28T06:00:00Z,15.5,68.5,1005.462158203125
2010-07-28T06:00:00Z,15.5,69.5,1005.7371215820312
2010-07-28T06:00:00Z,15.5,70.5,1006.037109375
2010-07-28T06:00:00Z,15.5,71.5,1006.3370971679688
2010-07-28T06:00:00Z,15.5,72.5,1006.5870971679688
2010-07-28T06:00:00Z,16.5,68.5,1004.3870849609375
2010-07-28T06:00:00Z,16.5,69.5,1004.7120971679688
2010-07-28T06:00:00Z,16.5,70.5,1005.1121215820312
2010-07-28T06:00:00Z,16.5,71.5,1005.5120849609375
2010-07-28T06:00:00Z,16.5,72.5,1005.7620849609375
2010-07-28T06:00:00Z,17.5,68.5,1003.1870727539062
2010-07-28T06:00:00Z,17.5,69.5,1003.5870971679688
2010-07-28T06:00:00Z,17.5,70.5,1004.087158203125
2010-07-28T06:00:00Z,17.5,71.5,1004.5621337890625
2010-07-28T06:00:00Z,17.5,72.5,1004.8370971679688
2010-07-28T06:00:00Z,18.5,68.5,1002.0120849609375
2010-07-28T06:00:00Z,18.5,69.5,1002.4620971679688
2010-07-28T06:00:00Z,18.5,70.5,1003.0120849609375
2010-07-28T06:00:00Z,18.5,71.5,1003.537109375
2010-07-28T06:00:00Z,18.5,72.5,1003.8870849609375
2010-07-28T06:00:00Z,19.5,68.5,1001.0120849609375
2010-07-28T06:00:00Z,19.5,69.5,1001.4620971679688
2010-07-28T06:00:00Z,19.5,70.5,1002.0120849609375
2010-07-28T06:00:00Z,19.5,71.5,1002.5621337890625
2010-07-28T06:00:00Z,19.5,72.5,1002.962158203125
2010-07-28T06:00:00Z,20.5,68.5,1000.162109375
2010-07-28T06:00:00Z,20.5,69.5,1000.5870971679688
2010-07-28T06:00:00Z,20.5,70.5,1001.1121215820312
2010-07-28T06:00:00Z,20.5,71.5,1001.662109375
2010-07-28T06:00:00Z,20.5,72.5,1002.0870971679688
2010-07-28T12:00:00Z,6.5,68.5,1007.7957153320312
2010-07-28T12:00:00Z,6.5,69.5,1007.8206787109375
2010-07-28T12:00:00Z,6.5,70.5,1007.8206787109375
2010-07-28T12:00:00Z,6.5,71.5,1007.8206787109375
2010-07-28T12:00:00Z,6.5,72.5,1007.7706909179688
2010-07-28T12:00:00Z,7.5,68.5,1007.5457153320312
2010-07-28T12:00:00Z,7.5,69.5,1007.595703125
2010-07-28T12:00:00Z,7.5,70.5,1007.6207275390625
2010-07-28T12:00:00Z,7.5,71.5,1007.595703125
2010-07-28T12:00:00Z,7.5,72.5,1007.5457153320312
2010-07-28T12:00:00Z,8.5,68.5,1007.270751953125
2010-07-28T12:00:00Z,8.5,69.5,1007.3207397460938
2010-07-28T12:00:00Z,8.5,70.5,1007.345703125
2010-07-28T12:00:00Z,8.5,71.5,1007.2957153320312
2010-07-28T12:00:00Z,8.5,72.5,1007.2957153320312
2010-07-28T12:00:00Z,9.5,68.5,1006.9456787109375
2010-07-28T12:00:00Z,9.5,69.5,1006.9957275390625
2010-07-28T12:00:00Z,9.5,70.5,1006.970703125
2010-07-28T12:00:00Z,9.5,71.5,1006.9456787109375
2010-07-28T12:00:00Z,9.5,72.5,1007.0206909179688
2010-07-28T12:00:00Z,10.5,68.5,1006.5206909179688
2010-07-28T12:00:00Z,10.5,69.5,1006.5706787109375
2010-07-28T12:00:00Z,10.5,70.5,1006.545654296875
2010-07-28T12:00:00Z,10.5,71.5,1006.5706787109375
2010-07-28T12:00:00Z,10.5,72.5,1006.6957397460938
2010-07-28T12:00:00Z,11.5,68.5,1006.0206909179688
2010-07-28T12:00:00Z,11.5,69.5,1006.0706787109375
2010-07-28T12:00:00Z,11.5,70.5,1006.095703125
2010-07-28T12:00:00Z,11.5,71.5,1006.1957397460938
2010-07-28T12:00:00Z,11.5,72.5,1006.395751953125
2010-07-28T12:00:00Z,12.5,68.5,1005.470703125
2010-07-28T12:00:00Z,12.5,69.5,1005.545654296875
2010-07-28T12:00:00Z,12.5,70.5,1005.6456909179688
2010-07-28T12:00:00Z,12.5,71.5,1005.845703125
2010-07-28T12:00:00Z,12.5,72.5,1006.1456909179688
2010-07-28T12:00:00Z,13.5,68.5,1004.8206787109375
2010-07-28T12:00:00Z,13.5,69.5,1004.970703125
2010-07-28T12:00:00Z,13.5,70.5,1005.1456909179688
2010-07-28T12:00:00Z,13.5,71.5,1005.470703125
2010-07-28T12:00:00Z,13.5,72.5,1005.8706665039062
2010-07-28T12:00:00Z,14.5,68.5,1004.0706787109375
2010-07-28T12:00:00Z,14.5,69.5,1004.3206787109375
2010-07-28T12:00:00Z,14.5,70.5,1004.6207275390625
2010-07-28T12:00:00Z,14.5,71.5,1005.0706787109375
2010-07-28T12:00:00Z,14.5,72.5,1005.5206909179688
2010-07-28T12:00:00Z,15.5,68.5,1003.220703125
2010-07-28T12:00:00Z,15.5,69.5,1003.595703125
2010-07-28T12:00:00Z,15.5,70.5,1004.0457153320312
2010-07-28T12:00:00Z,15.5,71.5,1004.5706787109375
2010-07-28T12:00:00Z,15.5,72.5,1005.0206909179688
2010-07-28T12:00:00Z,16.5,68.5,1002.2706909179688
2010-07-28T12:00:00Z,16.5,69.5,1002.770751953125
2010-07-28T12:00:00Z,16.5,70.5,1003.3207397460938
2010-07-28T12:00:00Z,16.5,71.5,1003.9207153320312
2010-07-28T12:00:00Z,16.5,72.5,1004.3956909179688
2010-07-28T12:00:00Z,17.5,68.5,1001.220703125
2010-07-28T12:00:00Z,17.5,69.5,1001.7706909179688
2010-07-28T12:00:00Z,17.5,70.5,1002.4456787109375
2010-07-28T12:00:00Z,17.5,71.5,1003.1707153320312
2010-07-28T12:00:00Z,17.5,72.5,1003.6957397460938
2010-07-28T12:00:00Z,18.5,68.5,1000.1207275390625
2010-07-28T12:00:00Z,18.5,69.5,1000.6956787109375
2010-07-28T12:00:00Z,18.5,70.5,1001.470703125
2010-07-28T12:00:00Z,18.5,71.5,1002.2957153320312
2010-07-28T12:00:00Z,18.5,72.5,1002.8707275390625
2010-07-28T12:00:00Z,19.5,68.5,999.1207275390625
2010-07-28T12:00:00Z,19.5,69.5,999.720703125
2010-07-28T12:00:00Z,19.5,70.5,1000.5206909179688
2010-07-28T12:00:00Z,19.5,71.5,1001.3707275390625
2010-07-28T12:00:00Z,19.5,72.5,1001.970703125
2010-07-28T12:00:00Z,20.5,68.5,998.3206787109375
2010-07-28T12:00:00Z,20.5,69.5,998.8956909179688
2010-07-28T12:00:00Z,20.5,70.5,999.6707153320312
2010-07-28T12:00:00Z,20.5,71.5,1000.4957275390625
2010-07-28T12:00:00Z,20.5,72.5,1001.095703125
2010-07-28T18:00:00Z,6.5,68.5,1010.1339721679688
2010-07-28T18:00:00Z,6.5,69.5,1010.083984375
2010-07-28T18:00:00Z,6.5,70.5,1010.0339965820312
2010-07-28T18:00:00Z,6.5,71.5,1009.9840087890625
2010-07-28T18:00:00Z,6.5,72.5,1009.8839721679688
2010-07-28T18:00:00Z,7.5,68.5,1009.9840087890625
2010-07-28T18:00:00Z,7.5,69.5,1009.9340209960938
2010-07-28T18:00:00Z,7.5,70.5,1009.884033203125
2010-07-28T18:00:00Z,7.5,71.5,1009.833984375
2010-07-28T18:00:00Z,7.5,72.5,1009.7339477539062
2010-07-28T18:00:00Z,8.5,68.5,1009.8089599609375
2010-07-28T18:00:00Z,8.5,69.5,1009.7339477539062
2010-07-28T18:00:00Z,8.5,70.5,1009.6839599609375
2010-07-28T18:00:00Z,8.5,71.5,1009.6339721679688
2010-07-28T18:00:00Z,8.5,72.5,1009.5339965820312
2010-07-28T18:00:00Z,9.5,68.5,1009.583984375
2010-07-28T18:00:00Z,9.5,69.5,1009.5089721679688
2010-07-28T18:00:00Z,9.5,70.5,1009.458984375
2010-07-28T18:00:00Z,9.5,71.5,1009.4089965820312
2010-07-28T18:00:00Z,9.5,72.5,1009.333984375
2010-07-28T18:00:00Z,10.5,68.5,1009.2839965820312
2010-07-28T18:00:00Z,10.5,69.5,1009.208984375
2010-07-28T18:00:00Z,10.5,70.5,1009.1589965820312
2010-07-28T18:00:00Z,10.5,71.5,1009.1090087890625
2010-07-28T18:00:00Z,10.5,72.5,1009.0589599609375
2010-07-28T18:00:00Z,11.5,68.5,1008.958984375
2010-07-28T18:00:00Z,11.5,69.5,1008.8590087890625
2010-07-28T18:00:00Z,11.5,70.5,1008.7839965820312
2010-07-28T18:00:00Z,11.5,71.5,1008.7340087890625
2010-07-28T18:00:00Z,11.5,72.5,1008.708984375
2010-07-28T18:00:00Z,12.5,68.5,1008.5339965820312
2010-07-28T18:00:00Z,12.5,69.5,1008.458984375
2010-07-28T18:00:00Z,12.5,70.5,1008.3590087890625
2010-07-28T18:00:00Z,12.5,71.5,1008.3089599609375
2010-07-28T18:00:00Z,12.5,72.5,1008.3089599609375
2010-07-28T18:00:00Z,13.5,68.5,1007.958984375
2010-07-28T18:00:00Z,13.5,69.5,1007.908935546875
2010-07-28T18:00:00Z,13.5,70.5,1007.833984375
2010-07-28T18:00:00Z,13.5,71.5,1007.7839965820312
2010-07-28T18:00:00Z,13.5,72.5,1007.8089599609375
2010-07-28T18:00:00Z,14.5,68.5,1007.208984375
2010-07-28T18:00:00Z,14.5,69.5,1007.1839599609375
2010-07-28T18:00:00Z,14.5,70.5,1007.1589965820312
2010-07-28T18:00:00Z,14.5,71.5,1007.134033203125
2010-07-28T18:00:00Z,14.5,72.5,1007.1840209960938
2010-07-28T18:00:00Z,15.5,68.5,1006.333984375
2010-07-28T18:00:00Z,15.5,69.5,1006.333984375
2010-07-28T18:00:00Z,15.5,70.5,1006.333984375
2010-07-28T18:00:00Z,15.5,71.5,1006.3590087890625
2010-07-28T18:00:00Z,15.5,72.5,1006.458984375
2010-07-28T18:00:00Z,16.5,68.5,1005.3089599609375
2010-07-28T18:00:00Z,16.5,69.5,1005.333984375
2010-07-28T18:00:00Z,16.5,70.5,1005.3839721679688
2010-07-28T18:00:00Z,16.5,71.5,1005.5089721679688
2010-07-28T18:00:00Z,16.5,72.5,1005.6589965820312
2010-07-28T18:00:00Z,17.5,68.5,1004.1839599609375
2010-07-28T18:00:00Z,17.5,69.5,1004.259033203125
2010-07-28T18:00:00Z,17.5,70.5,1004.4089965820312
2010-07-28T18:00:00Z,17.5,71.5,1004.658935546875
2010-07-28T18:00:00Z,17.5,72.5,1004.8589477539062
2010-07-28T18:00:00Z,18.5,68.5,1003.083984375
2010-07-28T18:00:00Z,18.5,69.5,1003.208984375
2010-07-28T18:00:00Z,18.5,70.5,1003.458984375
2010-07-28T18:00:00Z,18.5,71.5,1003.8089599609375
2010-07-28T18:00:00Z,18.5,72.5,1004.1090087890625
2010-07-28T18:00:00Z,19.5,68.5,1002.0089721679688
2010-07-28T18:00:00Z,19.5,69.5,1002.208984375
2010-07-28T18:00:00Z,19.5,70.5,1002.5339965820312
2010-07-28T18:00:00Z,19.5,71.5,1002.958984375
2010-07-28T18:00:00Z,19.5,72.5,1003.333984375
2010-07-28T18:00:00Z,20.5,68.5,1001.033935546875
2010-07-28T18:00:00Z,20.5,69.5,1001.3089599609375
2010-07-28T18:00:00Z,20.5,70.5,1001.708984375
2010-07-28T18:00:00Z,20.5,71.5,1002.1839599609375
2010-07-28T18:00:00Z,20.5,72.5,1002.6090087890625
2010-07-29T00:00:00Z,6.5,68.5,1006.8703002929688
2010-07-29T00:00:00Z,6.5,69.5,1006.8203125
2010-07-29T00:00:00Z,6.5,70.5,1006.8703002929688
2010-07-29T00:00:00Z,6.5,71.5,1007.020263671875
2010-07-29T00:00:00Z,6.5,72.5,1007.1702880859375
2010-07-29T00:00:00Z,7.5,68.5,1006.4703369140625
2010-07-29T00:00:00Z,7.5,69.5,1006.4202880859375
2010-07-29T00:00:00Z,7.5,70.5,1006.4703369140625
2010-07-29T00:00:00Z,7.5,71.5,1006.620361328125
2010-07-29T00:00:00Z,7.5,72.5,1006.7953491210938
2010-07-29T00:00:00Z,8.5,68.5,1006.0452880859375
2010-07-29T00:00:00Z,8.5,69.5,1006.0452880859375
2010-07-29T00:00:00Z,8.5,70.5,1006.1203002929688
2010-07-29T00:00:00Z,8.5,71.5,1006.2703247070312
2010-07-29T00:00:00Z,8.5,72.5,1006.4453125
2010-07-29T00:00:00Z,9.5,68.5,1005.6203002929688
2010-07-29T00:00:00Z,9.5,69.5,1005.6702880859375
2010-07-29T00:00:00Z,9.5,70.5,1005.7953491210938
2010-07-29T00:00:00Z,9.5,71.5,1005.9453125
2010-07-29T00:00:00Z,9.5,72.5,1006.0953369140625
2010-07-29T00:00:00Z,10.5,68.5,1005.2203369140625
2010-07-29T00:00:00Z,10.5,69.5,1005.2703247070312
2010-07-29T00:00:00Z,10.5,70.5,1005.3953247070312
2010-07-29T00:00:00Z,10.5,71.5,1005.5452880859375
2010-07-29T00:00:00Z,10.5,72.5,1005.7203369140625
2010-07-29T00:00:00Z,11.5,68.5,1004.8203125
2010-07-29T00:00:00Z,11.5,69.5,1004.8703002929688
2010-07-29T00:00:00Z,11.5,70.5,1004.9703369140625
2010-07-29T00:00:00Z,11.5,71.5,1005.120361328125
2010-07-29T00:00:00Z,11.5,72.5,1005.3453369140625
2010-07-29T00:00:00Z,12.5,68.5,1004.4202880859375
2010-07-29T00:00:00Z,12.5,69.5,1004.4703369140625
2010-07-29T00:00:00Z,12.5,70.5,1004.5703125
2010-07-29T00:00:00Z,12.5,71.5,1004.7203369140625
2010-07-29T00:00:00Z,12.5,72.5,1004.9703369140625
2010-07-29T00:00:00Z,13.5,68.5,1003.995361328125
2010-07-29T00:00:00Z,13.5,69.5,1004.0452880859375
2010-07-29T00:00:00Z,13.5,70.5,1004.1203002929688
2010-07-29T00:00:00Z,13.5,71.5,1004.270263671875
2010-07-29T00:00:00Z,13.5,72.5,1004.520263671875
2010-07-29T00:00:00Z,14.5,68.5,1003.4703369140625
2010-07-29T00:00:00Z,14.5,69.5,1003.5452880859375
2010-07-29T00:00:00Z,14.5,70.5,1003.6203002929688
2010-07-29T00:00:00Z,14.5,71.5,1003.770263671875
2010-07-29T00:00:00Z,14.5,72.5,1004.0452880859375
2010-07-29T00:00:00Z,15.5,68.5,1002.8703002929688
2010-07-29T00:00:00Z,15.5,69.5,1002.9703369140625
2010-07-29T00:00:00Z,15.5,70.5,1003.0703125
2010-07-29T00:00:00Z,15.5,71.5,1003.2453002929688
2010-07-29T00:00:00Z,15.5,72.5,1003.5452880859375
2010-07-29T00:00:00Z,16.5,68.5,1002.1953125
2010-07-29T00:00:00Z,16.5,69.5,1002.2953491210938
2010-07-29T00:00:00Z,16.5,70.5,1002.4453125
2010-07-29T00:00:00Z,16.5,71.5,1002.6702880859375
2010-07-29T00:00:00Z,16.5,72.5,1002.9703369140625
2010-07-29T00:00:00Z,17.5,68.5,1001.395263671875
2010-07-29T00:00:00Z,17.5,69.5,1001.5203247070312
2010-07-29T00:00:00Z,17.5,70.5,1001.745361328125
2010-07-29T00:00:00Z,17.5,71.5,1002.0453491210938
2010-07-29T00:00:00Z,17.5,72.5,1002.3953247070312
2010-07-29T00:00:00Z,18.5,68.5,1000.5703125
2010-07-29T00:00:00Z,18.5,69.5,1000.7703247070312
2010-07-29T00:00:00Z,18.5,70.5,1001.0453491210938
2010-07-29T00:00:00Z,18.5,71.5,1001.4453125
2010-07-29T00:00:00Z,18.5,72.5,1001.8703002929688
2010-07-29T00:00:00Z,19.5,68.5,999.7952880859375
2010-07-29T00:00:00Z,19.5,69.5,1000.0452880859375
2010-07-29T00:00:00Z,19.5,70.5,1000.395263671875
2010-07-29T00:00:00Z,19.5,71.5,1000.8703002929688
2010-07-29T00:00:00Z,19.5,72.5,1001.3703002929688
2010-07-29T00:00:00Z,20.5,68.5,999.0953369140625
2010-07-29T00:00:00Z,20.5,69.5,999.370361328125
2010-07-29T00:00:00Z,20.5,70.5,999.7952880859375
2010-07-29T00:00:00Z,20.5,71.5,1000.3453369140625
2010-07-29T00:00:00Z,20.5,72.5,1000.9202880859375
2010-07-29T06:00:00Z,6.5,68.5,1009.642578125
2010-07-29T06:00:00Z,6.5,69.5,1009.517578125
2010-07-29T06:00:00Z,6.5,70.5,1009.3676147460938
2010-07-29T06:00:00Z,6.5,71.5,1009.2175903320312
2010-07-29T06:00:00Z,6.5,72.5,1009.0426025390625
2010-07-29T06:00:00Z,7.5,68.5,1009.317626953125
2010-07-29T06:00:00Z,7.5,69.5,1009.2426147460938
2010-07-29T06:00:00Z,7.5,70.5,1009.1176147460938
2010-07-29T06:00:00Z,7.5,71.5,1009.017578125
2010-07-29T06:00:00Z,7.5,72.5,1008.9176025390625
2010-07-29T06:00:00Z,8.5,68.5,1008.9425659179688
2010-07-29T06:00:00Z,8.5,69.5,1008.9176025390625
2010-07-29T06:00:00Z,8.5,70.5,1008.8675537109375
2010-07-29T06:00:00Z,8.5,71.5,1008.842529296875
2010-07-29T06:00:00Z,8.5,72.5,1008.8175659179688
2010-07-29T06:00:00Z,9.5,68.5,1008.4925537109375
2010-07-29T06:00:00Z,9.5,69.5,1008.517578125
2010-07-29T06:00:00Z,9.5,70.5,1008.5675659179688
2010-07-29T06:00:00Z,9.5,71.5,1008.592529296875
2010-07-29T06:00:00Z,9.5,72.5,1008.6175537109375
2010-07-29T06:00:00Z,10.5,68.5,1008.0426025390625
2010-07-29T06:00:00Z,10.5,69.5,1008.067626953125
2010-07-29T06:00:00Z,10.5,70.5,1008.142578125
2010-07-29T06:00:00Z,10.5,71.5,1008.217529296875
2010-07-29T06:00:00Z,10.5,72.5,1008.3175659179688
2010-07-29T06:00:00Z,11.5,68.5,1007.5925903320312
2010-07-29T06:00:00Z,11.5,69.5,1007.5925903320312
2010-07-29T06:00:00Z,11.5,70.5,1007.642578125
2010-07-29T06:00:00Z,11.5,71.5,1007.767578125
2010-07-29T06:00:00Z,11.5,72.5,1007.967529296875
2010-07-29T06:00:00Z,12.5,68.5,1007.0925903320312
2010-07-29T06:00:00Z,12.5,69.5,1007.0925903320312
2010-07-29T06:00:00Z,12.5,70.5,1007.142578125
2010-07-29T06:00:00Z,12.5,71.5,1007.2926025390625
2010-07-29T06:00:00Z,12.5,72.5,1007.5426025390625
2010-07-29T06:00:00Z,13.5,68.5,1006.5925903320312
2010-07-29T06:00:00Z,13.5,69.5,1006.5925903320312
2010-07-29T06:00:00Z,13.5,70.5,1006.642578125
2010-07-29T06:00:00Z,13.5,71.5,1006.7926025390625
2010-07-29T06:00:00Z,13.5,72.5,1007.017578125
2010-07-29T06:00:00Z,14.5,68.5,1005.9925537109375
2010-07-29T06:00:00Z,14.5,69.5,1006.017578125
2010-07-29T06:00:00Z,14.5,70.5,1006.1175537109375
2010-07-29T06:00:00Z,14.5,71.5,1006.2926025390625
2010-07-29T06:00:00Z,14.5,72.5,1006.4675903320312
2010-07-29T06:00:00Z,15.5,68.5,1005.2926025390625
2010-07-29T06:00:00Z,15.5,69.5,1005.392578125
2010-07-29T06:00:00Z,15.5,70.5,1005.5675659179688
2010-07-29T06:00:00Z,15.5,71.5,1005.7926025390625
2010-07-29T06:00:00Z,15.5,72.5,1005.892578125
2010-07-29T06:00:00Z,16.5,68.5,1004.5426025390625
2010-07-29T06:00:00Z,16.5,69.5,1004.7175903320312
2010-07-29T06:00:00Z,16.5,70.5,1004.9425659179688
2010-07-29T06:00:00Z,16.5,71.5,1005.1925659179688
2010-07-29T06:00:00Z,16.5,72.5,1005.2426147460938
2010-07-29T06:00:00Z,17.5,68.5,1003.717529296875
2010-07-29T06:00:00Z,17.5,69.5,1003.9425659179688
2010-07-29T06:00:00Z,17.5,70.5,1004.2175903320312
2010-07-29T06:00:00Z,17.5,71.5,1004.4925537109375
2010-07-29T06:00:00Z,17.5,72.5,1004.5675659179688
2010-07-29T06:00:00Z,18.5,68.5,1002.8675537109375
2010-07-29T06:00:00Z,18.5,69.5,1003.142578125
2010-07-29T06:00:00Z,18.5,70.5,1003.4926147460938
2010-07-29T06:00:00Z,18.5,71.5,1003.817626953125
2010-07-29T06:00:00Z,18.5,72.5,1003.9425659179688
2010-07-29T06:00:00Z,19.5,68.5,1002.067626953125
2010-07-29T06:00:00Z,19.5,69.5,1002.392578125
2010-07-29T06:00:00Z,19.5,70.5,1002.8175659179688
2010-07-29T06:00:00Z,19.5,71.5,1003.192626953125
2010-07-29T06:00:00Z,19.5,72.5,1003.3425903320312
2010-07-29T06:00:00Z,20.5,68.5,1001.3425903320312
2010-07-29T06:00:00Z,20.5,69.5,1001.717529296875
2010-07-29T06:00:00Z,20.5,70.5,1002.1925659179688
2010-07-29T06:00:00Z,20.5,71.5,1002.592529296875
2010-07-29T06:00:00Z,20.5,72.5,1002.767578125
2010-07-29T12:00:00Z,6.5,68.5,1006.6671752929688
2010-07-29T12:00:00Z,6.5,69.5,1006.5421752929688
2010-07-29T12:00:00Z,6.5,70.5,1006.4171752929688
2010-07-29T12:00:00Z,6.5,71.5,1006.2672119140625
2010-07-29T12:00:00Z,6.5,72.5,1006.1171875
2010-07-29T12:00:00Z,7.5,68.5,1006.4671630859375
2010-07-29T12:00:00Z,7.5,69.5,1006.4171752929688
2010-07-29T12:00:00Z,7.5,70.5,1006.3671875
2010-07-29T12:00:00Z,7.5,71.5,1006.317138671875
2010-07-29T12:00:00Z,7.5,72.5,1006.2171630859375
2010-07-29T12:00:00Z,8.5,68.5,1006.2171630859375
2010-07-29T12:00:00Z,8.5,69.5,1006.2921752929688
2010-07-29T12:00:00Z,8.5,70.5,1006.3671875
2010-07-29T12:00:00Z,8.5,71.5,1006.3922119140625
2010-07-29T12:00:00Z,8.5,72.5,1006.3671875
2010-07-29T12:00:00Z,9.5,68.5,1006.0171508789062
2010-07-29T12:00:00Z,9.5,69.5,1006.1671752929688
2010-07-29T12:00:00Z,9.5,70.5,1006.3171997070312
2010-07-29T12:00:00Z,9.5,71.5,1006.417236328125
2010-07-29T12:00:00Z,9.5,72.5,1006.4671630859375
2010-07-29T12:00:00Z,10.5,68.5,1005.7921752929688
2010-07-29T12:00:00Z,10.5,69.5,1005.9672241210938
2010-07-29T12:00:00Z,10.5,70.5,1006.1422119140625
2010-07-29T12:00:00Z,10.5,71.5,1006.3171997070312
2010-07-29T12:00:00Z,10.5,72.5,1006.4921875
2010-07-29T12:00:00Z,11.5,68.5,1005.442138671875
2010-07-29T12:00:00Z,11.5,69.5,1005.667236328125
2010-07-29T12:00:00Z,11.5,70.5,1005.8922119140625
2010-07-29T12:00:00Z,11.5,71.5,1006.1171875
2010-07-29T12:00:00Z,11.5,72.5,1006.4171752929688
2010-07-29T12:00:00Z,12.5,68.5,1005.0172119140625
2010-07-29T12:00:00Z,12.5,69.5,1005.292236328125
2010-07-29T12:00:00Z,12.5,70.5,1005.542236328125
2010-07-29T12:00:00Z,12.5,71.5,1005.8171997070312
2010-07-29T12:00:00Z,12.5,72.5,1006.1921997070312
2010-07-29T12:00:00Z,13.5,68.5,1004.4921875
2010-07-29T12:00:00Z,13.5,69.5,1004.792236328125
2010-07-29T12:00:00Z,13.5,70.5,1005.0671997070312
2010-07-29T12:00:00Z,13.5,71.5,1005.3922119140625
2010-07-29T12:00:00Z,13.5,72.5,1005.7921752929688
2010-07-29T12:00:00Z,14.5,68.5,1003.8421630859375
2010-07-29T12:00:00Z,14.5,69.5,1004.1671752929688
2010-07-29T12:00:00Z,14.5,70.5,1004.5172119140625
2010-07-29T12:00:00Z,14.5,71.5,1004.8922119140625
2010-07-29T12:00:00Z,14.5,72.5,1005.2921752929688
2010-07-29T12:00:00Z,15.5,68.5,1003.1171875
2010-07-29T12:00:00Z,15.5,69.5,1003.4921875
2010-07-29T12:00:00Z,15.5,70.5,1003.9171752929688
2010-07-29T12:00:00Z,15.5,71.5,1004.3421630859375
2010-07-29T12:00:00Z,15.5,72.5,1004.7171630859375
2010-07-29T12:00:00Z,16.5,68.5,1002.3921508789062
2010-07-29T12:00:00Z,16.5,69.5,1002.7921752929688
2010-07-29T12:00:00Z,16.5,70.5,1003.2421875
2010-07-29T12:00:00Z,16.5,71.5,1003.7171630859375
2010-07-29T12:00:00Z,16.5,72.5,1004.042236328125
2010-07-29T12:00:00Z,17.5,68.5,1001.5921630859375
2010-07-29T12:00:00Z,17.5,69.5,1002.0172119140625
2010-07-29T12:00:00Z,17.5,70.5,1002.5172119140625
2010-07-29T12:00:00Z,17.5,71.5,1003.042236328125
2010-07-29T12:00:00Z,17.5,72.5,1003.3422241210938
2010-07-29T12:00:00Z,18.5,68.5,1000.7921752929688
2010-07-29T12:00:00Z,18.5,69.5,1001.2421875
2010-07-29T12:00:00Z,18.5,70.5,1001.7921752929688
2010-07-29T12:00:00Z,18.5,71.5,1002.3421630859375
2010-07-29T12:00:00Z,18.5,72.5,1002.6421508789062
2010-07-29T12:00:00Z,19.5,68.5,1000.0922241210938
2010-07-29T12:00:00Z,19.5,69.5,1000.542236328125
2010-07-29T12:00:00Z,19.5,70.5,1001.0922241210938
2010-07-29T12:00:00Z,19.5,71.5,1001.6171875
2010-07-29T12:00:00Z,19.5,72.5,1001.9171752929688
2010-07-29T12:00:00Z,20.5,68.5,999.4171752929688
2010-07-29T12:00:00Z,20.5,69.5,999.8922119140625
2010-07-29T12:00:00Z,20.5,70.5,1000.4171752929688
2010-07-29T12:00:00Z,20.5,71.5,1000.8921508789062
2010-07-29T12:00:00Z,20.5,72.5,1001.1921997070312
2010-07-29T18:00:00Z,6.5,68.5,1010.029296875
2010-07-29T18:00:00Z,6.5,69.5,1010.0042724609375
2010-07-29T18:00:00Z,6.5,70.5,1010.029296875
2010-07-29T18:00:00Z,6.5,71.5,1010.0543212890625
2010-07-29T18:00:00Z,6.5,72.5,1010.0042724609375
2010-07-29T18:00:00Z,7.5,68.5,1009.7542724609375
2010-07-29T18:00:00Z,7.5,69.5,1009.779296875
2010-07-29T18:00:00Z,7.5,70.5,1009.8543090820312
2010-07-29T18:00:00Z,7.5,71.5,1009.904296875
2010-07-29T18:00:00Z,7.5,72.5,1009.8792724609375
2010-07-29T18:00:00Z,8.5,68.5,1009.4793090820312
2010-07-29T18:00:00Z,8.5,69.5,1009.529296875
2010-07-29T18:00:00Z,8.5,70.5,1009.6043090820312
2010-07-29T18:00:00Z,8.5,71.5,1009.6793212890625
2010-07-29T18:00:00Z,8.5,72.5,1009.7293090820312
2010-07-29T18:00:00Z,9.5,68.5,1009.1793212890625
2010-07-29T18:00:00Z,9.5,69.5,1009.229248046875
2010-07-29T18:00:00Z,9.5,70.5,1009.3042602539062
2010-07-29T18:00:00Z,9.5,71.5,1009.404296875
2010-07-29T18:00:00Z,9.5,72.5,1009.529296875
2010-07-29T18:00:00Z,10.5,68.5,1008.8043212890625
2010-07-29T18:00:00Z,10.5,69.5,1008.8793334960938
2010-07-29T18:00:00Z,10.5,70.5,1008.9793090820312
2010-07-29T18:00:00Z,10.5,71.5,1009.0543212890625
2010-07-29T18:00:00Z,10.5,72.5,1009.204345703125
2010-07-29T18:00:00Z,11.5,68.5,1008.404296875
2010-07-29T18:00:00Z,11.5,69.5,1008.4793090820312
2010-07-29T18:00:00Z,11.5,70.5,1008.579345703125
2010-07-29T18:00:00Z,11.5,71.5,1008.654296875
2010-07-29T18:00:00Z,11.5,72.5,1008.8043212890625
2010-07-29T18:00:00Z,12.5,68.5,1007.979248046875
2010-07-29T18:00:00Z,12.5,69.5,1008.0042724609375
2010-07-29T18:00:00Z,12.5,70.5,1008.1043090820312
2010-07-29T18:00:00Z,12.5,71.5,1008.2042846679688
2010-07-29T18:00:00Z,12.5,72.5,1008.354248046875
2010-07-29T18:00:00Z,13.5,68.5,1007.479248046875
2010-07-29T18:00:00Z,13.5,69.5,1007.5042724609375
2010-07-29T18:00:00Z,13.5,70.5,1007.6043090820312
2010-07-29T18:00:00Z,13.5,71.5,1007.7042846679688
2010-07-29T18:00:00Z,13.5,72.5,1007.854248046875
2010-07-29T18:00:00Z,14.5,68.5,1006.8292846679688
2010-07-29T18:00:00Z,14.5,69.5,1006.9292602539062
2010-07-29T18:00:00Z,14.5,70.5,1007.0792846679688
2010-07-29T18:00:00Z,14.5,71.5,1007.2293090820312
2010-07-29T18:00:00Z,14.5,72.5,1007.3792724609375
2010-07-29T18:00:00Z,15.5,68.5,1006.0542602539062
2010-07-29T18:00:00Z,15.5,69.5,1006.2042846679688
2010-07-29T18:00:00Z,15.5,70.5,1006.4293212890625
2010-07-29T18:00:00Z,15.5,71.5,1006.6793212890625
2010-07-29T18:00:00Z,15.5,72.5,1006.8543090820312
2010-07-29T18:00:00Z,16.5,68.5,1005.2543334960938
2010-07-29T18:00:00Z,16.5,69.5,1005.404296875
2010-07-29T18:00:00Z,16.5,70.5,1005.6792602539062
2010-07-29T18:00:00Z,16.5,71.5,1006.0042724609375
2010-07-29T18:00:00Z,16.5,72.5,1006.2042846679688
2010-07-29T18:00:00Z,17.5,68.5,1004.3792724609375
2010-07-29T18:00:00Z,17.5,69.5,1004.579345703125
2010-07-29T18:00:00Z,17.5,70.5,1004.904296875
2010-07-29T18:00:00Z,17.5,71.5,1005.279296875
2010-07-29T18:00:00Z,17.5,72.5,1005.5043334960938
2010-07-29T18:00:00Z,18.5,68.5,1003.4542846679688
2010-07-29T18:00:00Z,18.5,69.5,1003.7542724609375
2010-07-29T18:00:00Z,18.5,70.5,1004.1292724609375
2010-07-29T18:00:00Z,18.5,71.5,1004.529296875
2010-07-29T18:00:00Z,18.5,72.5,1004.7543334960938
2010-07-29T18:00:00Z,19.5,68.5,1002.6043090820312
2010-07-29T18:00:00Z,19.5,69.5,1002.9793090820312
2010-07-29T18:00:00Z,19.5,70.5,1003.3792724609375
2010-07-29T18:00:00Z,19.5,71.5,1003.7542724609375
2010-07-29T18:00:00Z,19.5,72.5,1003.9542846679688
2010-07-29T18:00:00Z,20.5,68.5,1001.8543090820312
2010-07-29T18:00:00Z,20.5,69.5,1002.2543334960938
2010-07-29T18:00:00Z,20.5,70.5,1002.654296875
2010-07-29T18:00:00Z,20.5,71.5,1003.0042724609375
2010-07-29T18:00:00Z,20.5,72.5,1003.2042846679688
2010-07-30T00:00:00Z,6.5,68.5,1007.223876953125
2010-07-30T00:00:00Z,6.5,69.5,1007.3238525390625
2010-07-30T00:00:00Z,6.5,70.5,1007.4738159179688
2010-07-30T00:00:00Z,6.5,71.5,1007.5988159179688
2010-07-30T00:00:00Z,6.5,72.5,1007.6988525390625
2010-07-30T00:00:00Z,7.5,68.5,1007.048828125
2010-07-30T00:00:00Z,7.5,69.5,1007.1488647460938
2010-07-30T00:00:00Z,7.5,70.5,1007.298828125
2010-07-30T00:00:00Z,7.5,71.5,1007.4487915039062
2010-07-30T00:00:00Z,7.5,72.5,1007.5737915039062
2010-07-30T00:00:00Z,8.5,68.5,1006.798828125
2010-07-30T00:00:00Z,8.5,69.5,1006.8988647460938
2010-07-30T00:00:00Z,8.5,70.5,1007.048828125
2010-07-30T00:00:00Z,8.5,71.5,1007.2238159179688
2010-07-30T00:00:00Z,8.5,72.5,1007.3988037109375
2010-07-30T00:00:00Z,9.5,68.5,1006.4488525390625
2010-07-30T00:00:00Z,9.5,69.5,1006.5738525390625
2010-07-30T00:00:00Z,9.5,70.5,1006.7488403320312
2010-07-30T00:00:00Z,9.5,71.5,1006.9488525390625
2010-07-30T00:00:00Z,9.5,72.5,1007.1488037109375
2010-07-30T00:00:00Z,10.5,68.5,1006.0988159179688
2010-07-30T00:00:00Z,10.5,69.5,1006.2238159179688
2010-07-30T00:00:00Z,10.5,70.5,1006.3988037109375
2010-07-30T00:00:00Z,10.5,71.5,1006.598876953125
2010-07-30T00:00:00Z,10.5,72.5,1006.798828125
2010-07-30T00:00:00Z,11.5,68.5,1005.7488403320312
2010-07-30T00:00:00Z,11.5,69.5,1005.8488159179688
2010-07-30T00:00:00Z,11.5,70.5,1005.9738159179688
2010-07-30T00:00:00Z,11.5,71.5,1006.1488037109375
2010-07-30T00:00:00Z,11.5,72.5,1006.348876953125
2010-07-30T00:00:00Z,12.5,68.5,1005.3488159179688
2010-07-30T00:00:00Z,12.5,69.5,1005.423828125
2010-07-30T00:00:00Z,12.5,70.5,1005.4988403320312
2010-07-30T00:00:00Z,12.5,71.5,1005.6238403320312
2010-07-30T00:00:00Z,12.5,72.5,1005.8238525390625
2010-07-30T00:00:00Z,13.5,68.5,1004.8738403320312
2010-07-30T00:00:00Z,13.5,69.5,1004.9488525390625
2010-07-30T00:00:00Z,13.5,70.5,1004.973876953125
2010-07-30T00:00:00Z,13.5,71.5,1005.0738525390625
2010-07-30T00:00:00Z,13.5,72.5,1005.298828125
2010-07-30T00:00:00Z,14.5,68.5,1004.2488403320312
2010-07-30T00:00:00Z,14.5,69.5,1004.3738403320312
2010-07-30T00:00:00Z,14.5,70.5,1004.423828125
2010-07-30T00:00:00Z,14.5,71.5,1004.548828125
2010-07-30T00:00:00Z,14.5,72.5,1004.798828125
2010-07-30T00:00:00Z,15.5,68.5,1003.4988403320312
2010-07-30T00:00:00Z,15.5,69.5,1003.673828125
2010-07-30T00:00:00Z,15.5,70.5,1003.8237915039062
2010-07-30T00:00:00Z,15.5,71.5,1004.0238037109375
2010-07-30T00:00:00Z,15.5,72.5,1004.298828125
2010-07-30T00:00:00Z,16.5,68.5,1002.6988525390625
2010-07-30T00:00:00Z,16.5,69.5,1002.8988037109375
2010-07-30T00:00:00Z,16.5,70.5,1003.1488037109375
2010-07-30T00:00:00Z,16.5,71.5,1003.4488525390625
2010-07-30T00:00:00Z,16.5,72.5,1003.7738037109375
2010-07-30T00:00:00Z,17.5,68.5,1001.8988037109375
2010-07-30T00:00:00Z,17.5,69.5,1002.123779296875
2010-07-30T00:00:00Z,17.5,70.5,1002.4487915039062
2010-07-30T00:00:00Z,17.5,71.5,1002.8488159179688
2010-07-30T00:00:00Z,17.5,72.5,1003.2238159179688
2010-07-30T00:00:00Z,18.5,68.5,1001.1488037109375
2010-07-30T00:00:00Z,18.5,69.5,1001.3988037109375
2010-07-30T00:00:00Z,18.5,70.5,1001.7738037109375
2010-07-30T00:00:00Z,18.5,71.5,1002.2488403320312
2010-07-30T00:00:00Z,18.5,72.5,1002.673828125
2010-07-30T00:00:00Z,19.5,68.5,1000.4988403320312
2010-07-30T00:00:00Z,19.5,69.5,1000.798828125
2010-07-30T00:00:00Z,19.5,70.5,1001.1988525390625
2010-07-30T00:00:00Z,19.5,71.5,1001.6988525390625
2010-07-30T00:00:00Z,19.5,72.5,1002.1488037109375
2010-07-30T00:00:00Z,20.5,68.5,999.9488525390625
2010-07-30T00:00:00Z,20.5,69.5,1000.3238525390625
2010-07-30T00:00:00Z,20.5,70.5,1000.7488403320312
2010-07-30T00:00:00Z,20.5,71.5,1001.2488403320312
2010-07-30T00:00:00Z,20.5,72.5,1001.673828125
