time,altitude,latitude,longitude,x_wind,y_wind
UTC,m,degrees_north,degrees_east,m s-1,m s-1
2010-07-16T12:00:00Z,10.0,6.0,68.0,5.7486997,1.033037
2010-07-16T12:00:00Z,10.0,6.0,68.25,5.8171997,0.6738498
2010-07-16T12:00:00Z,10.0,6.0,68.5,5.2181783,1.1403744
2010-07-16T12:00:00Z,10.0,6.0,68.75,5.0836926,0.493236
2010-07-16T12:00:00Z,10.0,6.0,69.0,5.0331798,0.7103687
2010-07-16T12:00:00Z,10.0,6.0,69.25,4.6275787,0.3533747
2010-07-16T12:00:00Z,10.0,6.0,69.5,4.7442575,0.017991219
2010-07-16T12:00:00Z,10.0,6.0,69.75,4.707096,-0.3251784
2010-07-16T12:00:00Z,10.0,6.0,70.0,5.3732986,-0.10260231
2010-07-16T12:00:00Z,10.0,6.0,70.25,5.8494706,0.34649613
2010-07-16T12:00:00Z,10.0,6.0,70.5,5.9807196,0.16165389
2010-07-16T12:00:00Z,10.0,6.0,70.75,5.4985886,0.0782286
2010-07-16T12:00:00Z,10.0,6.0,71.0,5.441531,-0.19817393
2010-07-16T12:00:00Z,10.0,6.0,71.25,5.313296,-0.50347996
2010-07-16T12:00:00Z,10.0,6.0,71.5,5.1769185,-0.4180278
2010-07-16T12:00:00Z,10.0,6.0,71.75,5.7108645,-0.8233613
2010-07-16T12:00:00Z,10.0,6.0,72.0,5.678968,-1.2531937
2010-07-16T12:00:00Z,10.0,6.25,68.0,5.9945297,1.5467403
2010-07-16T12:00:00Z,10.0,6.25,68.25,5.8752084,1.1476258
2010-07-16T12:00:00Z,10.0,6.25,68.5,5.6886353,1.0840331
2010-07-16T12:00:00Z,10.0,6.25,68.75,5.4857907,0.21358252
2010-07-16T12:00:00Z,10.0,6.25,69.0,5.5743823,0.36340928
2010-07-16T12:00:00Z,10.0,6.25,69.25,4.77399,0.21972945
2010-07-16T12:00:00Z,10.0,6.25,69.5,4.819112,0.22602844
2010-07-16T12:00:00Z,10.0,6.25,69.75,5.038915,-0.0971132
2010-07-16T12:00:00Z,10.0,6.25,70.0,5.1490655,-0.056809988
2010-07-16T12:00:00Z,10.0,6.25,70.25,5.786693,0.30808952
2010-07-16T12:00:00Z,10.0,6.25,70.5,5.7384453,-0.026137738
2010-07-16T12:00:00Z,10.0,6.25,70.75,5.842206,-0.32119226
2010-07-16T12:00:00Z,10.0,6.25,71.0,5.5947948,-0.02495428
2010-07-16T12:00:00Z,10.0,6.25,71.25,5.8509808,0.16480957
2010-07-16T12:00:00Z,10.0,6.25,71.5,5.433697,-0.57180023
2010-07-16T12:00:00Z,10.0,6.25,71.75,5.8504114,-1.13757
2010-07-16T12:00:00Z,10.0,6.25,72.0,5.6769643,-1.2098571
2010-07-16T12:00:00Z,10.0,6.5,68.0,6.183704,1.4438411
2010-07-16T12:00:00Z,10.0,6.5,68.25,6.0170302,1.2234254
2010-07-16T12:00:00Z,10.0,6.5,68.5,5.6963854,0.6578271
2010-07-16T12:00:00Z,10.0,6.5,68.75,5.6268473,0.38549268
2010-07-16T12:00:00Z,10.0,6.5,69.0,5.762362,0.465089
2010-07-16T12:00:00Z,10.0,6.5,69.25,5.356674,-0.085360266
2010-07-16T12:00:00Z,10.0,6.5,69.5,5.184271,0.068587415
2010-07-16T12:00:00Z,10.0,6.5,69.75,5.409966,-0.185404
2010-07-16T12:00:00Z,10.0,6.5,70.0,5.8491073,-0.323967
2010-07-16T12:00:00Z,10.0,6.5,70.25,5.7941847,0.21895654
2010-07-16T12:00:00Z,10.0,6.5,70.5,5.9986367,-0.07464419
2010-07-16T12:00:00Z,10.0,6.5,70.75,5.539819,0.043283667
2010-07-16T12:00:00Z,10.0,6.5,71.0,5.68364,-0.056120683
2010-07-16T12:00:00Z,10.0,6.5,71.25,5.621684,-0.19897237
2010-07-16T12:00:00Z,10.0,6.5,71.5,5.4472566,-0.65259874
2010-07-16T12:00:00Z,10.0,6.5,71.75,5.898297,-1.0010189
2010-07-16T12:00:00Z,10.0,6.5,72.0,6.123083,-0.56775343
2010-07-16T12:00:00Z,10.0,6.75,68.0,5.8016825,1.6376826
2010-07-16T12:00:00Z,10.0,6.75,68.25,6.0011816,1.4344594
2010-07-16T12:00:00Z,10.0,6.75,68.5,5.825551,1.1185311
2010-07-16T12:00:00Z,10.0,6.75,68.75,5.893767,0.9499831
2010-07-16T12:00:00Z,10.0,6.75,69.0,6.0650277,0.32620037
2010-07-16T12:00:00Z,10.0,6.75,69.25,5.8323603,-0.09484651
2010-07-16T12:00:00Z,10.0,6.75,69.5,5.6930647,0.19554795
2010-07-16T12:00:00Z,10.0,6.75,69.75,5.5649066,-0.2365288
2010-07-16T12:00:00Z,10.0,6.75,70.0,5.9344006,-0.35398647
2010-07-16T12:00:00Z,10.0,6.75,70.25,6.0232754,-0.20883666
2010-07-16T12:00:00Z,10.0,6.75,70.5,5.958921,-0.14812209
2010-07-16T12:00:00Z,10.0,6.75,70.75,5.8476205,-0.21434559
2010-07-16T12:00:00Z,10.0,6.75,71.0,5.7769775,-0.09447195
2010-07-16T12:00:00Z,10.0,6.75,71.25,5.59901,0.03365388
2010-07-16T12:00:00Z,10.0,6.75,71.5,6.048819,-0.5379388
2010-07-16T12:00:00Z,10.0,6.75,71.75,6.0923376,-0.97858983
2010-07-16T12:00:00Z,10.0,6.75,72.0,5.8459167,-0.6053015
2010-07-16T12:00:00Z,10.0,7.0,68.0,6.031147,1.4884691
2010-07-16T12:00:00Z,10.0,7.0,68.25,6.295329,1.602463
2010-07-16T12:00:00Z,10.0,7.0,68.5,6.0790367,1.3463062
2010-07-16T12:00:00Z,10.0,7.0,68.75,6.0654836,0.7774844
2010-07-16T12:00:00Z,10.0,7.0,69.0,5.8463516,0.22307907
2010-07-16T12:00:00Z,10.0,7.0,69.25,5.884386,0.13908006
2010-07-16T12:00:00Z,10.0,7.0,69.5,5.810773,0.2484107
2010-07-16T12:00:00Z,10.0,7.0,69.75,6.0298543,0.014377887
2010-07-16T12:00:00Z,10.0,7.0,70.0,6.0911307,-0.05061477
2010-07-16T12:00:00Z,10.0,7.0,70.25,5.903501,0.08512517
2010-07-16T12:00:00Z,10.0,7.0,70.5,6.2719774,0.08609458
2010-07-16T12:00:00Z,10.0,7.0,70.75,6.004861,-0.16661477
2010-07-16T12:00:00Z,10.0,7.0,71.0,5.952227,-0.4490242
2010-07-16T12:00:00Z,10.0,7.0,71.25,5.980146,-0.4068026
2010-07-16T12:00:00Z,10.0,7.0,71.5,6.5288324,-0.71806985
2010-07-16T12:00:00Z,10.0,7.0,71.75,6.3953714,-0.77782494
2010-07-16T12:00:00Z,10.0,7.0,72.0,6.244588,-0.5696448
2010-07-16T12:00:00Z,10.0,7.25,68.0,6.604452,1.2686113
2010-07-16T12:00:00Z,10.0,7.25,68.25,6.56496,1.5104885
2010-07-16T12:00:00Z,10.0,7.25,68.5,6.5712643,0.8783578
2010-07-16T12:00:00Z,10.0,7.25,68.75,6.543671,0.6717537
2010-07-16T12:00:00Z,10.0,7.25,69.0,6.139847,0.17430766
2010-07-16T12:00:00Z,10.0,7.25,69.25,6.053408,0.22449695
2010-07-16T12:00:00Z,10.0,7.25,69.5,5.787263,0.22536658
2010-07-16T12:00:00Z,10.0,7.25,69.75,5.69736,0.16322172
2010-07-16T12:00:00Z,10.0,7.25,70.0,5.929084,0.053304702
2010-07-16T12:00:00Z,10.0,7.25,70.25,5.906939,-0.29589653
2010-07-16T12:00:00Z,10.0,7.25,70.5,6.122296,0.061343186
2010-07-16T12:00:00Z,10.0,7.25,70.75,6.112188,-0.087888
2010-07-16T12:00:00Z,10.0,7.25,71.0,6.327018,-0.53369915
2010-07-16T12:00:00Z,10.0,7.25,71.25,6.3001013,-0.7559203
2010-07-16T12:00:00Z,10.0,7.25,71.5,6.818477,-0.7137838
2010-07-16T12:00:00Z,10.0,7.25,71.75,6.8572054,-0.6862115
2010-07-16T12:00:00Z,10.0,7.25,72.0,6.6116138,-0.2632943
2010-07-16T12:00:00Z,10.0,7.5,68.0,6.4498687,1.0279157
2010-07-16T12:00:00Z,10.0,7.5,68.25,6.8863015,0.72476876
2010-07-16T12:00:00Z,10.0,7.5,68.5,7.2174287,0.52840436
2010-07-16T12:00:00Z,10.0,7.5,68.75,7.4786916,0.45470047
2010-07-16T12:00:00Z,10.0,7.5,69.0,7.0161138,0.25131136
2010-07-16T12:00:00Z,10.0,7.5,69.25,6.1751475,0.31251985
2010-07-16T12:00:00Z,10.0,7.5,69.5,5.7312646,0.1694014
2010-07-16T12:00:00Z,10.0,7.5,69.75,6.038771,0.14634971
2010-07-16T12:00:00Z,10.0,7.5,70.0,5.805367,-0.045016322
2010-07-16T12:00:00Z,10.0,7.5,70.25,6.0756774,-0.7078181
2010-07-16T12:00:00Z,10.0,7.5,70.5,6.3291655,-0.05929666
2010-07-16T12:00:00Z,10.0,7.5,70.75,6.3913445,-0.014123647
2010-07-16T12:00:00Z,10.0,7.5,71.0,6.282999,-0.31506348
2010-07-16T12:00:00Z,10.0,7.5,71.25,6.4677,-0.28254178
2010-07-16T12:00:00Z,10.0,7.5,71.5,6.612451,-0.24942333
2010-07-16T12:00:00Z,10.0,7.5,71.75,6.75336,-0.3946403
2010-07-16T12:00:00Z,10.0,7.5,72.0,7.0767417,-0.24222018
2010-07-16T12:00:00Z,10.0,7.75,68.0,6.6677547,1.058677
2010-07-16T12:00:00Z,10.0,7.75,68.25,7.00243,1.4874629
2010-07-16T12:00:00Z,10.0,7.75,68.5,7.289354,1.5079918
2010-07-16T12:00:00Z,10.0,7.75,68.75,7.1296167,0.8536423
2010-07-16T12:00:00Z,10.0,7.75,69.0,6.817833,0.47889912
2010-07-16T12:00:00Z,10.0,7.75,69.25,6.3696404,0.040107746
2010-07-16T12:00:00Z,10.0,7.75,69.5,6.0063086,0.28937885
2010-07-16T12:00:00Z,10.0,7.75,69.75,6.0136647,0.08597758
2010-07-16T12:00:00Z,10.0,7.75,70.0,6.564109,-0.4646489
2010-07-16T12:00:00Z,10.0,7.75,70.25,6.4443874,-0.23977637
2010-07-16T12:00:00Z,10.0,7.75,70.5,6.5891404,0.26574352
2010-07-16T12:00:00Z,10.0,7.75,70.75,6.2952223,0.16624758
2010-07-16T12:00:00Z,10.0,7.75,71.0,6.510446,-0.046068747
2010-07-16T12:00:00Z,10.0,7.75,71.25,6.8442783,-0.13923624
2010-07-16T12:00:00Z,10.0,7.75,71.5,6.9357605,-0.29670113
2010-07-16T12:00:00Z,10.0,7.75,71.75,7.083122,-0.055828113
2010-07-16T12:00:00Z,10.0,7.75,72.0,7.2353578,-0.30399978
2010-07-16T12:00:00Z,10.0,8.0,68.0,6.9644465,1.2790082
2010-07-16T12:00:00Z,10.0,8.0,68.25,7.1843987,1.6488949
2010-07-16T12:00:00Z,10.0,8.0,68.5,7.404091,1.50366
2010-07-16T12:00:00Z,10.0,8.0,68.75,7.011782,0.5773964
2010-07-16T12:00:00Z,10.0,8.0,69.0,6.7255793,0.50452226
2010-07-16T12:00:00Z,10.0,8.0,69.25,6.641996,0.506195
2010-07-16T12:00:00Z,10.0,8.0,69.5,6.3137393,0.6435577
2010-07-16T12:00:00Z,10.0,8.0,69.75,6.3229976,0.29365703
2010-07-16T12:00:00Z,10.0,8.0,70.0,6.2325625,-0.3749222
2010-07-16T12:00:00Z,10.0,8.0,70.25,6.5450335,-0.3799103
2010-07-16T12:00:00Z,10.0,8.0,70.5,6.830307,0.17363437
2010-07-16T12:00:00Z,10.0,8.0,70.75,6.7095714,0.12692305
2010-07-16T12:00:00Z,10.0,8.0,71.0,6.7788215,-0.17637846
2010-07-16T12:00:00Z,10.0,8.0,71.25,6.882458,-0.14348432
2010-07-16T12:00:00Z,10.0,8.0,71.5,6.926386,-0.36965367
2010-07-16T12:00:00Z,10.0,8.0,71.75,7.028243,-0.08040158
2010-07-16T12:00:00Z,10.0,8.0,72.0,7.2278543,-0.23047869
2010-07-16T12:00:00Z,10.0,8.25,68.0,7.0285664,1.7655132
2010-07-16T12:00:00Z,10.0,8.25,68.25,7.098298,2.004006
2010-07-16T12:00:00Z,10.0,8.25,68.5,7.451291,1.7099111
2010-07-16T12:00:00Z,10.0,8.25,68.75,6.9792385,0.94786114
2010-07-16T12:00:00Z,10.0,8.25,69.0,6.742697,0.43352306
2010-07-16T12:00:00Z,10.0,8.25,69.25,6.519386,0.29759163
2010-07-16T12:00:00Z,10.0,8.25,69.5,6.3412113,0.567694
2010-07-16T12:00:00Z,10.0,8.25,69.75,6.734267,0.592179
2010-07-16T12:00:00Z,10.0,8.25,70.0,6.4505424,0.13603963
2010-07-16T12:00:00Z,10.0,8.25,70.25,6.5944614,-0.1682001
2010-07-16T12:00:00Z,10.0,8.25,70.5,6.687147,0.47358873
2010-07-16T12:00:00Z,10.0,8.25,70.75,6.6938696,0.44252703
2010-07-16T12:00:00Z,10.0,8.25,71.0,6.645278,-0.045253668
2010-07-16T12:00:00Z,10.0,8.25,71.25,6.926476,-0.31543368
2010-07-16T12:00:00Z,10.0,8.25,71.5,7.110036,-0.19823317
2010-07-16T12:00:00Z,10.0,8.25,71.75,6.6743264,-0.018392256
2010-07-16T12:00:00Z,10.0,8.25,72.0,6.791631,-0.6246999
2010-07-16T12:00:00Z,10.0,8.5,68.0,7.3237453,1.9524075
2010-07-16T12:00:00Z,10.0,8.5,68.25,7.276696,1.7930562
2010-07-16T12:00:00Z,10.0,8.5,68.5,7.6588244,1.6089717
2010-07-16T12:00:00Z,10.0,8.5,68.75,7.330229,0.84529555
2010-07-16T12:00:00Z,10.0,8.5,69.0,7.0507383,0.3058656
2010-07-16T12:00:00Z,10.0,8.5,69.25,6.7919073,0.36655167
2010-07-16T12:00:00Z,10.0,8.5,69.5,6.7401037,0.21143527
2010-07-16T12:00:00Z,10.0,8.5,69.75,6.6970444,0.2911972
2010-07-16T12:00:00Z,10.0,8.5,70.0,6.434979,0.075789414
2010-07-16T12:00:00Z,10.0,8.5,70.25,6.885991,-0.16782245
2010-07-16T12:00:00Z,10.0,8.5,70.5,6.6470222,0.07420391
2010-07-16T12:00:00Z,10.0,8.5,70.75,6.8386607,0.28961718
2010-07-16T12:00:00Z,10.0,8.5,71.0,6.835331,0.08559644
2010-07-16T12:00:00Z,10.0,8.5,71.25,7.078054,-0.09613103
2010-07-16T12:00:00Z,10.0,8.5,71.5,7.297261,-0.18035156
2010-07-16T12:00:00Z,10.0,8.5,71.75,7.1967545,-0.22290634
2010-07-16T12:00:00Z,10.0,8.5,72.0,6.685002,-0.46673644
2010-07-16T12:00:00Z,10.0,8.75,68.0,7.3993545,2.1281214
2010-07-16T12:00:00Z,10.0,8.75,68.25,7.4670534,1.7228956
2010-07-16T12:00:00Z,10.0,8.75,68.5,7.4145226,1.3843882
2010-07-16T12:00:00Z,10.0,8.75,68.75,7.258263,0.53357875
2010-07-16T12:00:00Z,10.0,8.75,69.0,7.123087,0.17656232
2010-07-16T12:00:00Z,10.0,8.75,69.25,6.9847302,0.31758222
2010-07-16T12:00:00Z,10.0,8.75,69.5,7.043607,-0.07100156
2010-07-16T12:00:00Z,10.0,8.75,69.75,6.8723536,0.20091434
2010-07-16T12:00:00Z,10.0,8.75,70.0,6.8513274,-0.3200033
2010-07-16T12:00:00Z,10.0,8.75,70.25,7.1377583,0.020774603
2010-07-16T12:00:00Z,10.0,8.75,70.5,7.0762935,-0.12679768
2010-07-16T12:00:00Z,10.0,8.75,70.75,7.1632433,0.32570076
2010-07-16T12:00:00Z,10.0,8.75,71.0,7.606552,0.03129978
2010-07-16T12:00:00Z,10.0,8.75,71.25,7.3692436,0.067778066
2010-07-16T12:00:00Z,10.0,8.75,71.5,7.6701145,-0.14725071
2010-07-16T12:00:00Z,10.0,8.75,71.75,7.288005,0.02601107
2010-07-16T12:00:00Z,10.0,8.75,72.0,6.849442,-0.1717048
2010-07-16T12:00:00Z,10.0,9.0,68.0,7.497967,2.2901387
2010-07-16T12:00:00Z,10.0,9.0,68.25,7.683772,1.6002871
2010-07-16T12:00:00Z,10.0,9.0,68.5,7.797865,1.4928306
2010-07-16T12:00:00Z,10.0,9.0,68.75,7.078384,0.8092947
2010-07-16T12:00:00Z,10.0,9.0,69.0,7.1719484,0.4827173
2010-07-16T12:00:00Z,10.0,9.0,69.25,7.19977,0.23643772
2010-07-16T12:00:00Z,10.0,9.0,69.5,7.284628,-0.05081612
2010-07-16T12:00:00Z,10.0,9.0,69.75,7.448311,0.040606007
2010-07-16T12:00:00Z,10.0,9.0,70.0,7.2710485,0.009854412
2010-07-16T12:00:00Z,10.0,9.0,70.25,7.15271,0.11242951
2010-07-16T12:00:00Z,10.0,9.0,70.5,7.1833167,0.16352321
2010-07-16T12:00:00Z,10.0,9.0,70.75,7.4074283,0.48382205
2010-07-16T12:00:00Z,10.0,9.0,71.0,7.72829,0.49823633
2010-07-16T12:00:00Z,10.0,9.0,71.25,7.1145473,-0.13232674
2010-07-16T12:00:00Z,10.0,9.0,71.5,7.639985,0.07060754
2010-07-16T12:00:00Z,10.0,9.0,71.75,7.5714493,-0.20877807
2010-07-16T12:00:00Z,10.0,9.0,72.0,7.2934084,-0.45368347
2010-07-16T12:00:00Z,10.0,9.25,68.0,7.464211,2.2187681
2010-07-16T12:00:00Z,10.0,9.25,68.25,7.9937468,1.6772381
2010-07-16T12:00:00Z,10.0,9.25,68.5,7.4254184,0.66017795
2010-07-16T12:00:00Z,10.0,9.25,68.75,7.3178544,0.7311356
2010-07-16T12:00:00Z,10.0,9.25,69.0,7.383311,0.51804775
2010-07-16T12:00:00Z,10.0,9.25,69.25,7.3685107,0.39862868
2010-07-16T12:00:00Z,10.0,9.25,69.5,7.7055597,0.14586733
2010-07-16T12:00:00Z,10.0,9.25,69.75,7.8672094,0.08329022
2010-07-16T12:00:00Z,10.0,9.25,70.0,7.712198,-0.14317644
2010-07-16T12:00:00Z,10.0,9.25,70.25,7.575109,0.3268816
2010-07-16T12:00:00Z,10.0,9.25,70.5,7.4251723,0.4015416
2010-07-16T12:00:00Z,10.0,9.25,70.75,7.199217,0.37299863
2010-07-16T12:00:00Z,10.0,9.25,71.0,7.7590957,0.8685398
2010-07-16T12:00:00Z,10.0,9.25,71.25,7.5154557,0.39353406
2010-07-16T12:00:00Z,10.0,9.25,71.5,7.515509,0.15995507
2010-07-16T12:00:00Z,10.0,9.25,71.75,7.2435513,-0.4597115
2010-07-16T12:00:00Z,10.0,9.25,72.0,7.3707094,-0.20999615
2010-07-16T12:00:00Z,10.0,9.5,68.0,7.7411084,1.9561813
2010-07-16T12:00:00Z,10.0,9.5,68.25,8.000015,1.416389
2010-07-16T12:00:00Z,10.0,9.5,68.5,7.4731464,0.6503272
2010-07-16T12:00:00Z,10.0,9.5,68.75,7.5374136,0.9351171
2010-07-16T12:00:00Z,10.0,9.5,69.0,7.5389833,0.62436384
2010-07-16T12:00:00Z,10.0,9.5,69.25,7.4771166,0.5381239
2010-07-16T12:00:00Z,10.0,9.5,69.5,7.8505583,0.5949625
2010-07-16T12:00:00Z,10.0,9.5,69.75,8.007548,0.15345992
2010-07-16T12:00:00Z,10.0,9.5,70.0,8.243277,0.51135284
2010-07-16T12:00:00Z,10.0,9.5,70.25,8.113219,0.5735915
2010-07-16T12:00:00Z,10.0,9.5,70.5,7.4279327,0.33682168
2010-07-16T12:00:00Z,10.0,9.5,70.75,7.3776827,0.38815293
2010-07-16T12:00:00Z,10.0,9.5,71.0,7.619772,0.7979978
2010-07-16T12:00:00Z,10.0,9.5,71.25,7.6389294,0.27143216
2010-07-16T12:00:00Z,10.0,9.5,71.5,7.47822,-0.19818577
2010-07-16T12:00:00Z,10.0,9.5,71.75,7.1132474,-0.022859812
2010-07-16T12:00:00Z,10.0,9.5,72.0,7.191238,0.25301963
2010-07-16T12:00:00Z,10.0,9.75,68.0,7.80939,1.959567
2010-07-16T12:00:00Z,10.0,9.75,68.25,8.090463,1.4526721
2010-07-16T12:00:00Z,10.0,9.75,68.5,7.6468554,0.93146104
2010-07-16T12:00:00Z,10.0,9.75,68.75,7.559291,0.779413
2010-07-16T12:00:00Z,10.0,9.75,69.0,7.5582323,0.85333
2010-07-16T12:00:00Z,10.0,9.75,69.25,7.6740284,0.45664287
2010-07-16T12:00:00Z,10.0,9.75,69.5,7.9709225,0.79964966
2010-07-16T12:00:00Z,10.0,9.75,69.75,8.400977,0.5947663
2010-07-16T12:00:00Z,10.0,9.75,70.0,8.355715,0.8968047
2010-07-16T12:00:00Z,10.0,9.75,70.25,7.9044266,0.77000123
2010-07-16T12:00:00Z,10.0,9.75,70.5,7.767965,0.66906685
2010-07-16T12:00:00Z,10.0,9.75,70.75,7.9267216,0.672385
2010-07-16T12:00:00Z,10.0,9.75,71.0,7.944948,0.65064865
2010-07-16T12:00:00Z,10.0,9.75,71.25,8.024926,0.7577324
2010-07-16T12:00:00Z,10.0,9.75,71.5,7.6176524,0.5707142
2010-07-16T12:00:00Z,10.0,9.75,71.75,7.435668,-0.031389385
2010-07-16T12:00:00Z,10.0,9.75,72.0,7.3853765,0.009326272
2010-07-16T12:00:00Z,10.0,10.0,68.0,8.127307,1.8223011
2010-07-16T12:00:00Z,10.0,10.0,68.25,8.325804,1.5695832
2010-07-16T12:00:00Z,10.0,10.0,68.5,8.143978,1.0680549
2010-07-16T12:00:00Z,10.0,10.0,68.75,7.7476892,1.0410258
2010-07-16T12:00:00Z,10.0,10.0,69.0,8.004545,1.5046042
2010-07-16T12:00:00Z,10.0,10.0,69.25,8.162448,1.1775132
2010-07-16T12:00:00Z,10.0,10.0,69.5,8.378441,1.2739474
2010-07-16T12:00:00Z,10.0,10.0,69.75,8.502542,0.82034385
2010-07-16T12:00:00Z,10.0,10.0,70.0,8.463455,0.8416583
2010-07-16T12:00:00Z,10.0,10.0,70.25,8.449846,0.74075294
2010-07-16T12:00:00Z,10.0,10.0,70.5,7.982643,0.28693676
2010-07-16T12:00:00Z,10.0,10.0,70.75,7.913259,0.70340455
2010-07-16T12:00:00Z,10.0,10.0,71.0,8.047702,0.724659
2010-07-16T12:00:00Z,10.0,10.0,71.25,7.74495,0.8255381
2010-07-16T12:00:00Z,10.0,10.0,71.5,7.4647098,-0.22560336
2010-07-16T12:00:00Z,10.0,10.0,71.75,7.58489,-0.34333393
2010-07-16T12:00:00Z,10.0,10.0,72.0,7.514658,0.025771229
2010-07-16T12:00:00Z,10.0,10.25,68.0,8.477525,1.9822531
2010-07-16T12:00:00Z,10.0,10.25,68.25,8.662284,1.6785681
2010-07-16T12:00:00Z,10.0,10.25,68.5,8.307317,1.2962999
2010-07-16T12:00:00Z,10.0,10.25,68.75,8.0596695,1.0763719
2010-07-16T12:00:00Z,10.0,10.25,69.0,8.242527,1.3941731
2010-07-16T12:00:00Z,10.0,10.25,69.25,8.507859,1.2566545
2010-07-16T12:00:00Z,10.0,10.25,69.5,8.46771,1.2589455
2010-07-16T12:00:00Z,10.0,10.25,69.75,8.777946,1.422558
2010-07-16T12:00:00Z,10.0,10.25,70.0,8.397299,0.49803317
2010-07-16T12:00:00Z,10.0,10.25,70.25,8.64746,0.45257795
2010-07-16T12:00:00Z,10.0,10.25,70.5,7.8922677,0.2002239
2010-07-16T12:00:00Z,10.0,10.25,70.75,8.153943,0.4754734
2010-07-16T12:00:00Z,10.0,10.25,71.0,8.201989,0.5464046
2010-07-16T12:00:00Z,10.0,10.25,71.25,8.068586,0.23803055
2010-07-16T12:00:00Z,10.0,10.25,71.5,7.8162913,-0.039872717
2010-07-16T12:00:00Z,10.0,10.25,71.75,7.7214446,-0.2689679
2010-07-16T12:00:00Z,10.0,10.25,72.0,7.5298114,0.19105385
2010-07-16T12:00:00Z,10.0,10.5,68.0,8.832535,1.979953
2010-07-16T12:00:00Z,10.0,10.5,68.25,8.666626,1.4668697
2010-07-16T12:00:00Z,10.0,10.5,68.5,8.521126,1.1332971
2010-07-16T12:00:00Z,10.0,10.5,68.75,8.409298,1.2310175
2010-07-16T12:00:00Z,10.0,10.5,69.0,8.593354,1.1829796
2010-07-16T12:00:00Z,10.0,10.5,69.25,8.772417,0.82587737
2010-07-16T12:00:00Z,10.0,10.5,69.5,9.095936,0.94797546
2010-07-16T12:00:00Z,10.0,10.5,69.75,9.0180025,1.3244864
2010-07-16T12:00:00Z,10.0,10.5,70.0,8.716029,0.8440735
2010-07-16T12:00:00Z,10.0,10.5,70.25,8.260172,-0.052100547
2010-07-16T12:00:00Z,10.0,10.5,70.5,8.0578165,0.08642445
2010-07-16T12:00:00Z,10.0,10.5,70.75,8.126405,0.30984092
2010-07-16T12:00:00Z,10.0,10.5,71.0,8.305632,0.7676002
2010-07-16T12:00:00Z,10.0,10.5,71.25,8.636236,0.69625777
2010-07-16T12:00:00Z,10.0,10.5,71.5,7.895817,0.10455887
2010-07-16T12:00:00Z,10.0,10.5,71.75,7.6150064,-0.2617846
2010-07-16T12:00:00Z,10.0,10.5,72.0,7.651875,-0.13049968
2010-07-16T12:00:00Z,10.0,10.75,68.0,9.06938,2.0791354
2010-07-16T12:00:00Z,10.0,10.75,68.25,8.81353,1.5424377
2010-07-16T12:00:00Z,10.0,10.75,68.5,8.861265,1.2130663
2010-07-16T12:00:00Z,10.0,10.75,68.75,8.64871,1.6234586
2010-07-16T12:00:00Z,10.0,10.75,69.0,8.607934,1.0593289
2010-07-16T12:00:00Z,10.0,10.75,69.25,8.776859,1.0427859
2010-07-16T12:00:00Z,10.0,10.75,69.5,8.73592,0.6212702
2010-07-16T12:00:00Z,10.0,10.75,69.75,9.10922,1.218732
2010-07-16T12:00:00Z,10.0,10.75,70.0,8.702217,0.94632316
2010-07-16T12:00:00Z,10.0,10.75,70.25,8.321454,0.08898261
2010-07-16T12:00:00Z,10.0,10.75,70.5,8.403945,0.24626824
2010-07-16T12:00:00Z,10.0,10.75,70.75,8.252026,0.14075764
2010-07-16T12:00:00Z,10.0,10.75,71.0,8.17971,0.6361993
2010-07-16T12:00:00Z,10.0,10.75,71.25,8.264046,0.8144265
2010-07-16T12:00:00Z,10.0,10.75,71.5,8.000374,0.2941296
2010-07-16T12:00:00Z,10.0,10.75,71.75,7.8224344,0.14984621
2010-07-16T12:00:00Z,10.0,10.75,72.0,7.370813,-0.1437976
2010-07-16T12:00:00Z,10.0,11.0,68.0,9.3535595,2.170511
2010-07-16T12:00:00Z,10.0,11.0,68.25,9.026621,1.7362165
2010-07-16T12:00:00Z,10.0,11.0,68.5,8.918094,1.5330217
2010-07-16T12:00:00Z,10.0,11.0,68.75,9.011655,1.7467222
2010-07-16T12:00:00Z,10.0,11.0,69.0,8.656916,1.116908
2010-07-16T12:00:00Z,10.0,11.0,69.25,8.520884,1.0423497
2010-07-16T12:00:00Z,10.0,11.0,69.5,8.922562,1.1927776
2010-07-16T12:00:00Z,10.0,11.0,69.75,9.233752,1.0648342
2010-07-16T12:00:00Z,10.0,11.0,70.0,8.9274435,0.65385103
2010-07-16T12:00:00Z,10.0,11.0,70.25,8.42593,0.37204176
2010-07-16T12:00:00Z,10.0,11.0,70.5,8.5852785,0.9843011
2010-07-16T12:00:00Z,10.0,11.0,70.75,8.605054,0.8549341
2010-07-16T12:00:00Z,10.0,11.0,71.0,8.316317,0.6471112
2010-07-16T12:00:00Z,10.0,11.0,71.25,8.192803,0.81803125
2010-07-16T12:00:00Z,10.0,11.0,71.5,7.9831033,0.25577596
2010-07-16T12:00:00Z,10.0,11.0,71.75,7.838016,0.35139546
2010-07-16T12:00:00Z,10.0,11.0,72.0,7.4891,0.56382966
2010-07-16T12:00:00Z,10.0,11.25,68.0,9.363388,1.9650135
2010-07-16T12:00:00Z,10.0,11.25,68.25,9.218648,1.8867891
2010-07-16T12:00:00Z,10.0,11.25,68.5,9.085034,1.7009608
2010-07-16T12:00:00Z,10.0,11.25,68.75,9.19364,1.895385
2010-07-16T12:00:00Z,10.0,11.25,69.0,8.963359,1.6914266
2010-07-16T12:00:00Z,10.0,11.25,69.25,9.119255,1.5067711
2010-07-16T12:00:00Z,10.0,11.25,69.5,9.129912,1.3490098
2010-07-16T12:00:00Z,10.0,11.25,69.75,9.118984,1.2124852
2010-07-16T12:00:00Z,10.0,11.25,70.0,9.033344,0.8211814
2010-07-16T12:00:00Z,10.0,11.25,70.25,8.686311,0.5270007
2010-07-16T12:00:00Z,10.0,11.25,70.5,8.834252,0.9407144
2010-07-16T12:00:00Z,10.0,11.25,70.75,8.77475,0.7558919
2010-07-16T12:00:00Z,10.0,11.25,71.0,8.327417,0.74327505
2010-07-16T12:00:00Z,10.0,11.25,71.25,8.121341,0.6158589
2010-07-16T12:00:00Z,10.0,11.25,71.5,8.041814,0.661504
2010-07-16T12:00:00Z,10.0,11.25,71.75,7.7330065,0.7071573
2010-07-16T12:00:00Z,10.0,11.25,72.0,7.375586,-0.08860972
2010-07-16T12:00:00Z,10.0,11.5,68.0,9.352252,1.6245906
2010-07-16T12:00:00Z,10.0,11.5,68.25,9.564498,1.7895143
2010-07-16T12:00:00Z,10.0,11.5,68.5,9.404864,2.1202383
2010-07-16T12:00:00Z,10.0,11.5,68.75,9.561508,1.8306836
2010-07-16T12:00:00Z,10.0,11.5,69.0,9.283702,1.7641402
2010-07-16T12:00:00Z,10.0,11.5,69.25,9.021745,1.1641244
2010-07-16T12:00:00Z,10.0,11.5,69.5,9.117274,1.2292652
2010-07-16T12:00:00Z,10.0,11.5,69.75,9.101076,0.9806546
2010-07-16T12:00:00Z,10.0,11.5,70.0,9.11623,0.75730896
2010-07-16T12:00:00Z,10.0,11.5,70.25,8.887928,0.9797373
2010-07-16T12:00:00Z,10.0,11.5,70.5,9.096724,0.807574
2010-07-16T12:00:00Z,10.0,11.5,70.75,8.844278,0.79902554
2010-07-16T12:00:00Z,10.0,11.5,71.0,8.415438,0.76281315
2010-07-16T12:00:00Z,10.0,11.5,71.25,8.293731,0.56659275
2010-07-16T12:00:00Z,10.0,11.5,71.5,8.250623,0.5977454
2010-07-16T12:00:00Z,10.0,11.5,71.75,8.020616,0.4723971
2010-07-16T12:00:00Z,10.0,11.5,72.0,7.9134483,0.589972
2010-07-16T12:00:00Z,10.0,11.75,68.0,9.49285,1.8163687
2010-07-16T12:00:00Z,10.0,11.75,68.25,9.718138,1.7763067
2010-07-16T12:00:00Z,10.0,11.75,68.5,9.742686,1.8739799
2010-07-16T12:00:00Z,10.0,11.75,68.75,9.60807,2.0635836
2010-07-16T12:00:00Z,10.0,11.75,69.0,9.04481,1.5912228
2010-07-16T12:00:00Z,10.0,11.75,69.25,8.959568,1.3548007
2010-07-16T12:00:00Z,10.0,11.75,69.5,9.259656,1.3844309
2010-07-16T12:00:00Z,10.0,11.75,69.75,9.188779,1.0510976
2010-07-16T12:00:00Z,10.0,11.75,70.0,9.458563,1.0550133
2010-07-16T12:00:00Z,10.0,11.75,70.25,9.181636,1.1818969
2010-07-16T12:00:00Z,10.0,11.75,70.5,9.049241,0.8878644
2010-07-16T12:00:00Z,10.0,11.75,70.75,8.992218,0.86701626
2010-07-16T12:00:00Z,10.0,11.75,71.0,8.565407,0.70365405
2010-07-16T12:00:00Z,10.0,11.75,71.25,8.448503,0.117523156
2010-07-16T12:00:00Z,10.0,11.75,71.5,8.411654,0.119167954
2010-07-16T12:00:00Z,10.0,11.75,71.75,8.179879,-0.015273929
2010-07-16T12:00:00Z,10.0,11.75,72.0,7.8971443,-0.1418279
2010-07-16T12:00:00Z,10.0,12.0,68.0,9.610075,1.9129125
2010-07-16T12:00:00Z,10.0,12.0,68.25,9.844918,2.0188112
2010-07-16T12:00:00Z,10.0,12.0,68.5,9.743458,1.8921614
2010-07-16T12:00:00Z,10.0,12.0,68.75,9.530381,1.5458155
2010-07-16T12:00:00Z,10.0,12.0,69.0,9.482969,1.6491166
2010-07-16T12:00:00Z,10.0,12.0,69.25,9.40256,1.4270036
2010-07-16T12:00:00Z,10.0,12.0,69.5,9.56738,1.3982487
2010-07-16T12:00:00Z,10.0,12.0,69.75,9.44795,1.1960578
2010-07-16T12:00:00Z,10.0,12.0,70.0,9.351329,1.1686653
2010-07-16T12:00:00Z,10.0,12.0,70.25,9.30328,0.87120867
2010-07-16T12:00:00Z,10.0,12.0,70.5,9.183461,0.8822504
2010-07-16T12:00:00Z,10.0,12.0,70.75,9.143632,0.8746565
2010-07-16T12:00:00Z,10.0,12.0,71.0,8.841325,0.75124896
2010-07-16T12:00:00Z,10.0,12.0,71.25,8.456081,-0.10183525
2010-07-16T12:00:00Z,10.0,12.0,71.5,8.638044,-0.0149310855
2010-07-16T12:00:00Z,10.0,12.0,71.75,8.105744,0.10172932
2010-07-16T12:00:00Z,10.0,12.0,72.0,7.9344573,-0.15106323
2010-07-16T12:00:00Z,10.0,12.25,68.0,9.746824,2.1882463
2010-07-16T12:00:00Z,10.0,12.25,68.25,9.736819,1.9017768
2010-07-16T12:00:00Z,10.0,12.25,68.5,9.936093,1.8572035
2010-07-16T12:00:00Z,10.0,12.25,68.75,9.673704,1.6739933
2010-07-16T12:00:00Z,10.0,12.25,69.0,9.528078,1.5924635
2010-07-16T12:00:00Z,10.0,12.25,69.25,9.746671,1.589589
2010-07-16T12:00:00Z,10.0,12.25,69.5,9.848802,1.5537723
2010-07-16T12:00:00Z,10.0,12.25,69.75,9.616433,1.3481448
2010-07-16T12:00:00Z,10.0,12.25,70.0,9.449313,1.1231276
2010-07-16T12:00:00Z,10.0,12.25,70.25,9.532792,0.82098156
2010-07-16T12:00:00Z,10.0,12.25,70.5,9.355627,0.60400665
2010-07-16T12:00:00Z,10.0,12.25,70.75,8.992428,0.6141621
2010-07-16T12:00:00Z,10.0,12.25,71.0,8.782833,0.23104353
2010-07-16T12:00:00Z,10.0,12.25,71.25,8.717583,0.111546025
2010-07-16T12:00:00Z,10.0,12.25,71.5,8.821642,0.46915442
2010-07-16T12:00:00Z,10.0,12.25,71.75,8.607205,0.32884327
2010-07-16T12:00:00Z,10.0,12.25,72.0,8.13873,0.5543801
2010-07-16T12:00:00Z,10.0,12.5,68.0,9.878835,2.2677534
2010-07-16T12:00:00Z,10.0,12.5,68.25,9.868722,2.131908
2010-07-16T12:00:00Z,10.0,12.5,68.5,10.019751,2.1605515
2010-07-16T12:00:00Z,10.0,12.5,68.75,9.941519,1.7885163
2010-07-16T12:00:00Z,10.0,12.5,69.0,9.8329735,1.6717839
2010-07-16T12:00:00Z,10.0,12.5,69.25,9.8740015,1.7533607
2010-07-16T12:00:00Z,10.0,12.5,69.5,9.916941,1.6337775
2010-07-16T12:00:00Z,10.0,12.5,69.75,9.771546,1.2219477
2010-07-16T12:00:00Z,10.0,12.5,70.0,9.625764,1.104109
2010-07-16T12:00:00Z,10.0,12.5,70.25,9.641855,0.8372856
2010-07-16T12:00:00Z,10.0,12.5,70.5,9.465967,0.73290044
2010-07-16T12:00:00Z,10.0,12.5,70.75,9.342541,0.5804619
2010-07-16T12:00:00Z,10.0,12.5,71.0,8.974346,0.5044126
2010-07-16T12:00:00Z,10.0,12.5,71.25,8.8075285,0.35276756
2010-07-16T12:00:00Z,10.0,12.5,71.5,8.770935,0.5843171
2010-07-16T12:00:00Z,10.0,12.5,71.75,8.884825,0.5766313
2010-07-16T12:00:00Z,10.0,12.5,72.0,8.486304,0.3802281
2010-07-16T12:00:00Z,10.0,12.75,68.0,9.950498,2.1542532
2010-07-16T12:00:00Z,10.0,12.75,68.25,9.948775,2.207312
2010-07-16T12:00:00Z,10.0,12.75,68.5,10.260493,2.14458
2010-07-16T12:00:00Z,10.0,12.75,68.75,10.270555,1.9150699
2010-07-16T12:00:00Z,10.0,12.75,69.0,10.152679,1.7160829
2010-07-16T12:00:00Z,10.0,12.75,69.25,10.108157,1.8153887
2010-07-16T12:00:00Z,10.0,12.75,69.5,9.89997,1.4219582
2010-07-16T12:00:00Z,10.0,12.75,69.75,9.824872,1.3702551
2010-07-16T12:00:00Z,10.0,12.75,70.0,9.884138,1.3962321
2010-07-16T12:00:00Z,10.0,12.75,70.25,9.6050625,0.9652732
2010-07-16T12:00:00Z,10.0,12.75,70.5,9.585061,0.66439116
2010-07-16T12:00:00Z,10.0,12.75,70.75,9.814211,0.38730165
2010-07-16T12:00:00Z,10.0,12.75,71.0,9.485006,0.37736416
2010-07-16T12:00:00Z,10.0,12.75,71.25,9.052864,0.22541115
2010-07-16T12:00:00Z,10.0,12.75,71.5,9.0130825,0.52009904
2010-07-16T12:00:00Z,10.0,12.75,71.75,8.800615,0.2011753
2010-07-16T12:00:00Z,10.0,12.75,72.0,8.566785,0.36831608
2010-07-16T12:00:00Z,10.0,13.0,68.0,10.251197,2.4416091
2010-07-16T12:00:00Z,10.0,13.0,68.25,10.15294,2.3169472
2010-07-16T12:00:00Z,10.0,13.0,68.5,10.412232,2.2437851
2010-07-16T12:00:00Z,10.0,13.0,68.75,10.310415,1.9505074
2010-07-16T12:00:00Z,10.0,13.0,69.0,10.240602,1.7238318
2010-07-16T12:00:00Z,10.0,13.0,69.25,10.178264,1.7813324
2010-07-16T12:00:00Z,10.0,13.0,69.5,10.078938,1.5996025
2010-07-16T12:00:00Z,10.0,13.0,69.75,9.943914,1.4603301
2010-07-16T12:00:00Z,10.0,13.0,70.0,9.910451,1.3666705
2010-07-16T12:00:00Z,10.0,13.0,70.25,9.750509,1.0098405
2010-07-16T12:00:00Z,10.0,13.0,70.5,9.594315,0.94304436
2010-07-16T12:00:00Z,10.0,13.0,70.75,9.784237,0.72075325
2010-07-16T12:00:00Z,10.0,13.0,71.0,9.530652,0.25366288
2010-07-16T12:00:00Z,10.0,13.0,71.25,9.031854,0.271542
2010-07-16T12:00:00Z,10.0,13.0,71.5,8.898193,0.36908928
2010-07-16T12:00:00Z,10.0,13.0,71.75,8.836136,0.14621416
2010-07-16T12:00:00Z,10.0,13.0,72.0,8.428039,-0.040272854
2010-07-16T12:00:00Z,10.0,13.25,68.0,10.333231,2.566067
2010-07-16T12:00:00Z,10.0,13.25,68.25,10.24454,2.3328383
2010-07-16T12:00:00Z,10.0,13.25,68.5,10.210848,2.0658786
2010-07-16T12:00:00Z,10.0,13.25,68.75,10.433533,1.9822559
2010-07-16T12:00:00Z,10.0,13.25,69.0,10.327509,1.9282589
2010-07-16T12:00:00Z,10.0,13.25,69.25,10.325543,1.7376518
2010-07-16T12:00:00Z,10.0,13.25,69.5,10.110368,1.8536026
2010-07-16T12:00:00Z,10.0,13.25,69.75,9.958442,1.6200829
2010-07-16T12:00:00Z,10.0,13.25,70.0,10.014364,1.4639499
2010-07-16T12:00:00Z,10.0,13.25,70.25,9.978566,1.3762243
2010-07-16T12:00:00Z,10.0,13.25,70.5,9.708863,1.4544547
2010-07-16T12:00:00Z,10.0,13.25,70.75,9.685459,0.66805094
2010-07-16T12:00:00Z,10.0,13.25,71.0,9.447108,0.43331647
2010-07-16T12:00:00Z,10.0,13.25,71.25,9.08756,0.031256337
2010-07-16T12:00:00Z,10.0,13.25,71.5,8.89033,0.19192655
2010-07-16T12:00:00Z,10.0,13.25,71.75,8.813496,0.030791493
2010-07-16T12:00:00Z,10.0,13.25,72.0,8.594063,0.24806207
2010-07-16T12:00:00Z,10.0,13.5,68.0,10.411952,2.97398
2010-07-16T12:00:00Z,10.0,13.5,68.25,10.26557,2.5294938
2010-07-16T12:00:00Z,10.0,13.5,68.5,10.319029,2.2680733
2010-07-16T12:00:00Z,10.0,13.5,68.75,10.410676,2.2584496
2010-07-16T12:00:00Z,10.0,13.5,69.0,10.456495,2.0803993
2010-07-16T12:00:00Z,10.0,13.5,69.25,10.369452,1.958523
2010-07-16T12:00:00Z,10.0,13.5,69.5,10.34202,1.9070852
2010-07-16T12:00:00Z,10.0,13.5,69.75,10.125661,1.8691213
2010-07-16T12:00:00Z,10.0,13.5,70.0,10.166197,1.6167437
2010-07-16T12:00:00Z,10.0,13.5,70.25,10.08831,1.4562585
2010-07-16T12:00:00Z,10.0,13.5,70.5,9.85073,1.5394156
2010-07-16T12:00:00Z,10.0,13.5,70.75,9.53438,0.9515672
2010-07-16T12:00:00Z,10.0,13.5,71.0,9.4007845,0.36291856
2010-07-16T12:00:00Z,10.0,13.5,71.25,9.306043,0.11588689
2010-07-16T12:00:00Z,10.0,13.5,71.5,8.813049,0.21327586
2010-07-16T12:00:00Z,10.0,13.5,71.75,9.083854,0.2867971
2010-07-16T12:00:00Z,10.0,13.5,72.0,8.873525,0.07269954
2010-07-16T12:00:00Z,10.0,13.75,68.0,10.494054,3.1205692
2010-07-16T12:00:00Z,10.0,13.75,68.25,10.301779,2.7121572
2010-07-16T12:00:00Z,10.0,13.75,68.5,10.3141365,2.4522655
2010-07-16T12:00:00Z,10.0,13.75,68.75,10.485178,2.3415005
2010-07-16T12:00:00Z,10.0,13.75,69.0,10.666938,2.2188103
2010-07-16T12:00:00Z,10.0,13.75,69.25,10.568477,2.0358903
2010-07-16T12:00:00Z,10.0,13.75,69.5,10.384265,1.9397933
2010-07-16T12:00:00Z,10.0,13.75,69.75,10.204042,1.8855588
2010-07-16T12:00:00Z,10.0,13.75,70.0,10.203283,1.4666462
2010-07-16T12:00:00Z,10.0,13.75,70.25,10.180494,1.5847261
2010-07-16T12:00:00Z,10.0,13.75,70.5,9.787399,1.6455307
2010-07-16T12:00:00Z,10.0,13.75,70.75,9.4027815,1.226044
2010-07-16T12:00:00Z,10.0,13.75,71.0,9.627858,0.73144144
2010-07-16T12:00:00Z,10.0,13.75,71.25,9.450662,0.7677095
2010-07-16T12:00:00Z,10.0,13.75,71.5,9.268401,0.46452275
2010-07-16T12:00:00Z,10.0,13.75,71.75,9.156363,0.35776353
2010-07-16T12:00:00Z,10.0,13.75,72.0,9.167234,0.28175417
2010-07-16T12:00:00Z,10.0,14.0,68.0,10.502604,3.2386947
2010-07-16T12:00:00Z,10.0,14.0,68.25,10.547273,2.7782245
2010-07-16T12:00:00Z,10.0,14.0,68.5,10.36084,2.394929
2010-07-16T12:00:00Z,10.0,14.0,68.75,10.524196,2.2649179
2010-07-16T12:00:00Z,10.0,14.0,69.0,10.715888,2.4369211
2010-07-16T12:00:00Z,10.0,14.0,69.25,10.531133,2.1655157
2010-07-16T12:00:00Z,10.0,14.0,69.5,10.33169,1.9755865
2010-07-16T12:00:00Z,10.0,14.0,69.75,10.359793,1.8143069
2010-07-16T12:00:00Z,10.0,14.0,70.0,10.349597,1.7190073
2010-07-16T12:00:00Z,10.0,14.0,70.25,10.196739,1.4221995
2010-07-16T12:00:00Z,10.0,14.0,70.5,9.859305,1.3921144
2010-07-16T12:00:00Z,10.0,14.0,70.75,9.486218,1.2608526
2010-07-16T12:00:00Z,10.0,14.0,71.0,9.501982,0.72558236
2010-07-16T12:00:00Z,10.0,14.0,71.25,9.33193,0.8259293
2010-07-16T12:00:00Z,10.0,14.0,71.5,8.907476,0.35953474
2010-07-16T12:00:00Z,10.0,14.0,71.75,8.817014,0.0763657
2010-07-16T12:00:00Z,10.0,14.0,72.0,8.767631,-0.03316697
2010-07-16T12:00:00Z,10.0,14.25,68.0,10.517977,3.2875247
2010-07-16T12:00:00Z,10.0,14.25,68.25,10.655341,2.9053364
2010-07-16T12:00:00Z,10.0,14.25,68.5,10.455248,2.358004
2010-07-16T12:00:00Z,10.0,14.25,68.75,10.545737,2.447789
2010-07-16T12:00:00Z,10.0,14.25,69.0,10.703575,2.3499472
2010-07-16T12:00:00Z,10.0,14.25,69.25,10.59312,2.2010698
2010-07-16T12:00:00Z,10.0,14.25,69.5,10.523891,2.2558522
2010-07-16T12:00:00Z,10.0,14.25,69.75,10.44849,2.033103
2010-07-16T12:00:00Z,10.0,14.25,70.0,10.421486,1.9271985
2010-07-16T12:00:00Z,10.0,14.25,70.25,10.1429825,1.7095073
2010-07-16T12:00:00Z,10.0,14.25,70.5,9.785511,1.2722611
2010-07-16T12:00:00Z,10.0,14.25,70.75,9.665031,1.2773767
2010-07-16T12:00:00Z,10.0,14.25,71.0,9.468453,0.9340477
2010-07-16T12:00:00Z,10.0,14.25,71.25,9.319042,0.80053425
2010-07-16T12:00:00Z,10.0,14.25,71.5,8.838607,0.5778208
2010-07-16T12:00:00Z,10.0,14.25,71.75,8.727103,0.3857357
2010-07-16T12:00:00Z,10.0,14.25,72.0,8.768996,0.6647235
2010-07-16T12:00:00Z,10.0,14.5,68.0,10.7045,3.301522
2010-07-16T12:00:00Z,10.0,14.5,68.25,10.644415,3.0049736
2010-07-16T12:00:00Z,10.0,14.5,68.5,10.477533,2.5823848
2010-07-16T12:00:00Z,10.0,14.5,68.75,10.647238,2.4621232
2010-07-16T12:00:00Z,10.0,14.5,69.0,10.728822,2.4149225
2010-07-16T12:00:00Z,10.0,14.5,69.25,10.781321,2.3515224
2010-07-16T12:00:00Z,10.0,14.5,69.5,10.543907,2.27192
2010-07-16T12:00:00Z,10.0,14.5,69.75,10.444355,2.0642207
2010-07-16T12:00:00Z,10.0,14.5,70.0,10.471043,1.8690047
2010-07-16T12:00:00Z,10.0,14.5,70.25,10.25617,1.7220733
2010-07-16T12:00:00Z,10.0,14.5,70.5,9.926322,1.5279484
2010-07-16T12:00:00Z,10.0,14.5,70.75,9.699437,1.4579322
2010-07-16T12:00:00Z,10.0,14.5,71.0,9.448307,1.3876606
2010-07-16T12:00:00Z,10.0,14.5,71.25,9.056869,0.91606337
2010-07-16T12:00:00Z,10.0,14.5,71.5,8.965991,0.82377905
2010-07-16T12:00:00Z,10.0,14.5,71.75,8.897801,0.5764929
2010-07-16T12:00:00Z,10.0,14.5,72.0,9.006497,0.7324418
2010-07-16T12:00:00Z,10.0,14.75,68.0,10.726588,3.548829
2010-07-16T12:00:00Z,10.0,14.75,68.25,10.621367,3.2409866
2010-07-16T12:00:00Z,10.0,14.75,68.5,10.584713,2.95832
2010-07-16T12:00:00Z,10.0,14.75,68.75,10.748924,2.7657104
2010-07-16T12:00:00Z,10.0,14.75,69.0,10.816377,2.7492492
2010-07-16T12:00:00Z,10.0,14.75,69.25,10.818335,2.5408733
2010-07-16T12:00:00Z,10.0,14.75,69.5,10.469453,2.3851938
2010-07-16T12:00:00Z,10.0,14.75,69.75,10.294816,2.293472
2010-07-16T12:00:00Z,10.0,14.75,70.0,10.477447,2.1479592
2010-07-16T12:00:00Z,10.0,14.75,70.25,10.397914,2.0403714
2010-07-16T12:00:00Z,10.0,14.75,70.5,10.035579,1.6753396
2010-07-16T12:00:00Z,10.0,14.75,70.75,9.623271,1.6835778
2010-07-16T12:00:00Z,10.0,14.75,71.0,9.247294,1.4678698
2010-07-16T12:00:00Z,10.0,14.75,71.25,9.058294,0.9649143
2010-07-16T12:00:00Z,10.0,14.75,71.5,9.144277,0.8017244
2010-07-16T12:00:00Z,10.0,14.75,71.75,8.889726,0.6589555
2010-07-16T12:00:00Z,10.0,14.75,72.0,8.834908,0.715951
2010-07-16T12:00:00Z,10.0,15.0,68.0,10.69226,3.685018
2010-07-16T12:00:00Z,10.0,15.0,68.25,10.583932,3.3307993
2010-07-16T12:00:00Z,10.0,15.0,68.5,10.702421,3.0783553
2010-07-16T12:00:00Z,10.0,15.0,68.75,10.609352,2.8341544
2010-07-16T12:00:00Z,10.0,15.0,69.0,10.684405,2.6437082
2010-07-16T12:00:00Z,10.0,15.0,69.25,10.692435,2.6821098
2010-07-16T12:00:00Z,10.0,15.0,69.5,10.493648,2.294195
2010-07-16T12:00:00Z,10.0,15.0,69.75,10.417758,2.3607824
2010-07-16T12:00:00Z,10.0,15.0,70.0,10.552274,2.438238
2010-07-16T12:00:00Z,10.0,15.0,70.25,10.279274,2.2038167
2010-07-16T12:00:00Z,10.0,15.0,70.5,9.852501,1.6898531
2010-07-16T12:00:00Z,10.0,15.0,70.75,9.591263,1.5866767
2010-07-16T12:00:00Z,10.0,15.0,71.0,9.393861,1.6647613
2010-07-16T12:00:00Z,10.0,15.0,71.25,9.320821,1.2060632
2010-07-16T12:00:00Z,10.0,15.0,71.5,9.111524,1.0692836
2010-07-16T12:00:00Z,10.0,15.0,71.75,8.699657,0.83496904
2010-07-16T12:00:00Z,10.0,15.0,72.0,8.65041,0.90817654
2010-07-16T12:00:00Z,10.0,15.25,68.0,10.735155,3.6741524
2010-07-16T12:00:00Z,10.0,15.25,68.25,10.654093,3.5494971
2010-07-16T12:00:00Z,10.0,15.25,68.5,10.792923,3.1586654
2010-07-16T12:00:00Z,10.0,15.25,68.75,10.563353,2.8123372
2010-07-16T12:00:00Z,10.0,15.25,69.0,10.599146,2.6772735
2010-07-16T12:00:00Z,10.0,15.25,69.25,10.6180935,2.7117257
2010-07-16T12:00:00Z,10.0,15.25,69.5,10.365189,2.3536139
2010-07-16T12:00:00Z,10.0,15.25,69.75,10.430744,2.4705167
2010-07-16T12:00:00Z,10.0,15.25,70.0,10.361351,2.4863229
2010-07-16T12:00:00Z,10.0,15.25,70.25,10.188961,2.0094209
2010-07-16T12:00:00Z,10.0,15.25,70.5,9.791744,1.7069619
2010-07-16T12:00:00Z,10.0,15.25,70.75,9.776315,1.421878
2010-07-16T12:00:00Z,10.0,15.25,71.0,9.163755,1.4551268
2010-07-16T12:00:00Z,10.0,15.25,71.25,9.197284,1.0199385
2010-07-16T12:00:00Z,10.0,15.25,71.5,9.0174265,0.81472814
2010-07-16T12:00:00Z,10.0,15.25,71.75,8.745558,0.68782663
2010-07-16T12:00:00Z,10.0,15.25,72.0,8.83491,0.96911544
2010-07-16T12:00:00Z,10.0,15.5,68.0,10.739235,3.7111123
2010-07-16T12:00:00Z,10.0,15.5,68.25,10.666599,3.5333023
2010-07-16T12:00:00Z,10.0,15.5,68.5,10.740397,3.1445916
2010-07-16T12:00:00Z,10.0,15.5,68.75,10.500894,2.9849224
2010-07-16T12:00:00Z,10.0,15.5,69.0,10.624929,2.7862508
2010-07-16T12:00:00Z,10.0,15.5,69.25,10.507262,2.8063636
2010-07-16T12:00:00Z,10.0,15.5,69.5,10.389254,2.5472312
2010-07-16T12:00:00Z,10.0,15.5,69.75,10.188121,2.5806565
2010-07-16T12:00:00Z,10.0,15.5,70.0,10.243713,2.4092615
2010-07-16T12:00:00Z,10.0,15.5,70.25,9.887191,1.8560135
2010-07-16T12:00:00Z,10.0,15.5,70.5,9.768019,1.4711168
2010-07-16T12:00:00Z,10.0,15.5,70.75,9.713808,1.388563
2010-07-16T12:00:00Z,10.0,15.5,71.0,9.425852,1.3632388
2010-07-16T12:00:00Z,10.0,15.5,71.25,9.302736,1.1375201
2010-07-16T12:00:00Z,10.0,15.5,71.5,9.072502,1.2313553
2010-07-16T12:00:00Z,10.0,15.5,71.75,8.733745,1.13875
2010-07-16T12:00:00Z,10.0,15.5,72.0,8.851488,1.0452473
2010-07-16T12:00:00Z,10.0,15.75,68.0,10.713984,3.6885552
2010-07-16T12:00:00Z,10.0,15.75,68.25,10.533904,3.4178867
2010-07-16T12:00:00Z,10.0,15.75,68.5,10.6793165,3.129325
2010-07-16T12:00:00Z,10.0,15.75,68.75,10.408377,2.7477844
2010-07-16T12:00:00Z,10.0,15.75,69.0,10.437634,2.7321594
2010-07-16T12:00:00Z,10.0,15.75,69.25,10.465253,2.6817646
2010-07-16T12:00:00Z,10.0,15.75,69.5,10.301919,2.3778377
2010-07-16T12:00:00Z,10.0,15.75,69.75,10.184656,2.4392836
2010-07-16T12:00:00Z,10.0,15.75,70.0,10.030667,2.1411858
2010-07-16T12:00:00Z,10.0,15.75,70.25,9.998795,2.098377
2010-07-16T12:00:00Z,10.0,15.75,70.5,9.794992,1.8834417
2010-07-16T12:00:00Z,10.0,15.75,70.75,9.706593,1.7406443
2010-07-16T12:00:00Z,10.0,15.75,71.0,9.387973,1.5573536
2010-07-16T12:00:00Z,10.0,15.75,71.25,9.260645,1.4568518
2010-07-16T12:00:00Z,10.0,15.75,71.5,9.076885,1.4123218
2010-07-16T12:00:00Z,10.0,15.75,71.75,8.777249,1.577031
2010-07-16T12:00:00Z,10.0,15.75,72.0,9.074655,1.5222588
2010-07-16T12:00:00Z,10.0,16.0,68.0,10.605591,3.7134447
2010-07-16T12:00:00Z,10.0,16.0,68.25,10.739842,3.554328
2010-07-16T12:00:00Z,10.0,16.0,68.5,10.630842,3.0743723
2010-07-16T12:00:00Z,10.0,16.0,68.75,10.446354,2.8603776
2010-07-16T12:00:00Z,10.0,16.0,69.0,10.42939,2.9842553
2010-07-16T12:00:00Z,10.0,16.0,69.25,10.303828,2.833276
2010-07-16T12:00:00Z,10.0,16.0,69.5,10.28101,2.6096184
2010-07-16T12:00:00Z,10.0,16.0,69.75,10.218296,2.4171872
2010-07-16T12:00:00Z,10.0,16.0,70.0,10.122478,2.2831569
2010-07-16T12:00:00Z,10.0,16.0,70.25,10.037885,2.1076658
2010-07-16T12:00:00Z,10.0,16.0,70.5,9.904361,2.1722739
2010-07-16T12:00:00Z,10.0,16.0,70.75,9.707215,2.0831008
2010-07-16T12:00:00Z,10.0,16.0,71.0,9.308001,1.9727691
2010-07-16T12:00:00Z,10.0,16.0,71.25,9.154596,1.7676628
2010-07-16T12:00:00Z,10.0,16.0,71.5,9.030992,1.5956532
2010-07-16T12:00:00Z,10.0,16.0,71.75,8.797912,1.5548036
2010-07-16T12:00:00Z,10.0,16.0,72.0,8.943512,1.6341176
2010-07-16T12:00:00Z,10.0,16.25,68.0,10.714418,3.743757
2010-07-16T12:00:00Z,10.0,16.25,68.25,10.720863,3.5165336
2010-07-16T12:00:00Z,10.0,16.25,68.5,10.562407,3.1754205
2010-07-16T12:00:00Z,10.0,16.25,68.75,10.375263,3.1178558
2010-07-16T12:00:00Z,10.0,16.25,69.0,10.311676,3.0453398
2010-07-16T12:00:00Z,10.0,16.25,69.25,10.2318735,2.8387194
2010-07-16T12:00:00Z,10.0,16.25,69.5,10.192798,2.6090345
2010-07-16T12:00:00Z,10.0,16.25,69.75,10.155628,2.5385172
2010-07-16T12:00:00Z,10.0,16.25,70.0,10.185866,2.5316107
2010-07-16T12:00:00Z,10.0,16.25,70.25,10.064787,2.2644143
2010-07-16T12:00:00Z,10.0,16.25,70.5,9.813165,2.0914266
2010-07-16T12:00:00Z,10.0,16.25,70.75,9.554617,2.102589
2010-07-16T12:00:00Z,10.0,16.25,71.0,9.442356,2.123848
2010-07-16T12:00:00Z,10.0,16.25,71.25,9.088336,1.7732676
2010-07-16T12:00:00Z,10.0,16.25,71.5,8.850077,1.5271022
2010-07-16T12:00:00Z,10.0,16.25,71.75,8.855859,1.8671147
2010-07-16T12:00:00Z,10.0,16.25,72.0,8.771423,1.3920364
2010-07-16T12:00:00Z,10.0,16.5,68.0,10.741967,3.8472536
2010-07-16T12:00:00Z,10.0,16.5,68.25,10.681581,3.5036952
2010-07-16T12:00:00Z,10.0,16.5,68.5,10.524592,3.3002844
2010-07-16T12:00:00Z,10.0,16.5,68.75,10.417964,3.078571
2010-07-16T12:00:00Z,10.0,16.5,69.0,10.18162,3.1227229
2010-07-16T12:00:00Z,10.0,16.5,69.25,10.120824,2.9132316
2010-07-16T12:00:00Z,10.0,16.5,69.5,10.165985,2.8061292
2010-07-16T12:00:00Z,10.0,16.5,69.75,10.113447,3.0114632
2010-07-16T12:00:00Z,10.0,16.5,70.0,10.103744,2.7083766
2010-07-16T12:00:00Z,10.0,16.5,70.25,9.941888,2.67742
2010-07-16T12:00:00Z,10.0,16.5,70.5,9.856044,2.1021144
2010-07-16T12:00:00Z,10.0,16.5,70.75,9.707352,1.8263568
2010-07-16T12:00:00Z,10.0,16.5,71.0,9.40018,1.7937986
2010-07-16T12:00:00Z,10.0,16.5,71.25,8.859075,1.842315
2010-07-16T12:00:00Z,10.0,16.5,71.5,8.659695,1.687598
2010-07-16T12:00:00Z,10.0,16.5,71.75,8.460449,1.8933284
2010-07-16T12:00:00Z,10.0,16.5,72.0,8.570916,1.9478004
2010-07-16T12:00:00Z,10.0,16.75,68.0,10.783582,3.845838
2010-07-16T12:00:00Z,10.0,16.75,68.25,10.488807,3.4723685
2010-07-16T12:00:00Z,10.0,16.75,68.5,10.436504,3.3851168
2010-07-16T12:00:00Z,10.0,16.75,68.75,10.3961735,3.2889593
2010-07-16T12:00:00Z,10.0,16.75,69.0,10.012518,3.3075147
2010-07-16T12:00:00Z,10.0,16.75,69.25,10.004602,3.007074
2010-07-16T12:00:00Z,10.0,16.75,69.5,10.026769,2.8142679
2010-07-16T12:00:00Z,10.0,16.75,69.75,9.988095,2.7274375
2010-07-16T12:00:00Z,10.0,16.75,70.0,10.026431,2.4905066
2010-07-16T12:00:00Z,10.0,16.75,70.25,9.897915,2.667351
2010-07-16T12:00:00Z,10.0,16.75,70.5,9.710248,2.3296824
2010-07-16T12:00:00Z,10.0,16.75,70.75,9.361461,2.1235282
2010-07-16T12:00:00Z,10.0,16.75,71.0,9.182912,1.6313051
2010-07-16T12:00:00Z,10.0,16.75,71.25,8.619888,1.7237039
2010-07-16T12:00:00Z,10.0,16.75,71.5,8.506854,1.2506636
2010-07-16T12:00:00Z,10.0,16.75,71.75,8.535357,1.4674586
2010-07-16T12:00:00Z,10.0,16.75,72.0,8.309765,1.7475902
2010-07-16T12:00:00Z,10.0,17.0,68.0,10.48446,3.8280709
2010-07-16T12:00:00Z,10.0,17.0,68.25,10.578348,3.6688383
2010-07-16T12:00:00Z,10.0,17.0,68.5,10.350771,3.380578
2010-07-16T12:00:00Z,10.0,17.0,68.75,10.086909,3.1580722
2010-07-16T12:00:00Z,10.0,17.0,69.0,9.891201,3.0693579
2010-07-16T12:00:00Z,10.0,17.0,69.25,9.863303,2.8181226
2010-07-16T12:00:00Z,10.0,17.0,69.5,9.932799,2.632061
2010-07-16T12:00:00Z,10.0,17.0,69.75,9.939136,2.5405743
2010-07-16T12:00:00Z,10.0,17.0,70.0,9.928346,2.3396838
2010-07-16T12:00:00Z,10.0,17.0,70.25,9.799587,2.4720392
2010-07-16T12:00:00Z,10.0,17.0,70.5,9.597938,2.4616728
2010-07-16T12:00:00Z,10.0,17.0,70.75,9.171236,2.1965292
2010-07-16T12:00:00Z,10.0,17.0,71.0,8.884428,1.7565116
2010-07-16T12:00:00Z,10.0,17.0,71.25,8.425285,1.6940007
2010-07-16T12:00:00Z,10.0,17.0,71.5,8.4574995,1.5642033
2010-07-16T12:00:00Z,10.0,17.0,71.75,8.291608,0.9634919
2010-07-16T12:00:00Z,10.0,17.0,72.0,8.434082,1.7836994
2010-07-16T12:00:00Z,10.0,17.25,68.0,10.271279,3.9737985
2010-07-16T12:00:00Z,10.0,17.25,68.25,10.481332,3.9173205
2010-07-16T12:00:00Z,10.0,17.25,68.5,10.294729,3.3870223
2010-07-16T12:00:00Z,10.0,17.25,68.75,9.938368,3.154865
2010-07-16T12:00:00Z,10.0,17.25,69.0,9.9079275,3.0191631
2010-07-16T12:00:00Z,10.0,17.25,69.25,9.801207,2.6700692
2010-07-16T12:00:00Z,10.0,17.25,69.5,9.794444,2.6668167
2010-07-16T12:00:00Z,10.0,17.25,69.75,9.871764,2.504542
2010-07-16T12:00:00Z,10.0,17.25,70.0,9.881299,2.4985986
2010-07-16T12:00:00Z,10.0,17.25,70.25,9.725053,2.3771186
2010-07-16T12:00:00Z,10.0,17.25,70.5,9.345572,2.117494
2010-07-16T12:00:00Z,10.0,17.25,70.75,9.033061,1.9492234
2010-07-16T12:00:00Z,10.0,17.25,71.0,8.708604,1.9420035
2010-07-16T12:00:00Z,10.0,17.25,71.25,8.552105,1.7665361
2010-07-16T12:00:00Z,10.0,17.25,71.5,8.13633,1.3207453
2010-07-16T12:00:00Z,10.0,17.25,71.75,8.157628,1.2326819
2010-07-16T12:00:00Z,10.0,17.25,72.0,8.22782,1.4695839
2010-07-16T12:00:00Z,10.0,17.5,68.0,10.281966,3.93766
2010-07-16T12:00:00Z,10.0,17.5,68.25,10.270413,4.114449
2010-07-16T12:00:00Z,10.0,17.5,68.5,10.197929,3.8436005
2010-07-16T12:00:00Z,10.0,17.5,68.75,10.106055,3.689205
2010-07-16T12:00:00Z,10.0,17.5,69.0,9.773501,3.200298
2010-07-16T12:00:00Z,10.0,17.5,69.25,9.641997,3.078514
2010-07-16T12:00:00Z,10.0,17.5,69.5,9.822321,2.8270645
2010-07-16T12:00:00Z,10.0,17.5,69.75,9.765962,2.6852474
2010-07-16T12:00:00Z,10.0,17.5,70.0,9.601189,2.6120262
2010-07-16T12:00:00Z,10.0,17.5,70.25,9.608739,2.3052914
2010-07-16T12:00:00Z,10.0,17.5,70.5,9.284074,2.1576006
2010-07-16T12:00:00Z,10.0,17.5,70.75,9.120833,2.0296433
2010-07-16T12:00:00Z,10.0,17.5,71.0,8.625344,1.6425327
2010-07-16T12:00:00Z,10.0,17.5,71.25,8.247762,1.4960691
2010-07-16T12:00:00Z,10.0,17.5,71.5,7.9467316,1.7433962
2010-07-16T12:00:00Z,10.0,17.5,71.75,7.984349,1.9808695
2010-07-16T12:00:00Z,10.0,17.5,72.0,7.833494,1.6740869
2010-07-16T12:00:00Z,10.0,17.75,68.0,10.119731,4.056945
2010-07-16T12:00:00Z,10.0,17.75,68.25,10.211707,4.1972165
2010-07-16T12:00:00Z,10.0,17.75,68.5,10.139072,3.96079
2010-07-16T12:00:00Z,10.0,17.75,68.75,9.666767,3.8029957
2010-07-16T12:00:00Z,10.0,17.75,69.0,9.721797,3.3000305
2010-07-16T12:00:00Z,10.0,17.75,69.25,9.492191,3.2656622
2010-07-16T12:00:00Z,10.0,17.75,69.5,9.632902,3.0382998
2010-07-16T12:00:00Z,10.0,17.75,69.75,9.59084,2.9164917
2010-07-16T12:00:00Z,10.0,17.75,70.0,9.150251,2.8990374
2010-07-16T12:00:00Z,10.0,17.75,70.25,9.38091,2.5802844
2010-07-16T12:00:00Z,10.0,17.75,70.5,9.080997,2.4530003
2010-07-16T12:00:00Z,10.0,17.75,70.75,8.635972,1.8292024
2010-07-16T12:00:00Z,10.0,17.75,71.0,8.587959,1.8480488
2010-07-16T12:00:00Z,10.0,17.75,71.25,8.2627945,2.0139585
2010-07-16T12:00:00Z,10.0,17.75,71.5,8.04566,1.9667178
2010-07-16T12:00:00Z,10.0,17.75,71.75,7.909435,2.1006315
2010-07-16T12:00:00Z,10.0,17.75,72.0,7.573963,2.2700696
2010-07-16T12:00:00Z,10.0,18.0,68.0,9.93073,4.186426
2010-07-16T12:00:00Z,10.0,18.0,68.25,9.938784,4.0713887
2010-07-16T12:00:00Z,10.0,18.0,68.5,10.073918,3.6340666
2010-07-16T12:00:00Z,10.0,18.0,68.75,9.996905,3.5508335
2010-07-16T12:00:00Z,10.0,18.0,69.0,9.539315,3.4406
2010-07-16T12:00:00Z,10.0,18.0,69.25,9.487373,3.051172
2010-07-16T12:00:00Z,10.0,18.0,69.5,9.527925,3.047916
2010-07-16T12:00:00Z,10.0,18.0,69.75,9.409728,3.0709772
2010-07-16T12:00:00Z,10.0,18.0,70.0,9.165002,3.0025582
2010-07-16T12:00:00Z,10.0,18.0,70.25,9.015506,2.6864736
2010-07-16T12:00:00Z,10.0,18.0,70.5,9.097229,2.809065
2010-07-16T12:00:00Z,10.0,18.0,70.75,8.547472,1.9306496
2010-07-16T12:00:00Z,10.0,18.0,71.0,8.682154,1.9298829
2010-07-16T12:00:00Z,10.0,18.0,71.25,8.161339,2.1198325
2010-07-16T12:00:00Z,10.0,18.0,71.5,8.090517,2.2339811
2010-07-16T12:00:00Z,10.0,18.0,71.75,7.7069764,2.0999205
2010-07-16T12:00:00Z,10.0,18.0,72.0,7.394827,2.4240665
2010-07-16T12:00:00Z,10.0,18.25,68.0,9.832992,3.786771
2010-07-16T12:00:00Z,10.0,18.25,68.25,9.725713,3.9037683
2010-07-16T12:00:00Z,10.0,18.25,68.5,9.731571,3.6918933
2010-07-16T12:00:00Z,10.0,18.25,68.75,9.704859,3.3458853
2010-07-16T12:00:00Z,10.0,18.25,69.0,9.726831,3.3837702
2010-07-16T12:00:00Z,10.0,18.25,69.25,9.543657,2.9386322
2010-07-16T12:00:00Z,10.0,18.25,69.5,9.445881,2.9798975
2010-07-16T12:00:00Z,10.0,18.25,69.75,9.205998,2.8748236
2010-07-16T12:00:00Z,10.0,18.25,70.0,9.274858,2.4060051
2010-07-16T12:00:00Z,10.0,18.25,70.25,8.907435,2.63423
2010-07-16T12:00:00Z,10.0,18.25,70.5,8.613149,2.0618641
2010-07-16T12:00:00Z,10.0,18.25,70.75,8.571168,2.0493658
2010-07-16T12:00:00Z,10.0,18.25,71.0,8.34392,2.227571
2010-07-16T12:00:00Z,10.0,18.25,71.25,8.0511055,2.2436998
2010-07-16T12:00:00Z,10.0,18.25,71.5,7.957489,2.584758
2010-07-16T12:00:00Z,10.0,18.25,71.75,7.35993,2.6519334
2010-07-16T12:00:00Z,10.0,18.25,72.0,7.292932,2.3502445
2010-07-16T12:00:00Z,10.0,18.5,68.0,9.6897745,3.8835757
2010-07-16T12:00:00Z,10.0,18.5,68.25,9.710097,4.0732865
2010-07-16T12:00:00Z,10.0,18.5,68.5,9.633149,3.6947315
2010-07-16T12:00:00Z,10.0,18.5,68.75,9.659896,3.3934586
2010-07-16T12:00:00Z,10.0,18.5,69.0,9.686938,3.1479914
2010-07-16T12:00:00Z,10.0,18.5,69.25,9.859009,2.9319644
2010-07-16T12:00:00Z,10.0,18.5,69.5,9.449275,2.923928
2010-07-16T12:00:00Z,10.0,18.5,69.75,9.244713,3.141726
2010-07-16T12:00:00Z,10.0,18.5,70.0,9.12733,2.7263048
2010-07-16T12:00:00Z,10.0,18.5,70.25,8.753621,2.2722313
2010-07-16T12:00:00Z,10.0,18.5,70.5,8.607416,2.3028748
2010-07-16T12:00:00Z,10.0,18.5,70.75,8.642386,2.1874874
2010-07-16T12:00:00Z,10.0,18.5,71.0,8.450323,2.6217124
2010-07-16T12:00:00Z,10.0,18.5,71.25,7.9805145,2.5490532
2010-07-16T12:00:00Z,10.0,18.5,71.5,7.4906945,2.4988534
2010-07-16T12:00:00Z,10.0,18.5,71.75,7.1489534,2.7434976
2010-07-16T12:00:00Z,10.0,18.5,72.0,7.341869,2.815659
2010-07-16T12:00:00Z,10.0,18.75,68.0,9.37065,3.911564
2010-07-16T12:00:00Z,10.0,18.75,68.25,9.464868,4.241457
2010-07-16T12:00:00Z,10.0,18.75,68.5,9.769246,3.9935946
2010-07-16T12:00:00Z,10.0,18.75,68.75,9.809842,3.5289586
2010-07-16T12:00:00Z,10.0,18.75,69.0,9.5748,3.310808
2010-07-16T12:00:00Z,10.0,18.75,69.25,9.710156,2.9651368
2010-07-16T12:00:00Z,10.0,18.75,69.5,9.557029,3.1495295
2010-07-16T12:00:00Z,10.0,18.75,69.75,9.114818,3.1011906
2010-07-16T12:00:00Z,10.0,18.75,70.0,8.929471,2.8183978
2010-07-16T12:00:00Z,10.0,18.75,70.25,8.60456,2.6446083
2010-07-16T12:00:00Z,10.0,18.75,70.5,8.606884,2.526606
2010-07-16T12:00:00Z,10.0,18.75,70.75,8.382201,2.4410417
2010-07-16T12:00:00Z,10.0,18.75,71.0,8.238965,2.793295
2010-07-16T12:00:00Z,10.0,18.75,71.25,7.8336864,2.7103975
2010-07-16T12:00:00Z,10.0,18.75,71.5,7.492769,2.623821
2010-07-16T12:00:00Z,10.0,18.75,71.75,7.0284977,2.947917
2010-07-16T12:00:00Z,10.0,18.75,72.0,6.7052,2.7102592
2010-07-16T12:00:00Z,10.0,19.0,68.0,9.113648,4.004711
2010-07-16T12:00:00Z,10.0,19.0,68.25,9.319382,3.9941595
2010-07-16T12:00:00Z,10.0,19.0,68.5,9.5801115,4.2867556
2010-07-16T12:00:00Z,10.0,19.0,68.75,9.432227,3.4885838
2010-07-16T12:00:00Z,10.0,19.0,69.0,9.400791,3.1746283
2010-07-16T12:00:00Z,10.0,19.0,69.25,9.224897,2.5237823
2010-07-16T12:00:00Z,10.0,19.0,69.5,8.957356,2.6386087
2010-07-16T12:00:00Z,10.0,19.0,69.75,9.11179,2.929964
2010-07-16T12:00:00Z,10.0,19.0,70.0,8.844391,2.7158527
2010-07-16T12:00:00Z,10.0,19.0,70.25,8.5237055,2.617493
2010-07-16T12:00:00Z,10.0,19.0,70.5,8.560697,2.4314685
2010-07-16T12:00:00Z,10.0,19.0,70.75,8.419858,2.5221183
2010-07-16T12:00:00Z,10.0,19.0,71.0,8.108966,2.9393997
2010-07-16T12:00:00Z,10.0,19.0,71.25,7.8511586,2.8469841
2010-07-16T12:00:00Z,10.0,19.0,71.5,7.7027974,2.964176
2010-07-16T12:00:00Z,10.0,19.0,71.75,7.0953407,3.1728034
2010-07-16T12:00:00Z,10.0,19.0,72.0,6.561765,2.8606818
2010-07-16T12:00:00Z,10.0,19.25,68.0,8.994811,3.7016962
2010-07-16T12:00:00Z,10.0,19.25,68.25,9.273875,3.6997836
2010-07-16T12:00:00Z,10.0,19.25,68.5,9.24751,3.6940868
2010-07-16T12:00:00Z,10.0,19.25,68.75,9.026574,3.2848082
2010-07-16T12:00:00Z,10.0,19.25,69.0,8.968351,2.7980635
2010-07-16T12:00:00Z,10.0,19.25,69.25,8.886785,2.465873
2010-07-16T12:00:00Z,10.0,19.25,69.5,8.656522,2.9961686
2010-07-16T12:00:00Z,10.0,19.25,69.75,9.049997,2.958441
2010-07-16T12:00:00Z,10.0,19.25,70.0,8.57239,2.1796281
2010-07-16T12:00:00Z,10.0,19.25,70.25,8.354751,2.133952
2010-07-16T12:00:00Z,10.0,19.25,70.5,8.307016,2.3907757
2010-07-16T12:00:00Z,10.0,19.25,70.75,7.9296412,2.451646
2010-07-16T12:00:00Z,10.0,19.25,71.0,7.678599,2.8222015
2010-07-16T12:00:00Z,10.0,19.25,71.25,7.7077293,2.8292923
2010-07-16T12:00:00Z,10.0,19.25,71.5,7.557524,2.9865587
2010-07-16T12:00:00Z,10.0,19.25,71.75,6.9708953,3.080712
2010-07-16T12:00:00Z,10.0,19.25,72.0,6.2886667,3.2736702
2010-07-16T12:00:00Z,10.0,19.5,68.0,9.503961,3.8837316
2010-07-16T12:00:00Z,10.0,19.5,68.25,9.088361,3.7321002
2010-07-16T12:00:00Z,10.0,19.5,68.5,9.062293,3.3824303
2010-07-16T12:00:00Z,10.0,19.5,68.75,8.85036,2.8776414
2010-07-16T12:00:00Z,10.0,19.5,69.0,8.8911295,2.8203533
2010-07-16T12:00:00Z,10.0,19.5,69.25,8.770534,2.8945425
2010-07-16T12:00:00Z,10.0,19.5,69.5,8.717724,2.819956
2010-07-16T12:00:00Z,10.0,19.5,69.75,8.819067,2.9844127
2010-07-16T12:00:00Z,10.0,19.5,70.0,8.564987,2.4347055
2010-07-16T12:00:00Z,10.0,19.5,70.25,8.270959,2.396568
2010-07-16T12:00:00Z,10.0,19.5,70.5,8.04812,2.1121168
2010-07-16T12:00:00Z,10.0,19.5,70.75,7.820528,2.4578192
2010-07-16T12:00:00Z,10.0,19.5,71.0,7.524843,2.8876326
2010-07-16T12:00:00Z,10.0,19.5,71.25,7.683237,2.971087
2010-07-16T12:00:00Z,10.0,19.5,71.5,7.205705,3.190083
2010-07-16T12:00:00Z,10.0,19.5,71.75,6.6594114,3.3123145
2010-07-16T12:00:00Z,10.0,19.5,72.0,6.792953,3.1646235
2010-07-16T12:00:00Z,10.0,19.75,68.0,9.247873,3.4976423
2010-07-16T12:00:00Z,10.0,19.75,68.25,8.851607,3.4466407
2010-07-16T12:00:00Z,10.0,19.75,68.5,8.632603,3.0050588
2010-07-16T12:00:00Z,10.0,19.75,68.75,8.767591,2.924475
2010-07-16T12:00:00Z,10.0,19.75,69.0,8.8778105,2.8811471
2010-07-16T12:00:00Z,10.0,19.75,69.25,8.568836,3.0030932
2010-07-16T12:00:00Z,10.0,19.75,69.5,8.216592,2.7736068
2010-07-16T12:00:00Z,10.0,19.75,69.75,8.536267,2.8035889
2010-07-16T12:00:00Z,10.0,19.75,70.0,8.291418,2.4557195
2010-07-16T12:00:00Z,10.0,19.75,70.25,8.174068,2.4812613
2010-07-16T12:00:00Z,10.0,19.75,70.5,8.133898,2.4486094
2010-07-16T12:00:00Z,10.0,19.75,70.75,7.685393,2.5904145
2010-07-16T12:00:00Z,10.0,19.75,71.0,7.5269446,2.8546102
2010-07-16T12:00:00Z,10.0,19.75,71.25,7.350104,3.053479
2010-07-16T12:00:00Z,10.0,19.75,71.5,6.8559265,2.8671644
2010-07-16T12:00:00Z,10.0,19.75,71.75,6.6136146,3.1283236
2010-07-16T12:00:00Z,10.0,19.75,72.0,6.6238265,3.3387263
2010-07-16T12:00:00Z,10.0,20.0,68.0,9.026273,2.9690046
2010-07-16T12:00:00Z,10.0,20.0,68.25,8.782427,3.322001
2010-07-16T12:00:00Z,10.0,20.0,68.5,8.726226,3.1467104
2010-07-16T12:00:00Z,10.0,20.0,68.75,8.740599,2.939318
2010-07-16T12:00:00Z,10.0,20.0,69.0,8.577311,2.6883156
2010-07-16T12:00:00Z,10.0,20.0,69.25,8.416806,2.7958477
2010-07-16T12:00:00Z,10.0,20.0,69.5,8.082165,2.4612322
2010-07-16T12:00:00Z,10.0,20.0,69.75,7.7861567,2.2094266
2010-07-16T12:00:00Z,10.0,20.0,70.0,8.240817,2.7674391
2010-07-16T12:00:00Z,10.0,20.0,70.25,NaN,NaN
2010-07-16T12:00:00Z,10.0,20.0,70.5,NaN,NaN
2010-07-16T12:00:00Z,10.0,20.0,70.75,NaN,NaN
2010-07-16T12:00:00Z,10.0,20.0,71.0,NaN,NaN
2010-07-16T12:00:00Z,10.0,20.0,71.25,NaN,NaN
2010-07-16T12:00:00Z,10.0,20.0,71.5,NaN,NaN
2010-07-16T12:00:00Z,10.0,20.0,71.75,NaN,NaN
2010-07-16T12:00:00Z,10.0,20.0,72.0,NaN,NaN
