time,altitude,latitude,longitude,taux,tauy,curl,modStress,upwelling
UTC,m,degrees_north,degrees_east,Pa,Pa,Pa m-1,Pa,m s-1
2010-07-16T12:00:00Z,0.0,6.0,68.0,0.05903521,0.011494198,-2.537879E-7,0.06884648,-1.624631E-5
2010-07-16T12:00:00Z,0.0,6.0,68.25,0.06368617,0.008228019,-7.091156E-8,0.07352467,-4.5394268E-6
2010-07-16T12:00:00Z,0.0,6.0,68.5,0.049057774,0.011612049,-9.628138E-8,0.05737929,-6.163484E-6
2010-07-16T12:00:00Z,0.0,6.0,68.75,0.047795616,0.007185435,-2.2954228E-7,0.05918034,-1.4694217E-5
2010-07-16T12:00:00Z,0.0,6.0,69.0,0.047952827,0.008772813,-2.0521094E-7,0.059283417,-1.3136651E-5
2010-07-16T12:00:00Z,0.0,6.0,69.25,0.044839237,0.0048093693,-1.16261845E-7,0.057910252,-7.4425375E-6
2010-07-16T12:00:00Z,0.0,6.0,69.5,0.044927545,4.2257132E-4,-2.2845016E-7,0.055225708,-1.4624305E-5
2010-07-16T12:00:00Z,0.0,6.0,69.75,0.042338707,-0.003351204,-1.8161835E-7,0.056282494,-1.16263745E-5
2010-07-16T12:00:00Z,0.0,6.0,70.0,0.05232094,5.9964176E-4,-6.616342E-8,0.06296578,-4.235459E-6
2010-07-16T12:00:00Z,0.0,6.0,70.25,0.058049362,0.0064821574,-7.9629196E-8,0.06589062,-5.097461E-6
2010-07-16T12:00:00Z,0.0,6.0,70.5,0.061802987,0.004795445,6.996379E-9,0.070833355,4.478749E-7
2010-07-16T12:00:00Z,0.0,6.0,70.75,0.054294873,9.1977045E-4,6.190921E-8,0.061834153,3.963115E-6
2010-07-16T12:00:00Z,0.0,6.0,71.0,0.053623453,-0.0010146719,-6.787482E-8,0.060712937,-4.34503E-6
2010-07-16T12:00:00Z,0.0,6.0,71.25,0.050873704,-0.003776299,-1.12574305E-7,0.05840572,-7.2064763E-6
2010-07-16T12:00:00Z,0.0,6.0,71.5,0.048055954,-0.004151603,-1.4038623E-7,0.055955954,-8.986871E-6
2010-07-16T12:00:00Z,0.0,6.0,71.75,0.06251702,-0.010263055,-2.164754E-7,0.069018625,-1.3857747E-5
2010-07-16T12:00:00Z,0.0,6.0,72.0,0.063511424,-0.016802765,-2.9939963E-7,0.07110953,-1.9166167E-5
2010-07-16T12:00:00Z,0.0,6.25,68.0,0.063814685,0.018016662,-2.7394358E-7,0.072339825,-1.6837757E-5
2010-07-16T12:00:00Z,0.0,6.25,68.25,0.0625465,0.012690823,-2.2070294E-7,0.069997855,-1.3565361E-5
2010-07-16T12:00:00Z,0.0,6.25,68.5,0.05553591,0.011482966,-3.3909166E-7,0.06261884,-2.0842033E-5
2010-07-16T12:00:00Z,0.0,6.25,68.75,0.05162341,0.004099009,-3.433228E-7,0.06073983,-2.1102083E-5
2010-07-16T12:00:00Z,0.0,6.25,69.0,0.056258343,0.0052181003,-2.8471624E-7,0.06586414,-1.749989E-5
2010-07-16T12:00:00Z,0.0,6.25,69.25,0.049177114,0.004331915,-1.4701239E-7,0.06472562,-9.036021E-6
2010-07-16T12:00:00Z,0.0,6.25,69.5,0.04579044,0.004237869,-2.8152115E-7,0.060302496,-1.7303513E-5
2010-07-16T12:00:00Z,0.0,6.25,69.75,0.046818163,2.6889882E-4,-1.9778943E-7,0.058877822,-1.2156988E-5
2010-07-16T12:00:00Z,0.0,6.25,70.0,0.047878973,4.957044E-4,-1.1402846E-7,0.059613712,-7.0086735E-6
2010-07-16T12:00:00Z,0.0,6.25,70.25,0.056673687,0.004399207,-4.157199E-8,0.06534339,-2.5551944E-6
2010-07-16T12:00:00Z,0.0,6.25,70.5,0.055565923,-3.3582485E-4,-9.018291E-8,0.0610457,-5.5430282E-6
2010-07-16T12:00:00Z,0.0,6.25,70.75,0.058009546,-0.002480986,-3.587105E-8,0.06306836,-2.2047736E-6
2010-07-16T12:00:00Z,0.0,6.25,71.0,0.054939087,5.242565E-4,-2.3731095E-9,0.06325218,-1.4585848E-7
2010-07-16T12:00:00Z,0.0,6.25,71.25,0.058362372,0.002454958,-1.8072258E-7,0.06548117,-1.1107968E-5
2010-07-16T12:00:00Z,0.0,6.25,71.5,0.05287174,-0.0070694825,-2.3680713E-7,0.061127134,-1.4555188E-5
2010-07-16T12:00:00Z,0.0,6.25,71.75,0.06525029,-0.012852992,-1.3932487E-7,0.07273628,-8.563508E-6
2010-07-16T12:00:00Z,0.0,6.25,72.0,0.06231434,-0.014124938,-9.721549E-8,0.06959364,-5.975288E-6
2010-07-16T12:00:00Z,0.0,6.5,68.0,0.06827011,0.016767956,-1.5065915E-7,0.07635604,-8.905435E-6
2010-07-16T12:00:00Z,0.0,6.5,68.25,0.06483483,0.012984246,-5.2108522E-8,0.07157622,-3.080122E-6
2010-07-16T12:00:00Z,0.0,6.5,68.5,0.058022015,0.0077363118,-1.8249216E-7,0.06592272,-1.0787081E-5
2010-07-16T12:00:00Z,0.0,6.5,68.75,0.055805393,0.0054258523,-3.114862E-7,0.06590289,-1.8411907E-5
2010-07-16T12:00:00Z,0.0,6.5,69.0,0.060780313,0.006136183,-1.5496873E-7,0.07053148,-9.160184E-6
2010-07-16T12:00:00Z,0.0,6.5,69.25,0.053976092,1.442797E-4,-2.0183421E-7,0.06593609,-1.1930385E-5
2010-07-16T12:00:00Z,0.0,6.5,69.5,0.051214345,0.0038550745,-2.7955724E-7,0.063573055,-1.6524595E-5
2010-07-16T12:00:00Z,0.0,6.5,69.75,0.0541654,5.7497306E-4,-2.1503162E-7,0.06453461,-1.2710496E-5
2010-07-16T12:00:00Z,0.0,6.5,70.0,0.05844324,-0.002645592,-1.3793199E-7,0.06720572,-8.15314E-6
2010-07-16T12:00:00Z,0.0,6.5,70.25,0.056782715,0.002400516,-1.1589551E-7,0.0642246,-6.850577E-6
2010-07-16T12:00:00Z,0.0,6.5,70.5,0.06067892,4.5247347E-4,-4.559688E-8,0.06690793,-2.6952227E-6
2010-07-16T12:00:00Z,0.0,6.5,70.75,0.05293012,3.9242598E-4,-8.294685E-8,0.059163198,-4.9029763E-6
2010-07-16T12:00:00Z,0.0,6.5,71.0,0.056213576,-3.7718884E-4,5.6206115E-8,0.06418582,3.3223293E-6
2010-07-16T12:00:00Z,0.0,6.5,71.25,0.056895595,-7.0915924E-4,-1.45262415E-8,0.06881944,-8.5864525E-7
2010-07-16T12:00:00Z,0.0,6.5,71.5,0.05354033,-0.007859663,-2.4493377E-7,0.06272211,-1.4478017E-5
2010-07-16T12:00:00Z,0.0,6.5,71.75,0.06459347,-0.010489924,-3.9068933E-8,0.0701319,-2.30936E-6
2010-07-16T12:00:00Z,0.0,6.5,72.0,0.0699086,-0.0063754166,-7.988509E-9,0.074823,-4.7220678E-7
2010-07-16T12:00:00Z,0.0,6.75,68.0,0.06067257,0.017933507,-4.4605372E-8,0.06834336,-2.539385E-6
2010-07-16T12:00:00Z,0.0,6.75,68.25,0.0619904,0.015523063,-8.744586E-8,0.06898494,-4.9783016E-6
2010-07-16T12:00:00Z,0.0,6.75,68.5,0.058752675,0.011516565,-8.742735E-8,0.06604134,-4.977257E-6
2010-07-16T12:00:00Z,0.0,6.75,68.75,0.05926047,0.009968613,-2.6386508E-7,0.06754054,-1.5021883E-5
2010-07-16T12:00:00Z,0.0,6.75,69.0,0.06253772,0.0046011573,-2.0955937E-7,0.07098747,-1.1930282E-5
2010-07-16T12:00:00Z,0.0,6.75,69.25,0.059515666,4.7920432E-4,-2.8291302E-7,0.06884454,-1.6106294E-5
2010-07-16T12:00:00Z,0.0,6.75,69.5,0.058072265,0.003233305,-3.9783401E-7,0.06792397,-2.2648754E-5
2010-07-16T12:00:00Z,0.0,6.75,69.75,0.056431707,-6.728996E-4,-2.4829458E-7,0.06715342,-1.4135459E-5
2010-07-16T12:00:00Z,0.0,6.75,70.0,0.061071653,-0.0035990912,-1.568252E-7,0.07136838,-8.928083E-6
2010-07-16T12:00:00Z,0.0,6.75,70.25,0.062609404,-0.0013439239,-1.9272181E-7,0.07051215,-1.0971686E-5
2010-07-16T12:00:00Z,0.0,6.75,70.5,0.06151434,-4.885489E-4,-2.1265775E-7,0.067957535,-1.2106654E-5
2010-07-16T12:00:00Z,0.0,6.75,70.75,0.057357363,-0.0012752532,-9.0785015E-8,0.06315875,-5.1684046E-6
2010-07-16T12:00:00Z,0.0,6.75,71.0,0.055581927,-7.726978E-4,-3.767124E-8,0.060781974,-2.1446308E-6
2010-07-16T12:00:00Z,0.0,6.75,71.25,0.05447995,0.0015447679,-3.9023693E-8,0.062017,-2.2216213E-6
2010-07-16T12:00:00Z,0.0,6.75,71.5,0.060819745,-0.0061385585,-2.0886864E-7,0.06636421,-1.1890947E-5
2010-07-16T12:00:00Z,0.0,6.75,71.75,0.06974346,-0.009458627,-1.6232009E-7,0.076089054,-9.240901E-6
2010-07-16T12:00:00Z,0.0,6.75,72.0,0.06722476,-0.0068629747,-2.2970929E-7,0.07477259,-1.3077382E-5
2010-07-16T12:00:00Z,0.0,7.0,68.0,0.062713094,0.016632352,-1.4094562E-7,0.069390036,-7.738855E-6
2010-07-16T12:00:00Z,0.0,7.0,68.25,0.06753661,0.0181755,-2.905541E-7,0.075517334,-1.5953316E-5
2010-07-16T12:00:00Z,0.0,7.0,68.5,0.062409777,0.014643972,-2.772973E-7,0.0705294,-1.5225449E-5
2010-07-16T12:00:00Z,0.0,7.0,68.75,0.0614643,0.00870219,-2.4545596E-7,0.06887016,-1.3477146E-5
2010-07-16T12:00:00Z,0.0,7.0,69.0,0.059488043,0.0023075964,-2.8299525E-7,0.06779651,-1.5538284E-5
2010-07-16T12:00:00Z,0.0,7.0,69.25,0.061419718,0.002236698,-1.5194688E-7,0.06971072,-8.342874E-6
2010-07-16T12:00:00Z,0.0,7.0,69.5,0.062734984,0.002871784,-1.5352816E-7,0.072046466,-8.429704E-6
2010-07-16T12:00:00Z,0.0,7.0,69.75,0.06144849,9.3557255E-4,-1.5531128E-7,0.06901611,-8.527603E-6
2010-07-16T12:00:00Z,0.0,7.0,70.0,0.064349465,-3.5948158E-4,-6.9932874E-8,0.07349293,-3.839772E-6
2010-07-16T12:00:00Z,0.0,7.0,70.25,0.06256774,0.0023393582,-1.608302E-7,0.06906726,-8.830633E-6
2010-07-16T12:00:00Z,0.0,7.0,70.5,0.07009678,0.0018954675,-1.7874903E-7,0.07691031,-9.814492E-6
2010-07-16T12:00:00Z,0.0,7.0,70.75,0.05966519,-8.048836E-4,-1.1289486E-7,0.065201476,-6.198672E-6
2010-07-16T12:00:00Z,0.0,7.0,71.0,0.058944754,-0.003061237,-2.7199326E-7,0.06425573,-1.4934205E-5
2010-07-16T12:00:00Z,0.0,7.0,71.25,0.060246307,-0.0032000819,-2.3348838E-7,0.066485055,-1.28200345E-5
2010-07-16T12:00:00Z,0.0,7.0,71.5,0.07824325,-0.006861132,-2.002333E-7,0.08393993,-1.099413E-5
2010-07-16T12:00:00Z,0.0,7.0,71.75,0.076497875,-0.0066920584,-2.9094045E-7,0.082820185,-1.5974538E-5
2010-07-16T12:00:00Z,0.0,7.0,72.0,0.07590821,-0.0041982443,-2.7880054E-7,0.08377492,-1.5307953E-5
2010-07-16T12:00:00Z,0.0,7.25,68.0,0.07266918,0.015531659,-1.1156312E-7,0.07965035,-5.9153926E-6
2010-07-16T12:00:00Z,0.0,7.25,68.25,0.073852815,0.0173849,-5.3728974E-7,0.081416935,-2.84886E-5
2010-07-16T12:00:00Z,0.0,7.25,68.5,0.07593261,0.008233344,-4.693717E-7,0.08338943,-2.4887424E-5
2010-07-16T12:00:00Z,0.0,7.25,68.75,0.071711324,0.005636872,-4.90215E-7,0.078053534,-2.5992576E-5
2010-07-16T12:00:00Z,0.0,7.25,69.0,0.067303464,0.001322358,-3.9028336E-7,0.07979749,-2.06939E-5
2010-07-16T12:00:00Z,0.0,7.25,69.25,0.06635388,0.002065289,-8.9861786E-8,0.07669977,-4.764737E-6
2010-07-16T12:00:00Z,0.0,7.25,69.5,0.06065532,0.0025463663,3.7132852E-9,0.07051511,1.9689729E-7
2010-07-16T12:00:00Z,0.0,7.25,69.75,0.058379732,0.0018368807,-1.04598215E-7,0.06821107,-5.5460905E-6
2010-07-16T12:00:00Z,0.0,7.25,70.0,0.062306706,6.3666655E-4,-9.4690726E-8,0.07160007,-5.020762E-6
2010-07-16T12:00:00Z,0.0,7.25,70.25,0.063269995,-0.0015587469,-1.3266427E-7,0.07331443,-7.0342326E-6
2010-07-16T12:00:00Z,0.0,7.25,70.5,0.06447568,0.0016718151,-4.897183E-8,0.070037566,-2.5966406E-6
2010-07-16T12:00:00Z,0.0,7.25,70.75,0.06173784,-6.0475122E-5,-2.0978086E-7,0.06697092,-1.1123172E-5
2010-07-16T12:00:00Z,0.0,7.25,71.0,0.06794324,-0.0043042805,-2.6214678E-7,0.074576944,-1.3899747E-5
2010-07-16T12:00:00Z,0.0,7.25,71.25,0.06718311,-0.0075363475,-2.4723587E-7,0.073211215,-1.3109143E-5
2010-07-16T12:00:00Z,0.0,7.25,71.5,0.08514505,-0.007662255,-2.6381323E-7,0.090574816,-1.3988119E-5
2010-07-16T12:00:00Z,0.0,7.25,71.75,0.08875168,-0.0067322883,-2.3463691E-7,0.095237,-1.2441056E-5
2010-07-16T12:00:00Z,0.0,7.25,72.0,0.082618505,-0.0012232957,-2.1931486E-7,0.08897619,-1.1628707E-5
2010-07-16T12:00:00Z,0.0,7.5,68.0,0.069286145,0.012278212,-3.676354E-7,0.07563583,-1.884684E-5
2010-07-16T12:00:00Z,0.0,7.5,68.25,0.08048738,0.008348976,-3.0063288E-7,0.08659401,-1.5411939E-5
2010-07-16T12:00:00Z,0.0,7.5,68.5,0.09143624,0.005352358,-4.0885902E-7,0.09828986,-2.0960179E-5
2010-07-16T12:00:00Z,0.0,7.5,68.75,0.09239243,0.0059477193,-1.8672112E-7,0.098454826,-9.572265E-6
2010-07-16T12:00:00Z,0.0,7.5,69.0,0.08513049,0.0059473077,-4.3338466E-7,0.092342906,-2.2217464E-5
2010-07-16T12:00:00Z,0.0,7.5,69.25,0.06800398,0.004531586,-1.8531092E-7,0.07667547,-9.499972E-6
2010-07-16T12:00:00Z,0.0,7.5,69.5,0.0604513,0.0026516255,-3.6829245E-8,0.07035964,-1.8880534E-6
2010-07-16T12:00:00Z,0.0,7.5,69.75,0.06491253,0.0026974936,-6.7958595E-8,0.07295778,-3.4838777E-6
2010-07-16T12:00:00Z,0.0,7.5,70.0,0.061721835,-9.0392615E-4,-3.9892524E-7,0.07023394,-2.0450922E-5
2010-07-16T12:00:00Z,0.0,7.5,70.25,0.06556595,-0.0071086385,-2.429074E-7,0.073630944,-1.2452626E-5
2010-07-16T12:00:00Z,0.0,7.5,70.5,0.06773758,3.83977E-4,-1.2879141E-7,0.0719877,-6.6024927E-6
2010-07-16T12:00:00Z,0.0,7.5,70.75,0.068338685,0.0019364936,-1.5343977E-7,0.07398428,-7.866088E-6
2010-07-16T12:00:00Z,0.0,7.5,71.0,0.066202804,-0.0026106515,-2.082032E-7,0.072046906,-1.0673535E-5
2010-07-16T12:00:00Z,0.0,7.5,71.25,0.07107322,-0.0035487015,-1.9715364E-7,0.07651844,-1.0107075E-5
2010-07-16T12:00:00Z,0.0,7.5,71.5,0.079425074,-0.0011863272,-2.1150723E-7,0.08463247,-1.0842917E-5
2010-07-16T12:00:00Z,0.0,7.5,71.75,0.087217815,-0.0021126503,-7.2237833E-9,0.093237326,-3.7033792E-7
2010-07-16T12:00:00Z,0.0,7.5,72.0,0.095852815,-0.0012354642,-1.0689489E-7,0.10106651,-5.479965E-6
2010-07-16T12:00:00Z,0.0,7.75,68.0,0.07707559,0.013526265,-1.9945105E-7,0.086024635,-9.8969385E-6
2010-07-16T12:00:00Z,0.0,7.75,68.25,0.08782504,0.020981831,-5.681943E-8,0.097829975,-2.8194238E-6
2010-07-16T12:00:00Z,0.0,7.75,68.5,0.09356041,0.020073688,-2.2317E-7,0.101650916,-1.1073901E-5
2010-07-16T12:00:00Z,0.0,7.75,68.75,0.08659853,0.010388491,-2.9600244E-7,0.09318804,-1.46879065E-5
2010-07-16T12:00:00Z,0.0,7.75,69.0,0.083055966,0.0066867415,-3.6086456E-7,0.090411305,-1.7906435E-5
2010-07-16T12:00:00Z,0.0,7.75,69.25,0.07552799,0.0013038255,-3.2545674E-7,0.08743398,-1.6149455E-5
2010-07-16T12:00:00Z,0.0,7.75,69.5,0.06951116,0.0038676204,-7.036649E-8,0.07859997,-3.491634E-6
2010-07-16T12:00:00Z,0.0,7.75,69.75,0.07044204,0.0014045534,-3.0734043E-7,0.07918583,-1.5250509E-5
2010-07-16T12:00:00Z,0.0,7.75,70.0,0.07807691,-0.0021811011,-2.7199343E-7,0.08617628,-1.3496552E-5
2010-07-16T12:00:00Z,0.0,7.75,70.25,0.07455516,-1.9603223E-4,-3.1362035E-7,0.08345141,-1.556213E-5
2010-07-16T12:00:00Z,0.0,7.75,70.5,0.077099,0.0056670564,-1.8653168E-7,0.08251701,-9.25586E-6
2010-07-16T12:00:00Z,0.0,7.75,70.75,0.068634115,0.004379443,-2.6955925E-7,0.07464988,-1.3375785E-5
2010-07-16T12:00:00Z,0.0,7.75,71.0,0.070833474,0.0015321447,-2.0680831E-7,0.076252356,-1.0262015E-5
2010-07-16T12:00:00Z,0.0,7.75,71.25,0.08245469,2.6515624E-4,-2.1188535E-7,0.08754112,-1.0513958E-5
2010-07-16T12:00:00Z,0.0,7.75,71.5,0.08712775,-0.003472525,-1.07899496E-7,0.09400579,-5.354062E-6
2010-07-16T12:00:00Z,0.0,7.75,71.75,0.094338425,-0.0016250244,2.057733E-7,0.10024571,1.0210669E-5
2010-07-16T12:00:00Z,0.0,7.75,72.0,0.0972643,-0.0016222718,1.3544785E-7,0.101688735,6.7210512E-6
2010-07-16T12:00:00Z,0.0,8.0,68.0,0.08533509,0.015583304,-1.4410551E-7,0.094437204,-6.928572E-6
2010-07-16T12:00:00Z,0.0,8.0,68.25,0.09367585,0.020343963,-4.9725795E-8,0.10251976,-2.3908058E-6
2010-07-16T12:00:00Z,0.0,8.0,68.5,0.09668904,0.019999811,-2.417066E-7,0.10351021,-1.162121E-5
2010-07-16T12:00:00Z,0.0,8.0,68.75,0.08928164,0.008647987,-3.171004E-7,0.09598219,-1.5246111E-5
2010-07-16T12:00:00Z,0.0,8.0,69.0,0.08333942,0.0073804557,5.3306186E-9,0.09220181,2.5631667E-7
2010-07-16T12:00:00Z,0.0,8.0,69.25,0.0795281,0.008628787,-1.4361115E-7,0.08829503,-6.9048124E-6
2010-07-16T12:00:00Z,0.0,8.0,69.5,0.07482938,0.011866876,-2.1059851E-7,0.083914064,-1.012556E-5
2010-07-16T12:00:00Z,0.0,8.0,69.75,0.079062894,0.005143455,-3.0291613E-7,0.08922018,-1.4564179E-5
2010-07-16T12:00:00Z,0.0,8.0,70.0,0.07452351,-0.0028264956,-2.3569231E-7,0.08675973,-1.1332049E-5
2010-07-16T12:00:00Z,0.0,8.0,70.25,0.07779436,-0.0023375845,-1.944142E-7,0.08646683,-9.347389E-6
2010-07-16T12:00:00Z,0.0,8.0,70.5,0.08031389,0.0033868044,-2.8623523E-8,0.08474493,-1.3762004E-6
2010-07-16T12:00:00Z,0.0,8.0,70.75,0.07781522,0.0025692645,-1.7898242E-7,0.08268159,-8.6054515E-6
2010-07-16T12:00:00Z,0.0,8.0,71.0,0.07799012,-3.604631E-5,-1.4752494E-7,0.08342055,-7.0929796E-6
2010-07-16T12:00:00Z,0.0,8.0,71.25,0.085047334,5.376775E-4,-1.7756389E-7,0.090063676,-8.537241E-6
2010-07-16T12:00:00Z,0.0,8.0,71.5,0.0859431,-0.0036173633,-1.4805318E-7,0.09291291,-7.1183827E-6
2010-07-16T12:00:00Z,0.0,8.0,71.75,0.08992964,-0.0018885105,6.4754424E-8,0.095692866,3.1133875E-6
2010-07-16T12:00:00Z,0.0,8.0,72.0,0.09377815,-0.0013324835,2.6210134E-7,0.09879339,1.2601754E-5
2010-07-16T12:00:00Z,0.0,8.25,68.0,0.08610027,0.023514045,-2.2168508E-7,0.09449688,-1.0337738E-5
2010-07-16T12:00:00Z,0.0,8.25,68.25,0.08966379,0.028017363,-1.5496306E-7,0.09855422,-7.2263288E-6
2010-07-16T12:00:00Z,0.0,8.25,68.5,0.10182307,0.025053715,-3.758282E-7,0.111241676,-1.7525817E-5
2010-07-16T12:00:00Z,0.0,8.25,68.75,0.0935491,0.01589364,-4.4531438E-7,0.10400027,-2.0766136E-5
2010-07-16T12:00:00Z,0.0,8.25,69.0,0.08401736,0.0069961217,-2.497225E-7,0.09332947,-1.1645194E-5
2010-07-16T12:00:00Z,0.0,8.25,69.25,0.07648936,0.0074479748,-2.331505E-7,0.084317684,-1.0872399E-5
2010-07-16T12:00:00Z,0.0,8.25,69.5,0.07329897,0.011829557,-1.9520373E-7,0.081756875,-9.102857E-6
2010-07-16T12:00:00Z,0.0,8.25,69.75,0.08368438,0.010540217,-1.3964733E-7,0.09225281,-6.5121044E-6
2010-07-16T12:00:00Z,0.0,8.25,70.0,0.077063635,0.0037731845,-2.4106723E-7,0.08696317,-1.1241577E-5
2010-07-16T12:00:00Z,0.0,8.25,70.25,0.080462225,1.6479567E-5,-1.2823027E-7,0.08975565,-5.9797E-6
2010-07-16T12:00:00Z,0.0,8.25,70.5,0.07721904,0.007763508,5.979012E-8,0.0822068,2.788163E-6
2010-07-16T12:00:00Z,0.0,8.25,70.75,0.07683151,0.006684416,-1.02036445E-7,0.08171242,-4.7582184E-6
2010-07-16T12:00:00Z,0.0,8.25,71.0,0.07453806,0.0014065449,-2.5486653E-7,0.07991431,-1.1885079E-5
2010-07-16T12:00:00Z,0.0,8.25,71.25,0.0866309,-3.8189776E-4,-3.2124052E-7,0.09186509,-1.498027E-5
2010-07-16T12:00:00Z,0.0,8.25,71.5,0.08997252,-0.001579296,-3.834781E-7,0.09579377,-1.788257E-5
2010-07-16T12:00:00Z,0.0,8.25,71.75,0.080915205,0.001218653,-1.2337776E-7,0.08532773,-5.7534157E-6
2010-07-16T12:00:00Z,0.0,8.25,72.0,0.08307347,-0.0036124361,1.2317038E-7,0.08884197,5.743754E-6
2010-07-16T12:00:00Z,0.0,8.5,68.0,0.09243623,0.025050612,-2.41347E-7,0.09905411,-1.0925935E-5
2010-07-16T12:00:00Z,0.0,8.5,68.25,0.093816824,0.026358563,-1.14361505E-7,0.103047654,-5.177227E-6
2010-07-16T12:00:00Z,0.0,8.5,68.5,0.10849757,0.027651612,-1.8172136E-7,0.117345855,-8.226633E-6
2010-07-16T12:00:00Z,0.0,8.5,68.75,0.101141945,0.016342975,-2.2463152E-7,0.10986057,-1.0169204E-5
2010-07-16T12:00:00Z,0.0,8.5,69.0,0.08851544,0.0068900753,-2.4522421E-7,0.095840536,-1.1101463E-5
2010-07-16T12:00:00Z,0.0,8.5,69.25,0.08607536,0.008957417,-3.712388E-7,0.09485599,-1.6806242E-5
2010-07-16T12:00:00Z,0.0,8.5,69.5,0.08044065,0.0082258815,-2.771146E-7,0.08814505,-1.2545159E-5
2010-07-16T12:00:00Z,0.0,8.5,69.75,0.080293626,0.0080975285,-3.1298303E-8,0.08820256,-1.4168915E-6
2010-07-16T12:00:00Z,0.0,8.5,70.0,0.07706337,0.0034283868,-1.5215618E-7,0.086356044,-6.8882164E-6
2010-07-16T12:00:00Z,0.0,8.5,70.25,0.08837477,-7.107317E-4,-1.4819213E-7,0.0971147,-6.7087485E-6
2010-07-16T12:00:00Z,0.0,8.5,70.5,0.07756008,0.003020024,-2.7834616E-7,0.08423163,-1.2600908E-5
2010-07-16T12:00:00Z,0.0,8.5,70.75,0.079802416,0.00466401,-1.9335039E-7,0.084491104,-8.753098E-6
2010-07-16T12:00:00Z,0.0,8.5,71.0,0.077992044,0.0033631825,-3.215903E-7,0.082418576,-1.4558588E-5
2010-07-16T12:00:00Z,0.0,8.5,71.25,0.08902648,0.0014199836,-4.0707585E-7,0.09355369,-1.8428611E-5
2010-07-16T12:00:00Z,0.0,8.5,71.5,0.096880116,-3.624988E-4,-5.2081487E-7,0.102810286,-2.3577652E-5
2010-07-16T12:00:00Z,0.0,8.5,71.75,0.095518574,-4.7546445E-4,-1.68045E-7,0.09993352,-7.6075034E-6
2010-07-16T12:00:00Z,0.0,8.5,72.0,0.08119412,-0.0014493593,2.1351807E-8,0.08715024,9.665816E-7
2010-07-16T12:00:00Z,0.0,8.75,68.0,0.095231086,0.028918657,-1.7709328E-7,0.10392963,-7.789761E-6
2010-07-16T12:00:00Z,0.0,8.75,68.25,0.10048663,0.026689084,-1.3397728E-7,0.11045121,-5.8932424E-6
2010-07-16T12:00:00Z,0.0,8.75,68.5,0.099610604,0.023287276,-6.2389105E-8,0.108751744,-2.7443132E-6
2010-07-16T12:00:00Z,0.0,8.75,68.75,0.09664209,0.011909865,-1.0930765E-7,0.10682414,-4.8081083E-6
2010-07-16T12:00:00Z,0.0,8.75,69.0,0.09149921,0.0046676924,-1.946944E-7,0.10019767,-8.563998E-6
2010-07-16T12:00:00Z,0.0,8.75,69.25,0.08837671,0.0070922407,-3.1218434E-7,0.09829183,-1.3731988E-5
2010-07-16T12:00:00Z,0.0,8.75,69.5,0.09062961,0.0013040777,-1.0731001E-7,0.100359276,-4.720209E-6
2010-07-16T12:00:00Z,0.0,8.75,69.75,0.08583018,0.006382501,-1.7114336E-7,0.09474603,-7.528056E-6
2010-07-16T12:00:00Z,0.0,8.75,70.0,0.084315106,8.532511E-6,-2.112403E-7,0.09238261,-9.291784E-6
2010-07-16T12:00:00Z,0.0,8.75,70.25,0.09328682,0.0016617669,-1.5258011E-7,0.103042796,-6.71152E-6
2010-07-16T12:00:00Z,0.0,8.75,70.5,0.088491865,5.3956534E-4,-3.9780073E-7,0.094913356,-1.7498009E-5
2010-07-16T12:00:00Z,0.0,8.75,70.75,0.08611362,0.005914885,-3.7665512E-7,0.08983677,-1.6567888E-5
2010-07-16T12:00:00Z,0.0,8.75,71.0,0.10133161,4.6085045E-4,-3.0079036E-7,0.104942895,-1.3230806E-5
2010-07-16T12:00:00Z,0.0,8.75,71.25,0.09537953,0.001485806,5.073108E-8,0.09869689,2.2314557E-6
2010-07-16T12:00:00Z,0.0,8.75,71.5,0.1043082,-0.0011927746,-1.0715384E-7,0.10805447,-4.7133576E-6
2010-07-16T12:00:00Z,0.0,8.75,71.75,0.093398675,0.0015191362,-3.6262424E-8,0.09643741,-1.5950793E-6
2010-07-16T12:00:00Z,0.0,8.75,72.0,0.08571334,0.0018990992,-3.1208835E-8,0.09052705,-1.372756E-6
2010-07-16T12:00:00Z,0.0,9.0,68.0,0.09883087,0.030610044,-2.4597387E-7,0.10721825,-1.0521442E-5
2010-07-16T12:00:00Z,0.0,9.0,68.25,0.1057986,0.02516185,-3.1952214E-7,0.11419643,-1.366744E-5
2010-07-16T12:00:00Z,0.0,9.0,68.5,0.10690939,0.02340507,-2.0020906E-7,0.11491301,-8.563862E-6
2010-07-16T12:00:00Z,0.0,9.0,68.75,0.0923212,0.015349639,-8.868512E-8,0.10437315,-3.793466E-6
2010-07-16T12:00:00Z,0.0,9.0,69.0,0.09141866,0.010229761,-1.7580915E-7,0.09939337,-7.520175E-6
2010-07-16T12:00:00Z,0.0,9.0,69.25,0.0944109,0.0069375145,-3.379414E-7,0.10448702,-1.4455332E-5
2010-07-16T12:00:00Z,0.0,9.0,69.5,0.09665323,0.0024355147,-2.855865E-7,0.10677988,-1.22158535E-5
2010-07-16T12:00:00Z,0.0,9.0,69.75,0.10030523,0.0038020115,-1.3825925E-7,0.10826715,-5.913991E-6
2010-07-16T12:00:00Z,0.0,9.0,70.0,0.096172005,0.005382801,-4.0538947E-7,0.10474282,-1.734038E-5
2010-07-16T12:00:00Z,0.0,9.0,70.25,0.093658194,0.0045478125,-4.242973E-7,0.10219446,-1.8149129E-5
2010-07-16T12:00:00Z,0.0,9.0,70.5,0.09335038,0.0055343565,-2.6752636E-7,0.100535326,-1.1443348E-5
2010-07-16T12:00:00Z,0.0,9.0,70.75,0.09381383,0.006239704,-1.8616711E-7,0.098326065,-7.963221E-6
2010-07-16T12:00:00Z,0.0,9.0,71.0,0.10376645,0.0072410875,-7.943325E-8,0.10689603,-3.3977142E-6
2010-07-16T12:00:00Z,0.0,9.0,71.25,0.090145536,8.752006E-4,7.017915E-8,0.09480337,3.0018814E-6
2010-07-16T12:00:00Z,0.0,9.0,71.5,0.10140543,0.002417809,1.7336986E-7,0.1043204,7.415834E-6
2010-07-16T12:00:00Z,0.0,9.0,71.75,0.09901229,-6.422816E-4,-1.4315326E-7,0.1019355,-6.123322E-6
2010-07-16T12:00:00Z,0.0,9.0,72.0,0.095540635,-0.0012224329,-1.2335008E-7,0.09992886,-5.2762484E-6
2010-07-16T12:00:00Z,0.0,9.25,68.0,0.09961037,0.031179102,-2.3755327E-7,0.10808656,-9.88892E-6
2010-07-16T12:00:00Z,0.0,9.25,68.25,0.11454479,0.027407767,-2.7794636E-7,0.1223905,-1.1570401E-5
2010-07-16T12:00:00Z,0.0,9.25,68.5,0.09882828,0.013621783,-9.565586E-8,0.10639821,-3.981978E-6
2010-07-16T12:00:00Z,0.0,9.25,68.75,0.096936174,0.014827815,-3.6308924E-7,0.107939266,-1.51147515E-5
2010-07-16T12:00:00Z,0.0,9.25,69.0,0.0942993,0.008928365,-2.9872268E-7,0.10085776,-1.24353E-5
2010-07-16T12:00:00Z,0.0,9.25,69.25,0.09938498,0.009526815,-2.8463663E-7,0.10969959,-1.1848929E-5
2010-07-16T12:00:00Z,0.0,9.25,69.5,0.10986091,0.005957563,-2.9176778E-7,0.11983287,-1.21457615E-5
2010-07-16T12:00:00Z,0.0,9.25,69.75,0.114997536,0.004198958,-1.5182017E-7,0.12323876,-6.32001E-6
2010-07-16T12:00:00Z,0.0,9.25,70.0,0.108912,0.0015927025,-4.6554735E-8,0.11849481,-1.937987E-6
2010-07-16T12:00:00Z,0.0,9.25,70.25,0.10306487,0.0072385087,-2.8934963E-7,0.11018572,-1.2045085E-5
2010-07-16T12:00:00Z,0.0,9.25,70.5,0.09809098,0.008307518,-2.6264652E-7,0.10456784,-1.0933509E-5
2010-07-16T12:00:00Z,0.0,9.25,70.75,0.09217797,0.0050693676,-1.07162876E-7,0.099376224,-4.460993E-6
2010-07-16T12:00:00Z,0.0,9.25,71.0,0.10314598,0.011226889,-2.0307665E-8,0.10583561,-8.4536833E-7
2010-07-16T12:00:00Z,0.0,9.25,71.25,0.094008945,0.005667607,-3.2632357E-7,0.09691654,-1.358424E-5
2010-07-16T12:00:00Z,0.0,9.25,71.5,0.09481307,0.003257887,-3.386626E-8,0.097645186,-1.409796E-6
2010-07-16T12:00:00Z,0.0,9.25,71.75,0.09294543,-0.002973319,2.1607333E-8,0.098178886,8.994746E-7
2010-07-16T12:00:00Z,0.0,9.25,72.0,0.09626449,0.0014549644,1.2316221E-7,0.1007131,5.1270317E-6
2010-07-16T12:00:00Z,0.0,9.5,68.0,0.10414967,0.027832998,-2.2061599E-7,0.11091666,-8.944314E-6
2010-07-16T12:00:00Z,0.0,9.5,68.25,0.11302407,0.02321871,-1.0391484E-9,0.121056564,-4.2120842E-8
2010-07-16T12:00:00Z,0.0,9.5,68.5,0.099853724,0.013553195,-1.1241009E-7,0.107907794,-4.557398E-6
2010-07-16T12:00:00Z,0.0,9.5,68.75,0.10137161,0.018431764,-1.9796082E-7,0.110310465,-8.025812E-6
2010-07-16T12:00:00Z,0.0,9.5,69.0,0.10132228,0.012838627,-1.9884541E-7,0.10998608,-8.061673E-6
2010-07-16T12:00:00Z,0.0,9.5,69.25,0.10195066,0.012536311,-1.3140671E-7,0.11189705,-5.327541E-6
2010-07-16T12:00:00Z,0.0,9.5,69.5,0.111080125,0.012815395,-1.4680826E-7,0.118941896,-5.9519507E-6
2010-07-16T12:00:00Z,0.0,9.5,69.75,0.118989825,0.005288253,-2.555533E-7,0.12739491,-1.0360745E-5
2010-07-16T12:00:00Z,0.0,9.5,70.0,0.12049725,0.0087068025,-6.9249275E-8,0.12753023,-2.8075262E-6
2010-07-16T12:00:00Z,0.0,9.5,70.25,0.117015034,0.009111148,1.5905371E-7,0.122894295,6.4484043E-6
2010-07-16T12:00:00Z,0.0,9.5,70.5,0.09763062,0.00780659,-1.1965966E-8,0.10573964,-4.8512567E-7
2010-07-16T12:00:00Z,0.0,9.5,70.75,0.09495014,0.008645214,-1.8052947E-7,0.10139868,-7.319105E-6
2010-07-16T12:00:00Z,0.0,9.5,71.0,0.10231602,0.012022988,-2.5461512E-7,0.10704541,-1.032269E-5
2010-07-16T12:00:00Z,0.0,9.5,71.25,0.101452045,0.005773865,-4.955686E-7,0.10497876,-2.009154E-5
2010-07-16T12:00:00Z,0.0,9.5,71.5,0.0946686,4.6760944E-4,-3.6302268E-7,0.09793024,-1.4717799E-5
2010-07-16T12:00:00Z,0.0,9.5,71.75,0.08650896,0.0023644494,4.0392973E-8,0.09085829,1.637624E-6
2010-07-16T12:00:00Z,0.0,9.5,72.0,0.088381745,0.006738185,7.8662254E-8,0.09338335,3.189151E-6
2010-07-16T12:00:00Z,0.0,9.75,68.0,0.10573725,0.028021902,-2.891594E-7,0.11303633,-1.1425412E-5
2010-07-16T12:00:00Z,0.0,9.75,68.25,0.11377448,0.023313731,-2.4426137E-7,0.12012679,-9.651378E-6
2010-07-16T12:00:00Z,0.0,9.75,68.5,0.104069486,0.01711385,-2.9531074E-7,0.111352175,-1.1668461E-5
2010-07-16T12:00:00Z,0.0,9.75,68.75,0.10215928,0.015645096,-1.2901221E-7,0.110287376,-5.0976128E-6
2010-07-16T12:00:00Z,0.0,9.75,69.0,0.098963976,0.01628781,-1.9075445E-7,0.106368214,-7.5371854E-6
2010-07-16T12:00:00Z,0.0,9.75,69.25,0.103183866,0.011266295,-1.8106783E-7,0.11031241,-7.154457E-6
2010-07-16T12:00:00Z,0.0,9.75,69.5,0.11225536,0.015157441,-1.6318349E-7,0.12006169,-6.447804E-6
2010-07-16T12:00:00Z,0.0,9.75,69.75,0.126413,0.01153547,-2.664961E-7,0.13282922,-1.0529932E-5
2010-07-16T12:00:00Z,0.0,9.75,70.0,0.12313047,0.013895885,8.1386936E-8,0.1295311,3.2158014E-6
2010-07-16T12:00:00Z,0.0,9.75,70.25,0.10903149,0.012090538,-2.569639E-7,0.11503984,-1.0153291E-5
2010-07-16T12:00:00Z,0.0,9.75,70.5,0.10238752,0.011586408,-3.4341616E-7,0.10660205,-1.3569236E-5
2010-07-16T12:00:00Z,0.0,9.75,70.75,0.11111878,0.015446132,-2.6538171E-7,0.116599984,-1.0485895E-5
2010-07-16T12:00:00Z,0.0,9.75,71.0,0.109479144,0.012879969,-2.7421467E-7,0.11379595,-1.0834927E-5
2010-07-16T12:00:00Z,0.0,9.75,71.25,0.11250376,0.013376594,-2.1550751E-7,0.11647408,-8.515253E-6
2010-07-16T12:00:00Z,0.0,9.75,71.5,0.09803453,0.011501551,-2.998722E-7,0.10213775,-1.184871E-5
2010-07-16T12:00:00Z,0.0,9.75,71.75,0.09426882,0.0036361767,-3.6468847E-7,0.098845944,-1.4409735E-5
2010-07-16T12:00:00Z,0.0,9.75,72.0,0.09219408,0.002404129,-1.7443024E-7,0.096904576,-6.892182E-6
2010-07-16T12:00:00Z,0.0,10.0,68.0,0.11320448,0.027120769,-4.0490679E-7,0.11943618,-1.5602835E-5
2010-07-16T12:00:00Z,0.0,10.0,68.25,0.11841733,0.024296181,-4.4187465E-7,0.12451315,-1.7027358E-5
2010-07-16T12:00:00Z,0.0,10.0,68.5,0.117021024,0.019983916,-2.559386E-7,0.12364284,-9.862458E-6
2010-07-16T12:00:00Z,0.0,10.0,68.75,0.10642203,0.020137504,-2.4393108E-7,0.11426028,-9.39974E-6
2010-07-16T12:00:00Z,0.0,10.0,69.0,0.11087533,0.024281217,-4.119835E-7,0.11991913,-1.5875525E-5
2010-07-16T12:00:00Z,0.0,10.0,69.25,0.11483468,0.018820403,-4.5061705E-7,0.12137248,-1.7364258E-5
2010-07-16T12:00:00Z,0.0,10.0,69.5,0.12196624,0.020142725,-3.46017E-7,0.12828012,-1.3333558E-5
2010-07-16T12:00:00Z,0.0,10.0,69.75,0.12817967,0.015155946,-1.4148115E-7,0.13383602,-5.451892E-6
2010-07-16T12:00:00Z,0.0,10.0,70.0,0.123585194,0.015521638,-7.94663E-8,0.12894686,-3.062195E-6
2010-07-16T12:00:00Z,0.0,10.0,70.25,0.12419601,0.013278157,-5.525924E-7,0.12879297,-2.1293816E-5
2010-07-16T12:00:00Z,0.0,10.0,70.5,0.10946802,0.007808879,-9.510757E-8,0.11404607,-3.6649144E-6
2010-07-16T12:00:00Z,0.0,10.0,70.75,0.11378743,0.019278014,-2.8498576E-7,0.1215692,-1.0981753E-5
2010-07-16T12:00:00Z,0.0,10.0,71.0,0.113226704,0.015187015,-3.6852433E-7,0.11984734,-1.4200866E-5
2010-07-16T12:00:00Z,0.0,10.0,71.25,0.10572537,0.016544973,-3.4521986E-7,0.11121176,-1.3302834E-5
2010-07-16T12:00:00Z,0.0,10.0,71.5,0.098071225,0.0014767137,-2.333652E-7,0.10636378,-8.992575E-6
2010-07-16T12:00:00Z,0.0,10.0,71.75,0.10030184,-5.32744E-4,-1.7912853E-7,0.107783444,-6.9026028E-6
2010-07-16T12:00:00Z,0.0,10.0,72.0,0.09407491,0.0028706228,-2.5577106E-7,0.09835025,-9.855977E-6
2010-07-16T12:00:00Z,0.0,10.25,68.0,0.12421274,0.031190269,-4.1587893E-7,0.13115089,-1.5638794E-5
2010-07-16T12:00:00Z,0.0,10.25,68.25,0.12945372,0.027014013,-4.143227E-7,0.13598396,-1.558029E-5
2010-07-16T12:00:00Z,0.0,10.25,68.5,0.12215254,0.023603886,-3.0900227E-7,0.12896934,-1.1619804E-5
2010-07-16T12:00:00Z,0.0,10.25,68.75,0.11412156,0.020169234,-4.204159E-7,0.12146453,-1.5809392E-5
2010-07-16T12:00:00Z,0.0,10.25,69.0,0.117227435,0.02255473,-4.1720216E-7,0.12345116,-1.5688553E-5
2010-07-16T12:00:00Z,0.0,10.25,69.25,0.124968305,0.021346537,-3.7063825E-7,0.13062984,-1.39375525E-5
2010-07-16T12:00:00Z,0.0,10.25,69.5,0.12399168,0.020504557,-4.4455706E-7,0.12972215,-1.6717204E-5
2010-07-16T12:00:00Z,0.0,10.25,69.75,0.13533668,0.024869604,-1.6526336E-7,0.14215237,-6.214603E-6
2010-07-16T12:00:00Z,0.0,10.25,70.0,0.12573077,0.011332401,-2.617078E-7,0.13515162,-9.841314E-6
2010-07-16T12:00:00Z,0.0,10.25,70.25,0.13149461,0.0097935675,-1.0436851E-7,0.13853396,-3.9246975E-6
2010-07-16T12:00:00Z,0.0,10.25,70.5,0.1097027,0.006195009,-6.3408564E-8,0.11740289,-2.384438E-6
2010-07-16T12:00:00Z,0.0,10.25,70.75,0.12134107,0.014791304,-1.500063E-7,0.12983286,-5.640869E-6
2010-07-16T12:00:00Z,0.0,10.25,71.0,0.11974074,0.015022421,-3.8599728E-7,0.12596667,-1.4515139E-5
2010-07-16T12:00:00Z,0.0,10.25,71.25,0.112615414,0.009258766,-3.687036E-7,0.117950134,-1.3864803E-5
2010-07-16T12:00:00Z,0.0,10.25,71.5,0.10748313,0.005145508,-6.232593E-8,0.11460289,-2.3437012E-6
2010-07-16T12:00:00Z,0.0,10.25,71.75,0.09992164,-7.976688E-4,4.845412E-8,0.1061612,1.8220827E-6
2010-07-16T12:00:00Z,0.0,10.25,72.0,0.095048904,0.0038774344,-3.07701E-7,0.09930743,-1.1570851E-5
2010-07-16T12:00:00Z,0.0,10.5,68.0,0.13723432,0.033933725,-4.1324668E-7,0.14445397,-1.517382E-5
2010-07-16T12:00:00Z,0.0,10.5,68.25,0.13263738,0.026656695,-4.1295868E-7,0.13869923,-1.5163236E-5
2010-07-16T12:00:00Z,0.0,10.5,68.5,0.1278984,0.02193536,-3.946473E-7,0.13365734,-1.4490878E-5
2010-07-16T12:00:00Z,0.0,10.5,68.75,0.12283527,0.022562651,-4.3094207E-7,0.12854372,-1.5823574E-5
2010-07-16T12:00:00Z,0.0,10.5,69.0,0.1284285,0.020489478,-3.8682592E-7,0.13364287,-1.4203689E-5
2010-07-16T12:00:00Z,0.0,10.5,69.25,0.13283883,0.015366709,-2.884181E-7,0.13772751,-1.05902745E-5
2010-07-16T12:00:00Z,0.0,10.5,69.5,0.1443188,0.017164834,-1.7459602E-7,0.14917925,-6.410935E-6
2010-07-16T12:00:00Z,0.0,10.5,69.75,0.14234093,0.02393893,-2.3409714E-7,0.14828135,-8.595719E-6
2010-07-16T12:00:00Z,0.0,10.5,70.0,0.13261849,0.017842913,-2.360223E-7,0.13809642,-8.666393E-6
2010-07-16T12:00:00Z,0.0,10.5,70.25,0.12254764,0.0018329836,2.4019306E-7,0.13235256,8.8195275E-6
2010-07-16T12:00:00Z,0.0,10.5,70.5,0.11320022,0.0025302991,2.2323087E-8,0.12134682,8.196686E-7
2010-07-16T12:00:00Z,0.0,10.5,70.75,0.120775476,0.009808058,4.0324335E-9,0.12768626,1.4807522E-7
2010-07-16T12:00:00Z,0.0,10.5,71.0,0.12492595,0.0182648,-3.1828623E-8,0.13111718,-1.1687112E-6
2010-07-16T12:00:00Z,0.0,10.5,71.25,0.1279808,0.014766689,-2.1292577E-7,0.13317941,-7.818328E-6
2010-07-16T12:00:00Z,0.0,10.5,71.5,0.105381034,0.007446564,-2.3837985E-7,0.110212915,-8.752974E-6
2010-07-16T12:00:00Z,0.0,10.5,71.75,0.094934136,8.593489E-4,-2.0319288E-7,0.099800915,-7.4609507E-6
2010-07-16T12:00:00Z,0.0,10.5,72.0,0.09831049,0.0013605704,-1.1629773E-7,0.10262392,-4.2702845E-6
2010-07-16T12:00:00Z,0.0,10.75,68.0,0.1442731,0.0359118,-4.5076058E-7,0.1515458,-1.6170741E-5
2010-07-16T12:00:00Z,0.0,10.75,68.25,0.13681768,0.028039481,-4.4214286E-7,0.1426325,-1.5861573E-5
2010-07-16T12:00:00Z,0.0,10.75,68.5,0.13641226,0.022097649,-3.2225356E-7,0.14101167,-1.156064E-5
2010-07-16T12:00:00Z,0.0,10.75,68.75,0.13061386,0.028788991,-2.6353712E-7,0.13700739,-9.454214E-6
2010-07-16T12:00:00Z,0.0,10.75,69.0,0.13042895,0.020780623,-7.37527E-8,0.1382605,-2.645819E-6
2010-07-16T12:00:00Z,0.0,10.75,69.25,0.13626434,0.019689687,-1.6429048E-8,0.14547107,-5.8937775E-7
2010-07-16T12:00:00Z,0.0,10.75,69.5,0.13560733,0.015239598,-6.468258E-9,0.14337406,-2.3205067E-7
2010-07-16T12:00:00Z,0.0,10.75,69.75,0.1466827,0.02493205,-1.8389697E-7,0.15308091,-6.5971767E-6
2010-07-16T12:00:00Z,0.0,10.75,70.0,0.13118444,0.019008234,-3.3389497E-7,0.13691509,-1.1978253E-5
2010-07-16T12:00:00Z,0.0,10.75,70.25,0.12036238,0.0035044334,-6.621815E-8,0.12721643,-2.3755342E-6
2010-07-16T12:00:00Z,0.0,10.75,70.5,0.12656693,0.008211796,-1.3621191E-7,0.13332193,-4.8865218E-6
2010-07-16T12:00:00Z,0.0,10.75,70.75,0.122877516,0.007013645,-8.795493E-8,0.12774487,-3.1553277E-6
2010-07-16T12:00:00Z,0.0,10.75,71.0,0.11908339,0.0146763045,3.322384E-10,0.12388429,1.1933147E-8
2010-07-16T12:00:00Z,0.0,10.75,71.25,0.117850274,0.015313522,5.3988302E-8,0.12171751,1.9367772E-6
2010-07-16T12:00:00Z,0.0,10.75,71.5,0.10640598,0.008571585,-2.1885309E-7,0.10944943,-7.851217E-6
2010-07-16T12:00:00Z,0.0,10.75,71.75,0.09917178,0.0054928563,-7.2759754E-8,0.10253891,-2.6102061E-6
2010-07-16T12:00:00Z,0.0,10.75,72.0,0.090172194,0.0012745935,-1.5719E-7,0.0943065,-5.63908E-6
2010-07-16T12:00:00Z,0.0,11.0,68.0,0.1535741,0.037868652,-4.90272E-7,0.16080925,-1.7193212E-5
2010-07-16T12:00:00Z,0.0,11.0,68.25,0.14509346,0.032535546,-3.413376E-7,0.15189306,-1.1970265E-5
2010-07-16T12:00:00Z,0.0,11.0,68.5,0.14134867,0.029409803,-3.246124E-7,0.14772213,-1.138374E-5
2010-07-16T12:00:00Z,0.0,11.0,68.75,0.14410223,0.031646233,-3.298142E-7,0.15105887,-1.1566178E-5
2010-07-16T12:00:00Z,0.0,11.0,69.0,0.13273437,0.022841811,-1.05819865E-7,0.1415056,-3.7109558E-6
2010-07-16T12:00:00Z,0.0,11.0,69.25,0.12973274,0.02156936,-1.6134454E-7,0.1403342,-5.6581434E-6
2010-07-16T12:00:00Z,0.0,11.0,69.5,0.1375918,0.023652693,-1.766923E-7,0.14379446,-6.1963588E-6
2010-07-16T12:00:00Z,0.0,11.0,69.75,0.14752556,0.020194385,-1.7873377E-7,0.1523158,-6.2679637E-6
2010-07-16T12:00:00Z,0.0,11.0,70.0,0.13791911,0.013478398,-2.7751793E-7,0.1418265,-9.732211E-6
2010-07-16T12:00:00Z,0.0,11.0,70.25,0.1225407,0.009703607,-1.4482673E-7,0.12803464,-5.078886E-6
2010-07-16T12:00:00Z,0.0,11.0,70.5,0.12860426,0.02157778,-2.666644E-7,0.13353226,-9.351564E-6
2010-07-16T12:00:00Z,0.0,11.0,70.75,0.1305547,0.01828821,-2.9333094E-7,0.13486236,-1.0286755E-5
2010-07-16T12:00:00Z,0.0,11.0,71.0,0.12069118,0.014469862,-1.6965457E-7,0.12452425,-5.9495665E-6
2010-07-16T12:00:00Z,0.0,11.0,71.25,0.10974504,0.0137145845,-4.6205173E-8,0.112426884,-1.6203624E-6
2010-07-16T12:00:00Z,0.0,11.0,71.5,0.10513884,0.0066984575,-9.2012584E-8,0.10747522,-3.2267612E-6
2010-07-16T12:00:00Z,0.0,11.0,71.75,0.100287385,0.0073188166,5.607317E-9,0.10357323,1.9664355E-7
2010-07-16T12:00:00Z,0.0,11.0,72.0,0.093629904,0.010406604,NaN,0.09730048,NaN
2010-07-16T12:00:00Z,0.0,11.25,68.0,0.1545276,0.03681449,-3.992227E-7,0.16166474,-1.3692981E-5
2010-07-16T12:00:00Z,0.0,11.25,68.25,0.15218064,0.037137616,-3.569924E-7,0.16029587,-1.2244516E-5
2010-07-16T12:00:00Z,0.0,11.25,68.5,0.14652744,0.033209845,-4.113365E-7,0.15404285,-1.41084865E-5
2010-07-16T12:00:00Z,0.0,11.25,68.75,0.15031822,0.034805566,-4.34033E-7,0.15731649,-1.4886958E-5
2010-07-16T12:00:00Z,0.0,11.25,69.0,0.1407559,0.031014943,-3.6087425E-7,0.14772424,-1.237767E-5
2010-07-16T12:00:00Z,0.0,11.25,69.25,0.14276794,0.027437765,-3.62727E-7,0.14822285,-1.2441204E-5
2010-07-16T12:00:00Z,0.0,11.25,69.5,0.14309189,0.024394715,-2.2878966E-7,0.14809167,-7.847287E-6
2010-07-16T12:00:00Z,0.0,11.25,69.75,0.1436856,0.022133842,-7.9547355E-8,0.14844163,-2.7284002E-6
2010-07-16T12:00:00Z,0.0,11.25,70.0,0.14136049,0.016613673,-1.4290137E-7,0.14579013,-4.901377E-6
2010-07-16T12:00:00Z,0.0,11.25,70.25,0.12746744,0.011251698,-2.3959473E-7,0.13064227,-8.217889E-6
2010-07-16T12:00:00Z,0.0,11.25,70.5,0.13460863,0.020513678,-3.5202075E-7,0.13969861,-1.2073976E-5
2010-07-16T12:00:00Z,0.0,11.25,70.75,0.13335602,0.016679479,-2.8321412E-7,0.13700184,-9.713987E-6
2010-07-16T12:00:00Z,0.0,11.25,71.0,0.118701845,0.014870655,-7.503878E-8,0.122422725,-2.5737702E-6
2010-07-16T12:00:00Z,0.0,11.25,71.25,0.10813282,0.011328537,-2.4444722E-7,0.11048046,-8.384334E-6
2010-07-16T12:00:00Z,0.0,11.25,71.5,0.10691148,0.011934602,-1.1646351E-7,0.109325126,-3.9945926E-6
2010-07-16T12:00:00Z,0.0,11.25,71.75,0.099393226,0.012426486,-9.0878196E-8,0.1036674,-3.1170334E-6
2010-07-16T12:00:00Z,0.0,11.25,72.0,0.09041523,0.0035316607,-1.6952501E-7,0.09408502,-5.8145556E-6
2010-07-16T12:00:00Z,0.0,11.5,68.0,0.15617217,0.033048727,-4.1488678E-7,0.16357276,-1.3924908E-5
2010-07-16T12:00:00Z,0.0,11.5,68.25,0.16295072,0.035682146,-4.1259324E-7,0.17105931,-1.3847967E-5
2010-07-16T12:00:00Z,0.0,11.5,68.5,0.15763038,0.03960292,-4.8924187E-7,0.16534075,-1.6420512E-5
2010-07-16T12:00:00Z,0.0,11.5,68.75,0.1616645,0.034823596,-3.9200347E-7,0.16796316,-1.3156886E-5
2010-07-16T12:00:00Z,0.0,11.5,69.0,0.1507319,0.032254856,-2.0594003E-7,0.1569808,-6.9120038E-6
2010-07-16T12:00:00Z,0.0,11.5,69.25,0.1426084,0.02402212,-1.7622745E-7,0.14873488,-5.9147637E-6
2010-07-16T12:00:00Z,0.0,11.5,69.5,0.14397678,0.023585763,-2.1808155E-7,0.14930552,-7.319504E-6
2010-07-16T12:00:00Z,0.0,11.5,69.75,0.14242397,0.01799208,-1.8898099E-7,0.14629038,-6.3427756E-6
2010-07-16T12:00:00Z,0.0,11.5,70.0,0.14156762,0.0134570105,-2.1482232E-7,0.14434355,-7.2101298E-6
2010-07-16T12:00:00Z,0.0,11.5,70.25,0.13456672,0.017988462,-1.8597754E-7,0.13740095,-6.2419963E-6
2010-07-16T12:00:00Z,0.0,11.5,70.5,0.14235954,0.016518125,-1.8902364E-7,0.14581099,-6.344234E-6
2010-07-16T12:00:00Z,0.0,11.5,70.75,0.13572326,0.01621079,1.0027032E-8,0.1394741,3.3653203E-7
2010-07-16T12:00:00Z,0.0,11.5,71.0,0.12053105,0.01367056,-2.41297E-7,0.123872906,-8.0987E-6
2010-07-16T12:00:00Z,0.0,11.5,71.25,0.114346534,0.010373888,-2.9754924E-7,0.11771357,-9.986688E-6
2010-07-16T12:00:00Z,0.0,11.5,71.5,0.11431076,0.011277703,-1.5222308E-7,0.11777887,-5.109092E-6
2010-07-16T12:00:00Z,0.0,11.5,71.75,0.10931493,0.010160371,-1.4388603E-7,0.11312391,-4.8292823E-6
2010-07-16T12:00:00Z,0.0,11.5,72.0,0.107758395,0.013156028,-3.2586163E-7,0.1118154,-1.0936949E-5
2010-07-16T12:00:00Z,0.0,11.75,68.0,0.16209273,0.037044305,-3.6189937E-7,0.16938832,-1.1891588E-5
2010-07-16T12:00:00Z,0.0,11.75,68.25,0.17104205,0.037657183,-2.9673947E-7,0.17919163,-9.750506E-6
2010-07-16T12:00:00Z,0.0,11.75,68.5,0.16942479,0.03722577,-2.2586968E-7,0.17700794,-7.421815E-6
2010-07-16T12:00:00Z,0.0,11.75,68.75,0.16428433,0.0397238,-1.0536655E-7,0.1717614,-3.4622308E-6
2010-07-16T12:00:00Z,0.0,11.75,69.0,0.14738889,0.031468358,-1.532028E-7,0.15471706,-5.0340595E-6
2010-07-16T12:00:00Z,0.0,11.75,69.25,0.14300679,0.026302446,-3.0332433E-7,0.15059614,-9.966889E-6
2010-07-16T12:00:00Z,0.0,11.75,69.5,0.14846544,0.025292696,-3.607055E-7,0.15392935,-1.1852343E-5
2010-07-16T12:00:00Z,0.0,11.75,69.75,0.14421321,0.018935738,-2.9369156E-7,0.14808436,-9.6503545E-6
2010-07-16T12:00:00Z,0.0,11.75,70.0,0.1573252,0.0195828,-9.4464745E-8,0.16060628,-3.1039983E-6
2010-07-16T12:00:00Z,0.0,11.75,70.25,0.14653678,0.022532338,-1.909628E-7,0.15013655,-6.2748045E-6
2010-07-16T12:00:00Z,0.0,11.75,70.5,0.13967659,0.016659401,-1.3319745E-7,0.14226115,-4.3767104E-6
2010-07-16T12:00:00Z,0.0,11.75,70.75,0.13774264,0.01693573,-4.8156522E-8,0.14075726,-1.5823791E-6
2010-07-16T12:00:00Z,0.0,11.75,71.0,0.124415845,0.0134096565,-3.9266274E-7,0.12728938,-1.2902413E-5
2010-07-16T12:00:00Z,0.0,11.75,71.25,0.12245728,0.00482789,-4.189697E-7,0.12570763,-1.3766847E-5
2010-07-16T12:00:00Z,0.0,11.75,71.5,0.11928934,0.0045707226,-2.7647724E-7,0.12197584,-9.084696E-6
2010-07-16T12:00:00Z,0.0,11.75,71.75,0.11277481,0.0036480443,-1.1050965E-7,0.115645595,-3.6312288E-6
2010-07-16T12:00:00Z,0.0,11.75,72.0,0.10617775,0.002771996,-2.094692E-7,0.10947249,-6.882896E-6
2010-07-16T12:00:00Z,0.0,12.0,68.0,0.16439028,0.03782103,-3.0619253E-7,0.17181353,-9.854489E-6
2010-07-16T12:00:00Z,0.0,12.0,68.25,0.17483139,0.041878287,-1.9205332E-7,0.18319958,-6.181034E-6
2010-07-16T12:00:00Z,0.0,12.0,68.5,0.16839847,0.037666466,-1.7608302E-7,0.17612559,-5.6670356E-6
2010-07-16T12:00:00Z,0.0,12.0,68.75,0.15996638,0.0315841,-1.990345E-7,0.16643275,-6.4057062E-6
2010-07-16T12:00:00Z,0.0,12.0,69.0,0.15631047,0.03127665,-3.9263952E-7,0.16232322,-1.2636716E-5
2010-07-16T12:00:00Z,0.0,12.0,69.25,0.15384369,0.026823713,-4.3133335E-7,0.15949468,-1.3882032E-5
2010-07-16T12:00:00Z,0.0,12.0,69.5,0.1605531,0.027129352,-4.159233E-7,0.16629301,-1.3386076E-5
2010-07-16T12:00:00Z,0.0,12.0,69.75,0.1539912,0.02315069,-3.0456476E-7,0.1584624,-9.802091E-6
2010-07-16T12:00:00Z,0.0,12.0,70.0,0.15138876,0.021749774,-3.3412118E-8,0.15521796,-1.0753201E-6
2010-07-16T12:00:00Z,0.0,12.0,70.25,0.14776954,0.017236928,-3.0125898E-7,0.15077813,-9.695711E-6
2010-07-16T12:00:00Z,0.0,12.0,70.5,0.14503592,0.017811587,-2.5327375E-7,0.14794284,-8.151345E-6
2010-07-16T12:00:00Z,0.0,12.0,70.75,0.14248231,0.01720583,-1.1841606E-7,0.14516328,-3.8111034E-6
2010-07-16T12:00:00Z,0.0,12.0,71.0,0.13291928,0.01360498,-3.8372542E-7,0.13539056,-1.2349791E-5
2010-07-16T12:00:00Z,0.0,12.0,71.25,0.12421603,0.0010735882,-3.4384794E-7,0.12713066,-1.1066375E-5
2010-07-16T12:00:00Z,0.0,12.0,71.5,0.12708774,5.798074E-4,-3.217426E-7,0.1298095,-1.0354965E-5
2010-07-16T12:00:00Z,0.0,12.0,71.75,0.11157363,0.005349305,-1.0163472E-7,0.115111776,-3.2710025E-6
2010-07-16T12:00:00Z,0.0,12.0,72.0,0.1066319,0.002490676,-5.0251195E-8,0.1099625,-1.6172893E-6
2010-07-16T12:00:00Z,0.0,12.25,68.0,0.16967429,0.04300055,-3.8919083E-7,0.17805308,-1.2273878E-5
2010-07-16T12:00:00Z,0.0,12.25,68.25,0.16922112,0.038630594,-3.145783E-7,0.17711444,-9.9208155E-6
2010-07-16T12:00:00Z,0.0,12.25,68.5,0.17426428,0.036370628,-3.0445685E-7,0.18104982,-9.601612E-6
2010-07-16T12:00:00Z,0.0,12.25,68.75,0.16477871,0.033729315,-3.0953686E-7,0.17137621,-9.761823E-6
2010-07-16T12:00:00Z,0.0,12.25,69.0,0.16069767,0.03148986,-4.899853E-7,0.16638024,-1.5452619E-5
2010-07-16T12:00:00Z,0.0,12.25,69.25,0.16789573,0.031719476,-3.7687295E-7,0.17318448,-1.1885398E-5
2010-07-16T12:00:00Z,0.0,12.25,69.5,0.17058241,0.030587384,-2.968429E-7,0.17603055,-9.361511E-6
2010-07-16T12:00:00Z,0.0,12.25,69.75,0.15998185,0.026028998,-2.6750516E-7,0.16463281,-8.4363E-6
2010-07-16T12:00:00Z,0.0,12.25,70.0,0.15378095,0.020763114,-2.9882193E-7,0.15808384,-9.423895E-6
2010-07-16T12:00:00Z,0.0,12.25,70.25,0.15631051,0.01609593,-3.8624648E-7,0.1599425,-1.21810235E-5
2010-07-16T12:00:00Z,0.0,12.25,70.5,0.14815067,0.013150029,-2.7409575E-7,0.15093605,-8.644125E-6
2010-07-16T12:00:00Z,0.0,12.25,70.75,0.1380723,0.013449834,-1.857071E-7,0.14083353,-5.8566225E-6
2010-07-16T12:00:00Z,0.0,12.25,71.0,0.13248156,0.0063081062,-2.513135E-7,0.13571501,-7.925644E-6
2010-07-16T12:00:00Z,0.0,12.25,71.25,0.13245034,0.0051653427,-3.5158857E-7,0.13602807,-1.1088017E-5
2010-07-16T12:00:00Z,0.0,12.25,71.5,0.13407798,0.010264347,-2.3243207E-7,0.13740125,-7.3301926E-6
2010-07-16T12:00:00Z,0.0,12.25,71.75,0.12665275,0.008139468,-3.0539306E-7,0.12964164,-9.631148E-6
2010-07-16T12:00:00Z,0.0,12.25,72.0,0.113010064,0.011493487,-2.8466533E-7,0.117321074,-8.977454E-6
2010-07-16T12:00:00Z,0.0,12.5,68.0,0.1762436,0.046302665,-3.1666292E-7,0.1850843,-9.789915E-6
2010-07-16T12:00:00Z,0.0,12.5,68.25,0.17358308,0.042881563,-2.6343662E-7,0.18171288,-8.144383E-6
2010-07-16T12:00:00Z,0.0,12.5,68.5,0.18029095,0.043585077,-4.5386213E-7,0.18938702,-1.4031556E-5
2010-07-16T12:00:00Z,0.0,12.5,68.75,0.17518613,0.03570953,-5.550488E-7,0.18201123,-1.7159824E-5
2010-07-16T12:00:00Z,0.0,12.5,69.0,0.17134345,0.033797316,-4.6335663E-7,0.17735107,-1.4325074E-5
2010-07-16T12:00:00Z,0.0,12.5,69.25,0.1726262,0.03490242,-2.915782E-7,0.17837176,-9.014406E-6
2010-07-16T12:00:00Z,0.0,12.5,69.5,0.17259912,0.031725757,-2.0280261E-7,0.17805962,-6.2698314E-6
2010-07-16T12:00:00Z,0.0,12.5,69.75,0.16424716,0.024125757,-2.680212E-7,0.1681453,-8.286125E-6
2010-07-16T12:00:00Z,0.0,12.5,70.0,0.15836684,0.020531988,-3.1998485E-7,0.16204426,-9.89261E-6
2010-07-16T12:00:00Z,0.0,12.5,70.25,0.16134237,0.016870704,-2.0341557E-7,0.16534154,-6.288782E-6
2010-07-16T12:00:00Z,0.0,12.5,70.5,0.1540375,0.0148097705,-2.980955E-7,0.15702052,-9.215875E-6
2010-07-16T12:00:00Z,0.0,12.5,70.75,0.15152504,0.013362974,-5.051406E-7,0.15403406,-1.5616868E-5
2010-07-16T12:00:00Z,0.0,12.5,71.0,0.1392667,0.010182498,-4.8468564E-7,0.14337657,-1.4984487E-5
2010-07-16T12:00:00Z,0.0,12.5,71.25,0.13640499,0.007437975,-3.5729215E-7,0.1398627,-1.1046018E-5
2010-07-16T12:00:00Z,0.0,12.5,71.5,0.13342108,0.010645613,-1.9231202E-7,0.13666692,-5.9455033E-6
2010-07-16T12:00:00Z,0.0,12.5,71.75,0.13771124,0.011626312,-2.0420052E-7,0.14127445,-6.3130265E-6
2010-07-16T12:00:00Z,0.0,12.5,72.0,0.12305429,0.01001135,-2.0218118E-7,0.12702945,-6.2506206E-6
2010-07-16T12:00:00Z,0.0,12.75,68.0,0.17662646,0.042629078,-3.174826E-7,0.18400182,-9.625898E-6
2010-07-16T12:00:00Z,0.0,12.75,68.25,0.17670748,0.04381175,-2.971071E-7,0.18446991,-9.008126E-6
2010-07-16T12:00:00Z,0.0,12.75,68.5,0.1905963,0.044965606,-3.863025E-7,0.19941145,-1.1712485E-5
2010-07-16T12:00:00Z,0.0,12.75,68.75,0.18839909,0.03911121,-3.8696902E-7,0.19595012,-1.17326745E-5
2010-07-16T12:00:00Z,0.0,12.75,69.0,0.18351582,0.036032308,-2.4422243E-7,0.1904319,-7.404694E-6
2010-07-16T12:00:00Z,0.0,12.75,69.25,0.18253615,0.03720171,-3.0577067E-7,0.18974464,-9.270796E-6
2010-07-16T12:00:00Z,0.0,12.75,69.5,0.17234571,0.028635781,-3.0989577E-7,0.17826377,-9.395875E-6
2010-07-16T12:00:00Z,0.0,12.75,69.75,0.16884185,0.027154084,-2.174718E-7,0.17418528,-6.5936415E-6
2010-07-16T12:00:00Z,0.0,12.75,70.0,0.17053287,0.027659172,-3.525834E-7,0.17557454,-1.0690118E-5
2010-07-16T12:00:00Z,0.0,12.75,70.25,0.15963688,0.019847732,-3.7804293E-7,0.16342342,-1.1462052E-5
2010-07-16T12:00:00Z,0.0,12.75,70.5,0.1590196,0.014807236,-2.8668973E-7,0.16207695,-8.692261E-6
2010-07-16T12:00:00Z,0.0,12.75,70.75,0.17102757,0.010863662,-3.1963143E-7,0.17366368,-9.6910335E-6
2010-07-16T12:00:00Z,0.0,12.75,71.0,0.16093028,0.011794712,-3.0792808E-7,0.16434233,-9.336207E-6
2010-07-16T12:00:00Z,0.0,12.75,71.25,0.14570256,0.008248632,-1.5915104E-7,0.14906815,-4.825378E-6
2010-07-16T12:00:00Z,0.0,12.75,71.5,0.1422375,0.010762248,-2.0039911E-7,0.14522478,-6.075986E-6
2010-07-16T12:00:00Z,0.0,12.75,71.75,0.13570502,0.0069177197,1.0000415E-9,0.13892148,3.0309618E-8
2010-07-16T12:00:00Z,0.0,12.75,72.0,0.12576276,0.009548019,1.1247308E-7,0.12980768,3.4101176E-6
2010-07-16T12:00:00Z,0.0,13.0,68.0,0.1931152,0.050789844,-3.3015513E-7,0.2022346,-9.820839E-6
2010-07-16T12:00:00Z,0.0,13.0,68.25,0.18666276,0.048297156,-3.9053285E-7,0.1961495,-1.1616839E-5
2010-07-16T12:00:00Z,0.0,13.0,68.5,0.19641468,0.04675107,-2.694934E-7,0.20488763,-8.0163845E-6
2010-07-16T12:00:00Z,0.0,13.0,68.75,0.18996105,0.039974164,-2.8245708E-7,0.19722174,-8.40202E-6
2010-07-16T12:00:00Z,0.0,13.0,69.0,0.1859501,0.035974182,-1.5155392E-7,0.19256334,-4.508144E-6
2010-07-16T12:00:00Z,0.0,13.0,69.25,0.1860425,0.036469966,-1.6156329E-7,0.19357042,-4.8058882E-6
2010-07-16T12:00:00Z,0.0,13.0,69.5,0.18075348,0.03254756,-3.4553528E-7,0.18730128,-1.02783315E-5
2010-07-16T12:00:00Z,0.0,13.0,69.75,0.17676781,0.029421756,-2.390248E-7,0.1831738,-7.1100612E-6
2010-07-16T12:00:00Z,0.0,13.0,70.0,0.17611198,0.028895145,-3.2197582E-7,0.18233977,-9.577535E-6
2010-07-16T12:00:00Z,0.0,13.0,70.25,0.16937742,0.022391185,-3.8290946E-7,0.17436919,-1.1390082E-5
2010-07-16T12:00:00Z,0.0,13.0,70.5,0.1608114,0.02015641,-1.9124118E-7,0.16472894,-5.688691E-6
2010-07-16T12:00:00Z,0.0,13.0,70.75,0.17080407,0.017471116,-1.3432771E-8,0.17402998,-3.9956606E-7
2010-07-16T12:00:00Z,0.0,13.0,71.0,0.1621816,0.009680249,-2.8423422E-8,0.16509281,-8.454875E-7
2010-07-16T12:00:00Z,0.0,13.0,71.25,0.14330384,0.009055421,2.997954E-9,0.14678812,8.917277E-8
2010-07-16T12:00:00Z,0.0,13.0,71.5,0.13877884,0.009408446,-8.133026E-8,0.14223984,-2.4192614E-6
2010-07-16T12:00:00Z,0.0,13.0,71.75,0.13411191,0.0046520787,-1.1565233E-7,0.13735235,-3.4402121E-6
2010-07-16T12:00:00Z,0.0,13.0,72.0,0.117861845,0.0021542753,-1.0044446E-7,0.12048906,-2.9878402E-6
2010-07-16T12:00:00Z,0.0,13.25,68.0,0.1967305,0.054147564,-3.7106838E-7,0.20614111,-1.0833209E-5
2010-07-16T12:00:00Z,0.0,13.25,68.25,0.18981397,0.048657868,-2.4412043E-7,0.19888045,-7.1270006E-6
2010-07-16T12:00:00Z,0.0,13.25,68.5,0.1876751,0.043274406,-1.9613366E-7,0.19540894,-5.7260495E-6
2010-07-16T12:00:00Z,0.0,13.25,68.75,0.1950586,0.041281607,-1.8957199E-7,0.20249853,-5.5344913E-6
2010-07-16T12:00:00Z,0.0,13.25,69.0,0.19015819,0.039682034,-2.1968263E-7,0.1968832,-6.4135565E-6
2010-07-16T12:00:00Z,0.0,13.25,69.25,0.18870105,0.035460636,-2.2291177E-7,0.19448747,-6.507819E-6
2010-07-16T12:00:00Z,0.0,13.25,69.5,0.18267986,0.03757065,-2.3726051E-7,0.18983267,-6.926727E-6
2010-07-16T12:00:00Z,0.0,13.25,69.75,0.17850478,0.033780314,-1.7155867E-7,0.18561079,-5.0085914E-6
2010-07-16T12:00:00Z,0.0,13.25,70.0,0.1820553,0.03155726,-2.397579E-7,0.18930703,-6.9996445E-6
2010-07-16T12:00:00Z,0.0,13.25,70.25,0.17828806,0.028351257,-1.06276325E-7,0.18394148,-3.102706E-6
2010-07-16T12:00:00Z,0.0,13.25,70.5,0.1673831,0.029169342,-2.3784531E-7,0.17264596,-6.943811E-6
2010-07-16T12:00:00Z,0.0,13.25,70.75,0.16584754,0.017113427,-1.2489515E-7,0.16971937,-3.6462595E-6
2010-07-16T12:00:00Z,0.0,13.25,71.0,0.15960611,0.012219263,2.3842284E-9,0.16250393,6.959415E-8
2010-07-16T12:00:00Z,0.0,13.25,71.25,0.14495672,0.0052490057,-1.8011177E-7,0.14794642,-5.2583E-6
2010-07-16T12:00:00Z,0.0,13.25,71.5,0.13807693,0.0061386144,-5.7878907E-8,0.14124902,-1.6897475E-6
2010-07-16T12:00:00Z,0.0,13.25,71.75,0.13570663,0.0028198648,-1.9393238E-7,0.1390169,-5.661775E-6
2010-07-16T12:00:00Z,0.0,13.25,72.0,0.12609117,0.006736423,-2.9329996E-7,0.12925994,-8.562796E-6
2010-07-16T12:00:00Z,0.0,13.5,68.0,0.20050985,0.062932596,-3.5125865E-7,0.21252775,-1.0068393E-5
2010-07-16T12:00:00Z,0.0,13.5,68.25,0.19123997,0.05253455,-3.1269332E-7,0.2011387,-8.962959E-6
2010-07-16T12:00:00Z,0.0,13.5,68.5,0.1921157,0.047667254,-2.9797414E-7,0.2003023,-8.541055E-6
2010-07-16T12:00:00Z,0.0,13.5,68.75,0.19589667,0.047099076,-2.0296719E-7,0.20427823,-5.8178075E-6
2010-07-16T12:00:00Z,0.0,13.5,69.0,0.19596452,0.042935546,-3.9298914E-7,0.20339052,-1.1264541E-5
2010-07-16T12:00:00Z,0.0,13.5,69.25,0.1926911,0.04069743,-3.0152532E-7,0.19993591,-8.642855E-6
2010-07-16T12:00:00Z,0.0,13.5,69.5,0.19299623,0.040103488,-2.3143438E-7,0.20019355,-6.6337784E-6
2010-07-16T12:00:00Z,0.0,13.5,69.75,0.18407628,0.038436234,-2.0028337E-7,0.19130202,-5.740879E-6
2010-07-16T12:00:00Z,0.0,13.5,70.0,0.185163,0.03287431,-2.1134869E-7,0.19127092,-6.058042E-6
2010-07-16T12:00:00Z,0.0,13.5,70.25,0.18257478,0.029554026,-1.5541568E-7,0.1883306,-4.4547987E-6
2010-07-16T12:00:00Z,0.0,13.5,70.5,0.17274518,0.02945514,-1.7780049E-7,0.17823151,-5.0964345E-6
2010-07-16T12:00:00Z,0.0,13.5,70.75,0.16237053,0.020138605,-1.2423216E-7,0.16844578,-3.5609658E-6
2010-07-16T12:00:00Z,0.0,13.5,71.0,0.15733781,0.011384515,-1.2036024E-7,0.1601233,-3.4499774E-6
2010-07-16T12:00:00Z,0.0,13.5,71.25,0.15295407,0.005456621,-1.700024E-7,0.15603927,-4.8729107E-6
2010-07-16T12:00:00Z,0.0,13.5,71.5,0.13515864,0.0071623437,-2.9169894E-7,0.13878547,-8.361195E-6
2010-07-16T12:00:00Z,0.0,13.5,71.75,0.1458264,0.007032461,-1.4436549E-7,0.14955087,-4.1380604E-6
2010-07-16T12:00:00Z,0.0,13.5,72.0,0.13694344,0.004315113,-4.1407753E-7,0.13929312,-1.186903E-5
2010-07-16T12:00:00Z,0.0,13.75,68.0,0.20483582,0.06609828,-3.2693137E-7,0.21727926,-9.203893E-6
2010-07-16T12:00:00Z,0.0,13.75,68.25,0.19379553,0.056128494,-3.8214117E-7,0.20430593,-1.075818E-5
2010-07-16T12:00:00Z,0.0,13.75,68.5,0.19185165,0.05029115,-2.6179313E-7,0.20058945,-7.3700994E-6
2010-07-16T12:00:00Z,0.0,13.75,68.75,0.1986898,0.04923605,-2.3287889E-7,0.20711145,-6.5560957E-6
2010-07-16T12:00:00Z,0.0,13.75,69.0,0.20730023,0.046427995,-3.995015E-7,0.21519259,-1.1246924E-5
2010-07-16T12:00:00Z,0.0,13.75,69.25,0.20178846,0.04278281,-1.8880073E-7,0.20914352,-5.3151934E-6
2010-07-16T12:00:00Z,0.0,13.75,69.5,0.1941829,0.039903156,-7.1180066E-9,0.20147966,-2.0038024E-7
2010-07-16T12:00:00Z,0.0,13.75,69.75,0.18573539,0.037306312,-2.937803E-7,0.19268134,-8.270606E-6
2010-07-16T12:00:00Z,0.0,13.75,70.0,0.18511689,0.029427698,-2.7539983E-7,0.1907295,-7.753171E-6
2010-07-16T12:00:00Z,0.0,13.75,70.25,0.186299,0.03132553,-6.857331E-8,0.19183624,-1.9305123E-6
2010-07-16T12:00:00Z,0.0,13.75,70.5,0.17253456,0.032029487,-7.700279E-8,0.17974012,-2.1678177E-6
2010-07-16T12:00:00Z,0.0,13.75,70.75,0.15894637,0.024344351,-2.2572577E-7,0.16606013,-6.3547213E-6
2010-07-16T12:00:00Z,0.0,13.75,71.0,0.16326226,0.015624346,-1.1549572E-7,0.16550824,-3.251475E-6
2010-07-16T12:00:00Z,0.0,13.75,71.25,0.15759085,0.01584758,-8.214919E-8,0.16038655,-2.312689E-6
2010-07-16T12:00:00Z,0.0,13.75,71.5,0.15110348,0.011499501,-1.8476464E-7,0.15314388,-5.201567E-6
2010-07-16T12:00:00Z,0.0,13.75,71.75,0.14640708,0.008779414,-1.8609256E-7,0.14884175,-5.238949E-6
2010-07-16T12:00:00Z,0.0,13.75,72.0,0.14740416,0.006271951,-1.2092555E-7,0.14955148,-3.4043362E-6
2010-07-16T12:00:00Z,0.0,14.0,68.0,0.2045725,0.06729781,-2.9393274E-7,0.21722877,-8.130012E-6
2010-07-16T12:00:00Z,0.0,14.0,68.25,0.20511205,0.058515996,-3.8858693E-7,0.2155108,-1.0748093E-5
2010-07-16T12:00:00Z,0.0,14.0,68.5,0.193587,0.05029803,-2.2357656E-7,0.20253775,-6.1840024E-6
2010-07-16T12:00:00Z,0.0,14.0,68.75,0.20014459,0.047504302,-1.2596148E-7,0.20835032,-3.48402E-6
2010-07-16T12:00:00Z,0.0,14.0,69.0,0.2112087,0.052218013,-2.6905386E-8,0.22067773,-7.44188E-7
2010-07-16T12:00:00Z,0.0,14.0,69.25,0.19985637,0.044858918,-1.8017002E-7,0.20733196,-4.9834043E-6
2010-07-16T12:00:00Z,0.0,14.0,69.5,0.19035046,0.03947956,-2.5914113E-7,0.19710211,-7.1677023E-6
2010-07-16T12:00:00Z,0.0,14.0,69.75,0.19122033,0.03728387,-2.9115168E-7,0.19761913,-8.053094E-6
2010-07-16T12:00:00Z,0.0,14.0,70.0,0.19222143,0.036124628,-3.0952876E-7,0.19850428,-8.561406E-6
2010-07-16T12:00:00Z,0.0,14.0,70.25,0.18475704,0.028085183,-1.40056E-7,0.18955846,-3.8738676E-6
2010-07-16T12:00:00Z,0.0,14.0,70.5,0.17311212,0.027456593,3.2674607E-9,0.17846508,9.037144E-8
2010-07-16T12:00:00Z,0.0,14.0,70.75,0.16372769,0.026834896,-2.0797457E-7,0.1726862,-5.752465E-6
2010-07-16T12:00:00Z,0.0,14.0,71.0,0.15860267,0.015718438,2.3175675E-9,0.16115676,6.410595E-8
2010-07-16T12:00:00Z,0.0,14.0,71.25,0.1564127,0.016943501,-2.8983003E-8,0.16103485,-8.016506E-7
2010-07-16T12:00:00Z,0.0,14.0,71.5,0.1442634,0.009752464,4.1953413E-8,0.1503772,1.1604047E-6
2010-07-16T12:00:00Z,0.0,14.0,71.75,0.13957614,0.005522488,-6.91993E-8,0.14363231,-1.9140182E-6
2010-07-16T12:00:00Z,0.0,14.0,72.0,0.13707004,0.0022529904,-3.2468133E-8,0.14279634,-8.980535E-7
2010-07-16T12:00:00Z,0.0,14.25,68.0,0.2057108,0.06882976,-4.55907E-7,0.21900238,-1.2393364E-5
2010-07-16T12:00:00Z,0.0,14.25,68.25,0.21001956,0.06105124,-3.402771E-7,0.22068956,-9.250076E-6
2010-07-16T12:00:00Z,0.0,14.25,68.5,0.19762723,0.04919648,-2.3430957E-7,0.20612933,-6.3694665E-6
2010-07-16T12:00:00Z,0.0,14.25,68.75,0.20183013,0.051303938,-1.709056E-7,0.21029004,-4.645894E-6
2010-07-16T12:00:00Z,0.0,14.25,69.0,0.20759599,0.049943168,-7.715652E-8,0.2157193,-2.0974144E-6
2010-07-16T12:00:00Z,0.0,14.25,69.25,0.2023534,0.045724433,-2.7024743E-7,0.21018241,-7.3464057E-6
2010-07-16T12:00:00Z,0.0,14.25,69.5,0.20079643,0.046001554,-3.0682386E-7,0.20900634,-8.340697E-6
2010-07-16T12:00:00Z,0.0,14.25,69.75,0.19662479,0.041028935,-2.19541E-7,0.20346677,-5.9679887E-6
2010-07-16T12:00:00Z,0.0,14.25,70.0,0.19482031,0.039512064,-2.0211596E-7,0.20122504,-5.494318E-6
2010-07-16T12:00:00Z,0.0,14.25,70.25,0.18407771,0.034132533,-2.5414144E-7,0.19057296,-6.9085786E-6
2010-07-16T12:00:00Z,0.0,14.25,70.5,0.17330085,0.027202314,-1.9433936E-7,0.181581,-5.282912E-6
2010-07-16T12:00:00Z,0.0,14.25,70.75,0.16930178,0.026772311,-3.1540374E-8,0.1759816,-8.573946E-7
2010-07-16T12:00:00Z,0.0,14.25,71.0,0.15592967,0.01926151,-1.05495886E-7,0.1588493,-2.8678003E-6
2010-07-16T12:00:00Z,0.0,14.25,71.25,0.1564154,0.01768783,-5.435905E-8,0.16055374,-1.4776934E-6
2010-07-16T12:00:00Z,0.0,14.25,71.5,0.14133726,0.011817748,-5.8635983E-8,0.14836007,-1.5939631E-6
2010-07-16T12:00:00Z,0.0,14.25,71.75,0.1355672,0.008751193,-4.1021536E-8,0.14076814,-1.1151284E-6
2010-07-16T12:00:00Z,0.0,14.25,72.0,0.13625374,0.012656927,-4.242533E-8,0.14154404,-1.1532902E-6
2010-07-16T12:00:00Z,0.0,14.5,68.0,0.21528044,0.06989367,-3.613799E-7,0.22827666,-9.657903E-6
2010-07-16T12:00:00Z,0.0,14.5,68.25,0.20945154,0.06305824,-2.9289805E-7,0.22063227,-7.827733E-6
2010-07-16T12:00:00Z,0.0,14.5,68.5,0.1987397,0.052971624,-3.3874306E-7,0.20774576,-9.052928E-6
2010-07-16T12:00:00Z,0.0,14.5,68.75,0.20589995,0.051021304,-2.9013464E-7,0.21412541,-7.753878E-6
2010-07-16T12:00:00Z,0.0,14.5,69.0,0.20828831,0.050118458,-2.3296448E-7,0.21593021,-6.225999E-6
2010-07-16T12:00:00Z,0.0,14.5,69.25,0.21175593,0.05009533,-2.7226997E-7,0.21989782,-7.2764474E-6
2010-07-16T12:00:00Z,0.0,14.5,69.5,0.19935837,0.046218097,-1.17301894E-7,0.20714483,-3.1349045E-6
2010-07-16T12:00:00Z,0.0,14.5,69.75,0.19582835,0.04237803,-1.05422615E-7,0.20339365,-2.8174268E-6
2010-07-16T12:00:00Z,0.0,14.5,70.0,0.19906873,0.03948845,-2.0629281E-7,0.20652714,-5.513185E-6
2010-07-16T12:00:00Z,0.0,14.5,70.25,0.18982403,0.036156304,-3.1084952E-7,0.19591765,-8.307475E-6
2010-07-16T12:00:00Z,0.0,14.5,70.5,0.17636673,0.032326344,-1.4446512E-7,0.18237753,-3.8608405E-6
2010-07-16T12:00:00Z,0.0,14.5,70.75,0.16869709,0.02999121,1.9735419E-8,0.17421149,5.274343E-7
2010-07-16T12:00:00Z,0.0,14.5,71.0,0.15799382,0.027160883,-4.860371E-8,0.16265202,-1.2989383E-6
2010-07-16T12:00:00Z,0.0,14.5,71.25,0.14731388,0.02046848,-2.0141515E-8,0.1513609,-5.3827966E-7
2010-07-16T12:00:00Z,0.0,14.5,71.5,0.14230885,0.017786926,-2.2639402E-7,0.14579011,-6.0503994E-6
2010-07-16T12:00:00Z,0.0,14.5,71.75,0.14011014,0.013051487,-1.9135284E-7,0.14378363,-5.1139264E-6
2010-07-16T12:00:00Z,0.0,14.5,72.0,0.13972826,0.014187911,-9.191723E-8,0.14293078,-2.4564838E-6
2010-07-16T12:00:00Z,0.0,14.75,68.0,0.2167047,0.07489088,-1.3767253E-7,0.23131624,-3.6182962E-6
2010-07-16T12:00:00Z,0.0,14.75,68.25,0.20924507,0.068197615,-1.894834E-7,0.22243534,-4.9799824E-6
2010-07-16T12:00:00Z,0.0,14.75,68.5,0.2046354,0.06064537,-3.4405718E-7,0.2153408,-9.04248E-6
2010-07-16T12:00:00Z,0.0,14.75,68.75,0.21317329,0.058756545,-1.8866797E-7,0.22320028,-4.9585433E-6
2010-07-16T12:00:00Z,0.0,14.75,69.0,0.21583454,0.058804125,-2.2327946E-7,0.22583939,-5.8682026E-6
2010-07-16T12:00:00Z,0.0,14.75,69.25,0.21470246,0.0540562,-1.19000205E-7,0.22351943,-3.1275463E-6
2010-07-16T12:00:00Z,0.0,14.75,69.5,0.19815473,0.048816632,-1.3202012E-7,0.20666395,-3.4697382E-6
2010-07-16T12:00:00Z,0.0,14.75,69.75,0.19177176,0.04648835,-7.380028E-8,0.20101386,-1.9396111E-6
2010-07-16T12:00:00Z,0.0,14.75,70.0,0.19911203,0.044551358,-1.7303924E-7,0.20718147,-4.547806E-6
2010-07-16T12:00:00Z,0.0,14.75,70.25,0.19745584,0.041911237,-2.5143277E-7,0.20482862,-6.6081357E-6
2010-07-16T12:00:00Z,0.0,14.75,70.5,0.18096249,0.033831045,-9.3747545E-8,0.18617326,-2.4638691E-6
2010-07-16T12:00:00Z,0.0,14.75,70.75,0.1655679,0.033249084,-5.4761465E-8,0.17137879,-1.439237E-6
2010-07-16T12:00:00Z,0.0,14.75,71.0,0.15074609,0.027568977,3.119798E-9,0.1558953,8.1993505E-8
2010-07-16T12:00:00Z,0.0,14.75,71.25,0.14749679,0.021570751,-1.691919E-7,0.15139784,-4.4466756E-6
2010-07-16T12:00:00Z,0.0,14.75,71.5,0.14893356,0.017684152,-1.5241892E-7,0.15182447,-4.0058553E-6
2010-07-16T12:00:00Z,0.0,14.75,71.75,0.13894528,0.01404981,4.543303E-8,0.1420398,1.1940655E-6
2010-07-16T12:00:00Z,0.0,14.75,72.0,0.13519302,0.014052695,-2.6273579E-8,0.1384969,-6.905194E-7
2010-07-16T12:00:00Z,0.0,15.0,68.0,0.21473688,0.077017054,-2.2023626E-7,0.22992611,-5.6939175E-6
2010-07-16T12:00:00Z,0.0,15.0,68.25,0.20685801,0.06840772,-1.960274E-7,0.21998219,-5.068027E-6
2010-07-16T12:00:00Z,0.0,15.0,68.5,0.21136713,0.06509357,-1.5039163E-7,0.22351356,-3.888178E-6
2010-07-16T12:00:00Z,0.0,15.0,68.75,0.20685741,0.0587833,-1.5044064E-7,0.21719655,-3.889446E-6
2010-07-16T12:00:00Z,0.0,15.0,69.0,0.20918415,0.055596184,1.1854774E-8,0.2184308,3.0648567E-7
2010-07-16T12:00:00Z,0.0,15.0,69.25,0.21106671,0.057546914,1.0856873E-8,0.22134484,2.8068894E-7
2010-07-16T12:00:00Z,0.0,15.0,69.5,0.19961227,0.047805514,-1.4599803E-7,0.20780338,-3.7745872E-6
2010-07-16T12:00:00Z,0.0,15.0,69.75,0.19423643,0.046715617,-7.7376015E-8,0.20153238,-2.0004563E-6
2010-07-16T12:00:00Z,0.0,15.0,70.0,0.20217267,0.049965754,6.196159E-8,0.21028064,1.6019436E-6
2010-07-16T12:00:00Z,0.0,15.0,70.25,0.19348136,0.044998664,-1.2248952E-7,0.20118284,-3.1668098E-6
2010-07-16T12:00:00Z,0.0,15.0,70.5,0.17494129,0.033512894,-1.6078356E-7,0.18018147,-4.156843E-6
2010-07-16T12:00:00Z,0.0,15.0,70.75,0.16532992,0.030895937,-1.1133357E-7,0.17018916,-2.878372E-6
2010-07-16T12:00:00Z,0.0,15.0,71.0,0.1550591,0.029792976,-1.2526053E-7,0.15908225,-3.2384396E-6
2010-07-16T12:00:00Z,0.0,15.0,71.25,0.15265237,0.02365554,-1.5260079E-7,0.15584642,-3.945299E-6
2010-07-16T12:00:00Z,0.0,15.0,71.5,0.14737906,0.02072025,5.0355528E-8,0.15036973,1.3018675E-6
2010-07-16T12:00:00Z,0.0,15.0,71.75,0.13062705,0.015965665,5.2900533E-9,0.13317025,1.3676365E-7
2010-07-16T12:00:00Z,0.0,15.0,72.0,0.12999865,0.016976448,-4.6720185E-8,0.13373864,-1.2078913E-6
2010-07-16T12:00:00Z,0.0,15.25,68.0,0.21651506,0.076502,-1.8856376E-7,0.23122358,-4.7969897E-6
2010-07-16T12:00:00Z,0.0,15.25,68.25,0.21295547,0.07424399,-2.7557437E-7,0.22765519,-7.010521E-6
2010-07-16T12:00:00Z,0.0,15.25,68.5,0.21502674,0.06589587,-2.0958737E-7,0.22660965,-5.331829E-6
2010-07-16T12:00:00Z,0.0,15.25,68.75,0.20389383,0.057727106,-1.1704729E-7,0.21379691,-2.9776481E-6
2010-07-16T12:00:00Z,0.0,15.25,69.0,0.20589012,0.05581025,-7.623533E-8,0.2156779,-1.9393974E-6
2010-07-16T12:00:00Z,0.0,15.25,69.25,0.20581368,0.05644915,6.737855E-9,0.21596594,1.714091E-7
2010-07-16T12:00:00Z,0.0,15.25,69.5,0.19312413,0.046656877,-1.1147643E-7,0.20099309,-2.8359186E-6
2010-07-16T12:00:00Z,0.0,15.25,69.75,0.19813375,0.049606085,2.9554169E-8,0.2068861,7.518498E-7
2010-07-16T12:00:00Z,0.0,15.25,70.0,0.1955226,0.04979646,6.5219396E-8,0.20426685,1.6591623E-6
2010-07-16T12:00:00Z,0.0,15.25,70.25,0.18810368,0.04067973,1.8640233E-7,0.19520912,4.7420153E-6
2010-07-16T12:00:00Z,0.0,15.25,70.5,0.17480832,0.034299854,-4.9497277E-8,0.18184331,-1.2591909E-6
2010-07-16T12:00:00Z,0.0,15.25,70.75,0.17237996,0.027783854,-3.7423312E-8,0.17792441,-9.520326E-7
2010-07-16T12:00:00Z,0.0,15.25,71.0,0.14856337,0.026726723,-2.4201185E-7,0.15386845,-6.1567E-6
2010-07-16T12:00:00Z,0.0,15.25,71.25,0.1485785,0.020617876,-2.6379598E-7,0.1518928,-6.710874E-6
2010-07-16T12:00:00Z,0.0,15.25,71.5,0.14179234,0.01637282,-1.2953967E-7,0.14434771,-3.2954447E-6
2010-07-16T12:00:00Z,0.0,15.25,71.75,0.13161859,0.012190945,-8.4549505E-9,0.13403557,-2.1509186E-7
2010-07-16T12:00:00Z,0.0,15.25,72.0,0.13828117,0.0171873,-5.003566E-8,0.14125417,-1.2728972E-6
2010-07-16T12:00:00Z,0.0,15.5,68.0,0.21709093,0.07672395,-1.12591025E-7,0.23196416,-2.8191903E-6
2010-07-16T12:00:00Z,0.0,15.5,68.25,0.21286227,0.073241875,-4.257287E-8,0.22708152,-1.0659885E-6
2010-07-16T12:00:00Z,0.0,15.5,68.5,0.21289492,0.06508063,-1.0410689E-7,0.2244498,-2.6067526E-6
2010-07-16T12:00:00Z,0.0,15.5,68.75,0.20405953,0.06113419,9.846701E-11,0.21485862,2.4720066E-9
2010-07-16T12:00:00Z,0.0,15.5,69.0,0.20896086,0.058053758,1.2741682E-8,0.21870323,3.1904474E-7
2010-07-16T12:00:00Z,0.0,15.5,69.25,0.20090406,0.05686322,-2.609412E-8,0.21077566,-6.533694E-7
2010-07-16T12:00:00Z,0.0,15.5,69.5,0.19642922,0.05177915,-8.862837E-9,0.20595814,-2.2191723E-7
2010-07-16T12:00:00Z,0.0,15.5,69.75,0.18817046,0.051816374,6.820736E-8,0.19813874,1.7078515E-6
2010-07-16T12:00:00Z,0.0,15.5,70.0,0.1905401,0.047902085,-1.0071121E-7,0.19943395,-2.5217194E-6
2010-07-16T12:00:00Z,0.0,15.5,70.25,0.17397504,0.03602614,-1.17486444E-7,0.18097754,-2.9417606E-6
2010-07-16T12:00:00Z,0.0,15.5,70.5,0.17004338,0.028526079,-1.1784417E-7,0.17568283,-2.9507132E-6
2010-07-16T12:00:00Z,0.0,15.5,70.75,0.16864479,0.025262022,-1.09366E-8,0.17377238,-2.7384263E-7
2010-07-16T12:00:00Z,0.0,15.5,71.0,0.15834719,0.02570357,-1.3487924E-7,0.1635163,-3.3772549E-6
2010-07-16T12:00:00Z,0.0,15.5,71.25,0.15359043,0.022664485,-1.902326E-7,0.1577283,-4.7632666E-6
2010-07-16T12:00:00Z,0.0,15.5,71.5,0.14532016,0.023523362,-2.5268395E-7,0.14940894,-6.326993E-6
2010-07-16T12:00:00Z,0.0,15.5,71.75,0.13322318,0.02081272,-7.242336E-8,0.13678943,-1.8134182E-6
2010-07-16T12:00:00Z,0.0,15.5,72.0,0.14422779,0.020524094,-1.1999776E-7,0.14832212,-3.0046433E-6
2010-07-16T12:00:00Z,0.0,15.75,68.0,0.21489345,0.0760485,-3.2690725E-8,0.2290882,-8.0588126E-7
2010-07-16T12:00:00Z,0.0,15.75,68.25,0.20604743,0.06974058,-1.3521714E-7,0.21984911,-3.3333172E-6
2010-07-16T12:00:00Z,0.0,15.75,68.5,0.21245125,0.06537242,-1.6095922E-7,0.22470945,-3.9678953E-6
2010-07-16T12:00:00Z,0.0,15.75,68.75,0.19762766,0.05548652,-5.953572E-8,0.20736204,-1.4676492E-6
2010-07-16T12:00:00Z,0.0,15.75,69.0,0.19923703,0.056170624,5.756752E-8,0.20925972,1.4191271E-6
2010-07-16T12:00:00Z,0.0,15.75,69.25,0.19980983,0.05418907,-1.2012518E-7,0.20908828,-2.961262E-6
2010-07-16T12:00:00Z,0.0,15.75,69.5,0.19124833,0.047269713,3.711272E-8,0.1994834,9.1488266E-7
2010-07-16T12:00:00Z,0.0,15.75,69.75,0.1866795,0.048927497,-4.524052E-8,0.195845,-1.1152532E-6
2010-07-16T12:00:00Z,0.0,15.75,70.0,0.17948842,0.04110171,-3.533227E-8,0.1868887,-8.7098374E-7
2010-07-16T12:00:00Z,0.0,15.75,70.25,0.17966409,0.04054656,-2.489916E-7,0.18758897,-6.138024E-6
2010-07-16T12:00:00Z,0.0,15.75,70.5,0.17328171,0.036707763,-2.4996427E-7,0.18051463,-6.1620144E-6
2010-07-16T12:00:00Z,0.0,15.75,70.75,0.17073406,0.031246824,-2.699697E-7,0.17697698,-6.655185E-6
2010-07-16T12:00:00Z,0.0,15.75,71.0,0.16020735,0.02921428,-1.7579197E-8,0.1657199,-4.3335342E-7
2010-07-16T12:00:00Z,0.0,15.75,71.25,0.15606755,0.028063416,-1.05185855E-7,0.1616771,-2.5929946E-6
2010-07-16T12:00:00Z,0.0,15.75,71.5,0.14886643,0.026969811,-3.5494427E-8,0.15363133,-8.749959E-7
2010-07-16T12:00:00Z,0.0,15.75,71.75,0.13779204,0.028304666,-8.9421434E-8,0.14274283,-2.2043741E-6
2010-07-16T12:00:00Z,0.0,15.75,72.0,0.1470411,0.02670596,5.6858724E-8,0.15057388,1.40166E-6
2010-07-16T12:00:00Z,0.0,16.0,68.0,0.21102886,0.07594078,-1.6968033E-7,0.22555336,-4.119202E-6
2010-07-16T12:00:00Z,0.0,16.0,68.25,0.21722615,0.07520885,-2.5971624E-7,0.23165911,-6.3049083E-6
2010-07-16T12:00:00Z,0.0,16.0,68.5,0.20885153,0.06337613,-1.1489202E-7,0.22030272,-2.7891406E-6
2010-07-16T12:00:00Z,0.0,16.0,68.75,0.20052129,0.05794073,-3.2042256E-9,0.21094139,-7.7777905E-8
2010-07-16T12:00:00Z,0.0,16.0,69.0,0.1990752,0.059964366,-4.2217994E-8,0.21014209,-1.024898E-6
2010-07-16T12:00:00Z,0.0,16.0,69.25,0.19464256,0.056395978,-3.3007378E-8,0.20483054,-8.0129627E-7
2010-07-16T12:00:00Z,0.0,16.0,69.5,0.19095965,0.051691607,-1.16810185E-7,0.20043212,-2.83571E-6
2010-07-16T12:00:00Z,0.0,16.0,69.75,0.18798298,0.047600865,-1.3451115E-7,0.1964826,-3.2654207E-6
2010-07-16T12:00:00Z,0.0,16.0,70.0,0.18519406,0.044631507,-2.1050872E-7,0.19332837,-5.1103452E-6
2010-07-16T12:00:00Z,0.0,16.0,70.25,0.18139921,0.04077286,-1.9080497E-7,0.18923837,-4.632007E-6
2010-07-16T12:00:00Z,0.0,16.0,70.5,0.17958538,0.04317328,-7.046921E-8,0.1880383,-1.7107308E-6
2010-07-16T12:00:00Z,0.0,16.0,70.75,0.1729521,0.039400525,-1.698152E-7,0.18058966,-4.12246E-6
2010-07-16T12:00:00Z,0.0,16.0,71.0,0.15951438,0.036380753,-4.862353E-8,0.16649832,-1.180402E-6
2010-07-16T12:00:00Z,0.0,16.0,71.25,0.15434302,0.032599878,9.006886E-9,0.16091241,2.1864443E-7
2010-07-16T12:00:00Z,0.0,16.0,71.5,0.1475943,0.029104184,8.1950134E-8,0.15290727,1.989425E-6
2010-07-16T12:00:00Z,0.0,16.0,71.75,0.14599358,0.0293216,1.08467376E-7,0.15457574,2.6331704E-6
2010-07-16T12:00:00Z,0.0,16.0,72.0,0.14138284,0.026687412,9.3888104E-8,0.14528559,2.2792465E-6
2010-07-16T12:00:00Z,0.0,16.25,68.0,0.21559082,0.07723974,-2.4787337E-7,0.23023672,-5.9272884E-6
2010-07-16T12:00:00Z,0.0,16.25,68.25,0.21561827,0.074148364,-1.3584335E-7,0.22963624,-3.2483542E-6
2010-07-16T12:00:00Z,0.0,16.25,68.5,0.2055545,0.06556368,-7.669551E-8,0.21768369,-1.8339813E-6
2010-07-16T12:00:00Z,0.0,16.25,68.75,0.19655393,0.062246338,5.1014105E-8,0.20826545,1.219877E-6
2010-07-16T12:00:00Z,0.0,16.25,69.0,0.19465572,0.060569316,-1.11938945E-7,0.2057126,-2.676746E-6
2010-07-16T12:00:00Z,0.0,16.25,69.25,0.18974595,0.055146948,-3.4209673E-8,0.19910495,-8.1804336E-7
2010-07-16T12:00:00Z,0.0,16.25,69.5,0.18670821,0.05026826,-8.8146166E-8,0.19566606,-2.1078063E-6
2010-07-16T12:00:00Z,0.0,16.25,69.75,0.1862681,0.049006227,-6.482643E-8,0.19538684,-1.550163E-6
2010-07-16T12:00:00Z,0.0,16.25,70.0,0.18993361,0.049434304,-1.1032969E-7,0.19893314,-2.6382552E-6
2010-07-16T12:00:00Z,0.0,16.25,70.25,0.18569954,0.044562392,-1.4412154E-7,0.19424209,-3.4463235E-6
2010-07-16T12:00:00Z,0.0,16.25,70.5,0.17433363,0.04118538,-3.2291883E-8,0.182296,-7.721883E-7
2010-07-16T12:00:00Z,0.0,16.25,70.75,0.1668967,0.04059601,-5.307231E-8,0.1749391,-1.2690956E-6
2010-07-16T12:00:00Z,0.0,16.25,71.0,0.16404833,0.04022307,1.2000517E-8,0.17222334,2.8696124E-7
2010-07-16T12:00:00Z,0.0,16.25,71.25,0.15009639,0.033057783,-3.9447046E-9,0.15665273,-9.433031E-8
2010-07-16T12:00:00Z,0.0,16.25,71.5,0.13978405,0.027900456,1.8713519E-7,0.1454691,4.474875E-6
2010-07-16T12:00:00Z,0.0,16.25,71.75,0.1399513,0.031512428,2.4600018E-7,0.14578703,5.882495E-6
2010-07-16T12:00:00Z,0.0,16.25,72.0,0.13390134,0.022043671,8.011043E-8,0.138295,1.915644E-6
2010-07-16T12:00:00Z,0.0,16.5,68.0,0.21714674,0.079294994,-1.8929998E-7,0.2320386,-4.459923E-6
2010-07-16T12:00:00Z,0.0,16.5,68.25,0.21290535,0.07199756,5.5154437E-8,0.22601645,1.2994518E-6
2010-07-16T12:00:00Z,0.0,16.5,68.5,0.20420097,0.06692702,-4.604003E-8,0.21655473,-1.0847023E-6
2010-07-16T12:00:00Z,0.0,16.5,68.75,0.19771248,0.061110944,-5.0389957E-8,0.20843388,-1.1871867E-6
2010-07-16T12:00:00Z,0.0,16.5,69.0,0.18971272,0.061724667,-6.4089467E-9,0.20138988,-1.5099427E-7
2010-07-16T12:00:00Z,0.0,16.5,69.25,0.18477209,0.05520944,-5.2238313E-8,0.19469655,-1.2307441E-6
2010-07-16T12:00:00Z,0.0,16.5,69.5,0.18723363,0.053274468,1.3269391E-7,0.19653362,3.1262837E-6
2010-07-16T12:00:00Z,0.0,16.5,69.75,0.18657897,0.058478847,1.6290045E-8,0.19785619,3.8378715E-7
2010-07-16T12:00:00Z,0.0,16.5,70.0,0.18599267,0.05218799,-1.8892762E-10,0.1953991,-4.4537045E-9
2010-07-16T12:00:00Z,0.0,16.5,70.25,0.18188216,0.051142298,-3.9392944E-8,0.19155698,-9.280976E-7
2010-07-16T12:00:00Z,0.0,16.5,70.5,0.17771646,0.040624738,-2.184855E-7,0.18554853,-5.1475363E-6
2010-07-16T12:00:00Z,0.0,16.5,70.75,0.17267781,0.035944037,4.9660173E-8,0.18065846,1.1699859E-6
2010-07-16T12:00:00Z,0.0,16.5,71.0,0.15943247,0.032633193,2.3732021E-7,0.16600822,5.591281E-6
2010-07-16T12:00:00Z,0.0,16.5,71.25,0.14212622,0.032267485,1.747544E-7,0.1490655,4.117231E-6
2010-07-16T12:00:00Z,0.0,16.5,71.5,0.13263413,0.029155316,1.465635E-7,0.13824841,3.4530535E-6
2010-07-16T12:00:00Z,0.0,16.5,71.75,0.12636375,0.030075226,1.369962E-7,0.1327139,3.2276396E-6
2010-07-16T12:00:00Z,0.0,16.5,72.0,0.13165583,0.031021899,1.7071277E-7,0.13864389,4.0220048E-6
2010-07-16T12:00:00Z,0.0,16.75,68.0,0.2179069,0.07817269,-5.9515582E-8,0.2324951,-1.3818494E-6
2010-07-16T12:00:00Z,0.0,16.75,68.25,0.20291547,0.069162175,7.018052E-8,0.21573941,1.6294638E-6
2010-07-16T12:00:00Z,0.0,16.75,68.5,0.20040953,0.066724166,8.358477E-8,0.21266238,1.940695E-6
2010-07-16T12:00:00Z,0.0,16.75,68.75,0.19763148,0.064251825,9.328669E-8,0.2090024,2.165954E-6
2010-07-16T12:00:00Z,0.0,16.75,69.0,0.18278234,0.06244579,7.2468424E-8,0.19475046,1.6825967E-6
2010-07-16T12:00:00Z,0.0,16.75,69.25,0.18035209,0.0556436,-9.06374E-8,0.19042885,-2.1044468E-6
2010-07-16T12:00:00Z,0.0,16.75,69.5,0.18069412,0.053282853,5.7106085E-8,0.19023931,1.3259144E-6
2010-07-16T12:00:00Z,0.0,16.75,69.75,0.17952824,0.051085137,3.5534587E-8,0.18897958,8.250434E-7
2010-07-16T12:00:00Z,0.0,16.75,70.0,0.17962801,0.046515953,9.3515425E-8,0.187382,2.1712685E-6
2010-07-16T12:00:00Z,0.0,16.75,70.25,0.17825331,0.04962864,1.8309464E-7,0.18750934,4.2511433E-6
2010-07-16T12:00:00Z,0.0,16.75,70.5,0.1722732,0.043513466,4.679743E-8,0.18102217,1.086554E-6
2010-07-16T12:00:00Z,0.0,16.75,70.75,0.15903519,0.03979614,2.115915E-7,0.16711287,4.9127943E-6
2010-07-16T12:00:00Z,0.0,16.75,71.0,0.15090689,0.029721597,1.3283514E-7,0.15695257,3.084203E-6
2010-07-16T12:00:00Z,0.0,16.75,71.25,0.13170616,0.028269855,1.5188486E-7,0.13848919,3.5265066E-6
2010-07-16T12:00:00Z,0.0,16.75,71.5,0.1256595,0.02209213,6.599872E-8,0.13078122,1.5323769E-6
2010-07-16T12:00:00Z,0.0,16.75,71.75,0.1287234,0.023355909,9.2843415E-8,0.13401857,2.1556743E-6
2010-07-16T12:00:00Z,0.0,16.75,72.0,0.12073166,0.026869548,-2.2380465E-8,0.12564333,-5.196217E-7
2010-07-16T12:00:00Z,0.0,17.0,68.0,0.20512979,0.07556429,4.160059E-8,0.21929492,9.520952E-7
2010-07-16T12:00:00Z,0.0,17.0,68.25,0.2068679,0.07345273,-1.0197537E-7,0.22051413,-2.333885E-6
2010-07-16T12:00:00Z,0.0,17.0,68.5,0.19572958,0.065733865,4.739758E-8,0.20766822,1.0847755E-6
2010-07-16T12:00:00Z,0.0,17.0,68.75,0.18381643,0.05871965,7.318366E-8,0.19425412,1.674927E-6
2010-07-16T12:00:00Z,0.0,17.0,69.0,0.17487606,0.05536785,1.6402375E-8,0.1847614,3.7539104E-7
2010-07-16T12:00:00Z,0.0,17.0,69.25,0.17379597,0.050402593,7.8906055E-9,0.18236959,1.8058613E-7
2010-07-16T12:00:00Z,0.0,17.0,69.5,0.1748227,0.048512246,4.883618E-8,0.18322287,1.117691E-6
2010-07-16T12:00:00Z,0.0,17.0,69.75,0.1738051,0.047203604,5.1685003E-8,0.18206014,1.1828967E-6
2010-07-16T12:00:00Z,0.0,17.0,70.0,0.1746314,0.043190576,-4.5145683E-8,0.18201421,-1.0332333E-6
2010-07-16T12:00:00Z,0.0,17.0,70.25,0.17087972,0.044703647,1.4518429E-7,0.17898455,3.3228084E-6
2010-07-16T12:00:00Z,0.0,17.0,70.5,0.16603498,0.04451317,2.097293E-7,0.17462337,4.800014E-6
2010-07-16T12:00:00Z,0.0,17.0,70.75,0.15069108,0.03877611,8.743653E-8,0.15858111,2.0011332E-6
2010-07-16T12:00:00Z,0.0,17.0,71.0,0.13908856,0.030189628,3.589552E-8,0.1452543,8.2153247E-7
2010-07-16T12:00:00Z,0.0,17.0,71.25,0.1253176,0.02728682,-6.372312E-8,0.13246524,-1.4584149E-6
2010-07-16T12:00:00Z,0.0,17.0,71.5,0.12770335,0.026302269,1.4659537E-8,0.13423371,3.3551024E-7
2010-07-16T12:00:00Z,0.0,17.0,71.75,0.12331059,0.018570041,1.2475292E-7,0.13047658,2.85518E-6
2010-07-16T12:00:00Z,0.0,17.0,72.0,0.12526457,0.029316096,-3.866837E-7,0.13085453,-8.849876E-6
2010-07-16T12:00:00Z,0.0,17.25,68.0,0.1965546,0.07700968,1.4262401E-9,0.2118159,3.217991E-8
2010-07-16T12:00:00Z,0.0,17.25,68.25,0.20430274,0.07675441,-7.02362E-8,0.21916524,-1.5848735E-6
2010-07-16T12:00:00Z,0.0,17.25,68.5,0.1923369,0.06397901,-1.7386327E-7,0.20392667,-3.9232004E-6
2010-07-16T12:00:00Z,0.0,17.25,68.75,0.1784195,0.05705065,-8.025335E-8,0.18857497,-1.8109167E-6
2010-07-16T12:00:00Z,0.0,17.25,69.0,0.17525901,0.054219794,1.5635276E-8,0.1847161,3.5280607E-7
2010-07-16T12:00:00Z,0.0,17.25,69.25,0.1713057,0.045689028,-1.0291935E-7,0.17960024,-2.3223654E-6
2010-07-16T12:00:00Z,0.0,17.25,69.5,0.17107846,0.04730029,-3.6625348E-8,0.17994775,-8.264451E-7
2010-07-16T12:00:00Z,0.0,17.25,69.75,0.1726558,0.045110375,1.2717126E-8,0.18044789,2.869545E-7
2010-07-16T12:00:00Z,0.0,17.25,70.0,0.17387374,0.045647133,4.4798465E-8,0.18177441,1.010874E-6
2010-07-16T12:00:00Z,0.0,17.25,70.25,0.16880071,0.043651894,1.5080463E-8,0.17712647,3.4028054E-7
2010-07-16T12:00:00Z,0.0,17.25,70.5,0.15508598,0.03847221,2.722208E-8,0.16306107,6.1426607E-7
2010-07-16T12:00:00Z,0.0,17.25,70.75,0.14365688,0.03330051,-7.164116E-8,0.15074757,-1.6165692E-6
2010-07-16T12:00:00Z,0.0,17.25,71.0,0.13504668,0.031910416,-6.64695E-8,0.14170319,-1.4998739E-6
2010-07-16T12:00:00Z,0.0,17.25,71.25,0.13124974,0.028618937,-1.1200125E-7,0.13833927,-2.5272982E-6
2010-07-16T12:00:00Z,0.0,17.25,71.5,0.12059644,0.023614543,1.3598785E-8,0.1277565,3.0685368E-7
2010-07-16T12:00:00Z,0.0,17.25,71.75,0.1179859,0.021923756,1.0954161E-7,0.12387105,2.4717926E-6
2010-07-16T12:00:00Z,0.0,17.25,72.0,0.12090662,0.024786783,3.581148E-7,0.12673317,8.080825E-6
2010-07-16T12:00:00Z,0.0,17.5,68.0,0.19804253,0.076181285,-6.827503E-8,0.21355747,-1.519283E-6
2010-07-16T12:00:00Z,0.0,17.5,68.25,0.19643426,0.079084344,1.1826255E-7,0.21286555,2.631624E-6
2010-07-16T12:00:00Z,0.0,17.5,68.5,0.19202812,0.07379644,-6.77989E-8,0.2071023,-1.5086881E-6
2010-07-16T12:00:00Z,0.0,17.5,68.75,0.18729854,0.070073515,-2.2891753E-7,0.20150526,-5.093959E-6
2010-07-16T12:00:00Z,0.0,17.5,69.0,0.1716549,0.057140782,-1.811258E-7,0.182034,-4.030485E-6
2010-07-16T12:00:00Z,0.0,17.5,69.25,0.16665615,0.054570746,-3.4967595E-9,0.17687689,-7.7812146E-8
2010-07-16T12:00:00Z,0.0,17.5,69.5,0.17456295,0.051644966,-3.4380456E-8,0.18397875,-7.650456E-7
2010-07-16T12:00:00Z,0.0,17.5,69.75,0.17310931,0.049475048,1.8791665E-8,0.18247764,4.1815548E-7
2010-07-16T12:00:00Z,0.0,17.5,70.0,0.16783206,0.050795168,2.2480594E-7,0.17827599,5.0024673E-6
2010-07-16T12:00:00Z,0.0,17.5,70.25,0.16482873,0.042443898,1.8162435E-8,0.17323081,4.041463E-7
2010-07-16T12:00:00Z,0.0,17.5,70.5,0.15289941,0.03853388,4.2144432E-8,0.16118413,9.378129E-7
2010-07-16T12:00:00Z,0.0,17.5,70.75,0.15055983,0.03609315,1.6153969E-9,0.15984617,3.5951583E-8
2010-07-16T12:00:00Z,0.0,17.5,71.0,0.13548304,0.029456293,-2.7000806E-7,0.1434956,-6.008322E-6
2010-07-16T12:00:00Z,0.0,17.5,71.25,0.12379828,0.02524643,3.30305E-8,0.13179317,7.350077E-7
2010-07-16T12:00:00Z,0.0,17.5,71.5,0.11356342,0.028620215,5.513172E-8,0.120734245,1.2268122E-6
2010-07-16T12:00:00Z,0.0,17.5,71.75,0.11345623,0.031868666,-5.8963604E-8,0.121031806,-1.3120829E-6
2010-07-16T12:00:00Z,0.0,17.5,72.0,0.11043365,0.027200472,6.109376E-7,0.11702348,1.3594862E-5
2010-07-16T12:00:00Z,0.0,17.75,68.0,0.1924282,0.07823856,7.126709E-8,0.20888655,1.5642349E-6
2010-07-16T12:00:00Z,0.0,17.75,68.25,0.19542523,0.08161302,5.2299704E-8,0.21328677,1.14793E-6
2010-07-16T12:00:00Z,0.0,17.75,68.5,0.19023626,0.07661279,5.5358296E-8,0.20694868,1.2150502E-6
2010-07-16T12:00:00Z,0.0,17.75,68.75,0.17567228,0.071360685,-1.2656123E-7,0.19153486,-2.77788E-6
2010-07-16T12:00:00Z,0.0,17.75,69.0,0.17307049,0.060130924,-1.8388934E-7,0.18498854,-4.036159E-6
2010-07-16T12:00:00Z,0.0,17.75,69.25,0.16439314,0.05886676,3.2738576E-8,0.17666553,7.1857255E-7
2010-07-16T12:00:00Z,0.0,17.75,69.5,0.16921003,0.056365434,6.714112E-8,0.18105344,1.4736661E-6
2010-07-16T12:00:00Z,0.0,17.75,69.75,0.16779532,0.054195773,8.52271E-8,0.17919116,1.8706365E-6
2010-07-16T12:00:00Z,0.0,17.75,70.0,0.15132855,0.052414242,1.3135143E-7,0.16391285,2.8830138E-6
2010-07-16T12:00:00Z,0.0,17.75,70.25,0.1577902,0.04624306,9.120636E-9,0.16759193,2.0018152E-7
2010-07-16T12:00:00Z,0.0,17.75,70.5,0.1486475,0.04399909,5.8830367E-9,0.15819678,1.291253E-7
2010-07-16T12:00:00Z,0.0,17.75,70.75,0.1384877,0.03351848,-7.891907E-9,0.14898553,-1.7322658E-7
2010-07-16T12:00:00Z,0.0,17.75,71.0,0.13680258,0.032756172,-8.503582E-8,0.1478908,-1.8664418E-6
2010-07-16T12:00:00Z,0.0,17.75,71.25,0.12471326,0.032813836,-5.5124552E-8,0.13448298,-1.209919E-6
2010-07-16T12:00:00Z,0.0,17.75,71.5,0.117792584,0.03145598,1.5406886E-8,0.1262697,3.38165E-7
2010-07-16T12:00:00Z,0.0,17.75,71.75,0.112780124,0.0336901,1.6845904E-8,0.12111287,3.69751E-7
2010-07-16T12:00:00Z,0.0,17.75,72.0,0.10226144,0.032014914,1.4358638E-7,0.110655926,3.1515594E-6
2010-07-16T12:00:00Z,0.0,18.0,68.0,0.18596083,0.08027382,2.1598815E-7,0.20434888,4.6769915E-6
2010-07-16T12:00:00Z,0.0,18.0,68.25,0.1847596,0.07686322,2.6302825E-8,0.20168172,5.6955184E-7
2010-07-16T12:00:00Z,0.0,18.0,68.5,0.18480931,0.06874267,-6.356305E-8,0.19984974,-1.3763887E-6
2010-07-16T12:00:00Z,0.0,18.0,68.75,0.18155785,0.06566996,-8.4491845E-8,0.19540799,-1.8295798E-6
2010-07-16T12:00:00Z,0.0,18.0,69.0,0.16848749,0.0607782,1.7586999E-8,0.18115072,3.8082837E-7
2010-07-16T12:00:00Z,0.0,18.0,69.25,0.16519548,0.05503184,-1.0871162E-7,0.1770129,-2.3540256E-6
2010-07-16T12:00:00Z,0.0,18.0,69.5,0.16590641,0.054858044,1.2518449E-7,0.17693472,2.7107317E-6
2010-07-16T12:00:00Z,0.0,18.0,69.75,0.16195127,0.05553459,1.8576125E-7,0.17404918,4.0224545E-6
2010-07-16T12:00:00Z,0.0,18.0,70.0,0.15247107,0.05269362,-1.2947577E-7,0.16458891,-2.8036523E-6
2010-07-16T12:00:00Z,0.0,18.0,70.25,0.14577074,0.046280134,6.5024274E-8,0.15631056,1.4080242E-6
2010-07-16T12:00:00Z,0.0,18.0,70.5,0.15057872,0.04936636,6.1023755E-8,0.16223373,1.3213992E-6
2010-07-16T12:00:00Z,0.0,18.0,70.75,0.13810708,0.035957895,-1.6110333E-7,0.15053265,-3.4885131E-6
2010-07-16T12:00:00Z,0.0,18.0,71.0,0.13747339,0.032176536,-1.8305718E-8,0.14737356,-3.9638823E-7
2010-07-16T12:00:00Z,0.0,18.0,71.25,0.121372096,0.032370847,4.8497757E-8,0.13136019,1.0501673E-6
2010-07-16T12:00:00Z,0.0,18.0,71.5,0.12104807,0.03463462,1.628716E-7,0.13029452,3.5268054E-6
2010-07-16T12:00:00Z,0.0,18.0,71.75,0.10710841,0.031061316,1.475212E-7,0.115239784,3.1944119E-6
2010-07-16T12:00:00Z,0.0,18.0,72.0,0.09830358,0.032808833,NaN,0.10617148,NaN
2010-07-16T12:00:00Z,0.0,18.25,68.0,0.17843857,0.07008339,5.34157E-8,0.19357255,1.141343E-6
2010-07-16T12:00:00Z,0.0,18.25,68.25,0.17515622,0.071069546,2.2903801E-7,0.19097753,4.8938955E-6
2010-07-16T12:00:00Z,0.0,18.25,68.5,0.1768715,0.06795311,-2.3460126E-8,0.1914428,-5.012773E-7
2010-07-16T12:00:00Z,0.0,18.25,68.75,0.17456281,0.061030373,-2.0703236E-7,0.18756267,-4.4237E-6
2010-07-16T12:00:00Z,0.0,18.25,69.0,0.17094225,0.06032512,-7.140027E-8,0.18389526,-1.525617E-6
2010-07-16T12:00:00Z,0.0,18.25,69.25,0.16713852,0.053181287,-5.2023E-8,0.17807992,-1.1115835E-6
2010-07-16T12:00:00Z,0.0,18.25,69.5,0.16329432,0.0533913,-1.789846E-8,0.17431673,-3.824473E-7
2010-07-16T12:00:00Z,0.0,18.25,69.75,0.1539733,0.05006693,-2.1669925E-8,0.16509613,-4.630208E-7
2010-07-16T12:00:00Z,0.0,18.25,70.0,0.15660462,0.04226159,-4.461961E-8,0.16731417,-9.533959E-7
2010-07-16T12:00:00Z,0.0,18.25,70.25,0.14437571,0.045223393,2.128352E-8,0.15566705,4.5478026E-7
2010-07-16T12:00:00Z,0.0,18.25,70.5,0.13766004,0.03622786,7.145064E-8,0.14902014,1.5266914E-6
2010-07-16T12:00:00Z,0.0,18.25,70.75,0.13384388,0.033502895,-2.6263246E-8,0.14347334,-5.611732E-7
2010-07-16T12:00:00Z,0.0,18.25,71.0,0.12590666,0.034283265,3.793925E-8,0.13566653,8.1065275E-7
2010-07-16T12:00:00Z,0.0,18.25,71.25,0.12171272,0.033570338,1.9749336E-7,0.13178258,4.2198744E-6
2010-07-16T12:00:00Z,0.0,18.25,71.5,0.12159237,0.03975144,2.721046E-7,0.1328938,5.8141104E-6
2010-07-16T12:00:00Z,0.0,18.25,71.75,0.1017926,0.037384037,1.033897E-7,0.113067955,2.2091401E-6
2010-07-16T12:00:00Z,0.0,18.25,72.0,0.09649508,0.03212741,NaN,0.10510723,NaN
2010-07-16T12:00:00Z,0.0,18.5,68.0,0.17378037,0.06987979,2.3088462E-7,0.18919815,4.868963E-6
2010-07-16T12:00:00Z,0.0,18.5,68.25,0.17504467,0.07345713,8.48933E-8,0.19201219,1.790261E-6
2010-07-16T12:00:00Z,0.0,18.5,68.5,0.17365728,0.06677674,3.7823085E-8,0.18815179,7.976241E-7
2010-07-16T12:00:00Z,0.0,18.5,68.75,0.1746492,0.06330258,-3.6404796E-8,0.18820451,-7.677109E-7
2010-07-16T12:00:00Z,0.0,18.5,69.0,0.16846594,0.057751607,-1.6385643E-7,0.18040703,-3.4554464E-6
2010-07-16T12:00:00Z,0.0,18.5,69.25,0.17288575,0.053193662,4.1354006E-8,0.18269905,8.7209173E-7
2010-07-16T12:00:00Z,0.0,18.5,69.5,0.16364267,0.05291046,5.299949E-8,0.17449735,1.117671E-6
2010-07-16T12:00:00Z,0.0,18.5,69.75,0.15725683,0.055505287,-7.728362E-9,0.16970585,-1.6297201E-7
2010-07-16T12:00:00Z,0.0,18.5,70.0,0.15234108,0.04752848,5.5093192E-8,0.16317452,1.1618245E-6
2010-07-16T12:00:00Z,0.0,18.5,70.25,0.13967408,0.03985777,4.2756295E-8,0.1501563,9.016583E-7
2010-07-16T12:00:00Z,0.0,18.5,70.5,0.13466434,0.04033314,-6.471986E-8,0.14491959,-1.3648315E-6
2010-07-16T12:00:00Z,0.0,18.5,70.75,0.13550249,0.036140587,-6.775029E-9,0.14433475,-1.4287075E-7
2010-07-16T12:00:00Z,0.0,18.5,71.0,0.13189563,0.039921153,7.706803E-8,0.14170179,1.6252319E-6
2010-07-16T12:00:00Z,0.0,18.5,71.25,0.11749565,0.038225677,7.583183E-8,0.12770876,1.5991691E-6
2010-07-16T12:00:00Z,0.0,18.5,71.5,0.10477719,0.03513581,3.6480998E-8,0.115289554,7.693287E-7
2010-07-16T12:00:00Z,0.0,18.5,71.75,0.09453469,0.03742119,1.1797365E-7,0.10663056,2.487871E-6
2010-07-16T12:00:00Z,0.0,18.5,72.0,0.09852,0.038453545,NaN,0.1091874,NaN
2010-07-16T12:00:00Z,0.0,18.75,68.0,0.1645053,0.0682791,2.4205107E-7,0.17975652,5.0387903E-6
2010-07-16T12:00:00Z,0.0,18.75,68.25,0.16774984,0.07468186,2.3352703E-7,0.18516836,4.8613424E-6
2010-07-16T12:00:00Z,0.0,18.75,68.5,0.17637195,0.07301284,1.2602919E-7,0.19330978,2.6235573E-6
2010-07-16T12:00:00Z,0.0,18.75,68.75,0.17533322,0.065070905,1.8326742E-7,0.18979573,3.8150865E-6
2010-07-16T12:00:00Z,0.0,18.75,69.0,0.16491207,0.05953634,4.889003E-8,0.17777108,1.017745E-6
2010-07-16T12:00:00Z,0.0,18.75,69.25,0.16769537,0.05386379,1.8414127E-7,0.17855014,3.8332696E-6
2010-07-16T12:00:00Z,0.0,18.75,69.5,0.16495213,0.056562554,1.004505E-7,0.17687653,2.0910884E-6
2010-07-16T12:00:00Z,0.0,18.75,69.75,0.15480296,0.05445203,3.5867942E-9,0.1672775,7.466923E-8
2010-07-16T12:00:00Z,0.0,18.75,70.0,0.14564744,0.049987517,9.7640175E-8,0.15741019,2.0325779E-6
2010-07-16T12:00:00Z,0.0,18.75,70.25,0.133058,0.046121765,3.8169464E-8,0.14471675,7.9457976E-7
2010-07-16T12:00:00Z,0.0,18.75,70.5,0.13311622,0.042790666,1.748431E-8,0.14354832,3.6397515E-7
2010-07-16T12:00:00Z,0.0,18.75,70.75,0.12714928,0.039664228,-9.480304E-8,0.13738568,-1.9735305E-6
2010-07-16T12:00:00Z,0.0,18.75,71.0,0.12516911,0.042362127,-1.0303941E-8,0.13642718,-2.1449276E-7
2010-07-16T12:00:00Z,0.0,18.75,71.25,0.113202915,0.039429948,2.6204434E-8,0.12433803,5.455012E-7
2010-07-16T12:00:00Z,0.0,18.75,71.5,0.10488738,0.036943335,-2.2929451E-7,0.11631904,-4.7732265E-6
2010-07-16T12:00:00Z,0.0,18.75,71.75,0.0964153,0.040132128,-5.7385964E-8,0.10961092,-1.1946119E-6
2010-07-16T12:00:00Z,0.0,18.75,72.0,0.08550058,0.036670893,NaN,0.09744421,NaN
2010-07-16T12:00:00Z,0.0,19.0,68.0,0.15899928,0.069473654,6.04839E-8,0.17597438,1.2431309E-6
2010-07-16T12:00:00Z,0.0,19.0,68.25,0.1615814,0.06909729,1.3251434E-7,0.17803253,2.723573E-6
2010-07-16T12:00:00Z,0.0,19.0,68.5,0.17043637,0.07660592,1.5960156E-7,0.18885328,3.2803016E-6
2010-07-16T12:00:00Z,0.0,19.0,68.75,0.16206871,0.062387124,2.637797E-7,0.17716676,5.4214847E-6
2010-07-16T12:00:00Z,0.0,19.0,69.0,0.16051045,0.057707682,1.0758658E-7,0.17408626,2.211229E-6
2010-07-16T12:00:00Z,0.0,19.0,69.25,0.15343654,0.04538645,7.7870126E-8,0.16529055,1.6004778E-6
2010-07-16T12:00:00Z,0.0,19.0,69.5,0.14911218,0.04479677,2.585273E-7,0.16412395,5.3135286E-6
2010-07-16T12:00:00Z,0.0,19.0,69.75,0.15312946,0.0508563,8.4833815E-8,0.16404647,1.7435879E-6
2010-07-16T12:00:00Z,0.0,19.0,70.0,0.1410492,0.047272258,5.0440253E-8,0.15255249,1.0366904E-6
2010-07-16T12:00:00Z,0.0,19.0,70.25,0.12953909,0.044698376,5.785546E-8,0.14146475,1.1891069E-6
2010-07-16T12:00:00Z,0.0,19.0,70.5,0.13007437,0.04034902,9.339126E-8,0.13985138,1.919482E-6
2010-07-16T12:00:00Z,0.0,19.0,70.75,0.12966152,0.041111775,2.2447801E-7,0.14041798,4.613707E-6
2010-07-16T12:00:00Z,0.0,19.0,71.0,0.123779766,0.045600735,2.2001937E-7,0.13671389,4.522074E-6
2010-07-16T12:00:00Z,0.0,19.0,71.25,0.1180192,0.04498227,9.7008616E-8,0.1325784,1.9938184E-6
2010-07-16T12:00:00Z,0.0,19.0,71.5,0.11534769,0.04566513,-1.9384842E-7,0.13053386,-3.9841766E-6
2010-07-16T12:00:00Z,0.0,19.0,71.75,0.09958083,0.04497964,-1.5231803E-8,0.11576864,-3.130588E-7
2010-07-16T12:00:00Z,0.0,19.0,72.0,0.08229033,0.03695956,NaN,0.0951209,NaN
2010-07-16T12:00:00Z,0.0,19.25,68.0,0.15364315,0.062351786,3.61814E-8,0.16843814,7.343357E-7
2010-07-16T12:00:00Z,0.0,19.25,68.25,0.15859674,0.06330814,1.0200645E-7,0.1727837,2.070325E-6
2010-07-16T12:00:00Z,0.0,19.25,68.5,0.15733583,0.063368596,1.8642599E-7,0.17130615,3.7837171E-6
2010-07-16T12:00:00Z,0.0,19.25,68.75,0.14833266,0.05659305,2.1358514E-7,0.16203113,4.334945E-6
2010-07-16T12:00:00Z,0.0,19.25,69.0,0.14855023,0.049947996,1.6984252E-7,0.16452497,3.4471373E-6
2010-07-16T12:00:00Z,0.0,19.25,69.25,0.14601211,0.043167353,1.12268175E-7,0.16171463,2.2786091E-6
2010-07-16T12:00:00Z,0.0,19.25,69.5,0.13878211,0.049590852,7.389797E-8,0.15057862,1.4998252E-6
2010-07-16T12:00:00Z,0.0,19.25,69.75,0.15250394,0.05172369,1.5838776E-7,0.16417594,3.2146556E-6
2010-07-16T12:00:00Z,0.0,19.25,70.0,0.13662446,0.03944998,-2.2972152E-8,0.15010884,-4.6624663E-7
2010-07-16T12:00:00Z,0.0,19.25,70.25,0.12636526,0.036423396,8.5930395E-8,0.13735701,1.7440484E-6
2010-07-16T12:00:00Z,0.0,19.25,70.5,0.12551822,0.039972004,2.2895021E-7,0.13589801,4.646785E-6
2010-07-16T12:00:00Z,0.0,19.25,70.75,0.11676425,0.03988999,2.445336E-7,0.12844346,4.963068E-6
2010-07-16T12:00:00Z,0.0,19.25,71.0,0.1131294,0.043884054,1.7605923E-7,0.12765427,3.5733074E-6
2010-07-16T12:00:00Z,0.0,19.25,71.25,0.11442967,0.042156443,1.5318191E-9,0.13112763,3.1082113E-8
2010-07-16T12:00:00Z,0.0,19.25,71.5,0.111725606,0.04266021,2.994081E-8,0.12789504,6.076924E-7
2010-07-16T12:00:00Z,0.0,19.25,71.75,0.0961205,0.04032454,-7.328384E-8,0.111136295,-1.4873742E-6
2010-07-16T12:00:00Z,0.0,19.25,72.0,0.079422176,0.040158562,NaN,0.09650273,NaN
2010-07-16T12:00:00Z,0.0,19.5,68.0,0.16493422,0.068440504,1.087141E-7,0.18027997,2.179259E-6
2010-07-16T12:00:00Z,0.0,19.5,68.25,0.15386347,0.063036755,2.1780993E-8,0.1686233,4.366183E-7
2010-07-16T12:00:00Z,0.0,19.5,68.5,0.15082146,0.057660922,7.9562824E-8,0.16392271,1.5949038E-6
2010-07-16T12:00:00Z,0.0,19.5,68.75,0.14247519,0.049261864,-6.575726E-9,0.15392612,-1.318178E-7
2010-07-16T12:00:00Z,0.0,19.5,69.0,0.14355917,0.04833314,1.7253209E-8,0.15411477,3.458528E-7
2010-07-16T12:00:00Z,0.0,19.5,69.25,0.13973229,0.04860642,4.2275897E-8,0.15051283,8.474476E-7
2010-07-16T12:00:00Z,0.0,19.5,69.5,0.14047895,0.04683728,1.4932937E-7,0.15081792,2.9934279E-6
2010-07-16T12:00:00Z,0.0,19.5,69.75,0.14578997,0.050986245,2.5839765E-7,0.1583888,5.1797924E-6
2010-07-16T12:00:00Z,0.0,19.5,70.0,0.13308735,0.04041112,1.2387368E-7,0.1429591,2.483146E-6
2010-07-16T12:00:00Z,0.0,19.5,70.25,0.12441644,0.038792435,1.6221081E-7,0.133907,3.2516568E-6
2010-07-16T12:00:00Z,0.0,19.5,70.5,0.11883945,0.03571891,1.961986E-7,0.12871547,3.932962E-6
2010-07-16T12:00:00Z,0.0,19.5,70.75,0.113464154,0.03919987,2.1952383E-7,0.12607735,4.4005324E-6
2010-07-16T12:00:00Z,0.0,19.5,71.0,0.1073853,0.04416227,6.1759615E-9,0.12247745,1.2380217E-7
2010-07-16T12:00:00Z,0.0,19.5,71.25,0.114377566,0.044202887,4.8002256E-8,0.13125107,9.622499E-7
2010-07-16T12:00:00Z,0.0,19.5,71.5,0.104958326,0.044971246,1.4439047E-7,0.12376189,2.8944114E-6
2010-07-16T12:00:00Z,0.0,19.5,71.75,0.090556815,0.043390892,-4.4801688E-8,0.110158324,-8.980771E-7
2010-07-16T12:00:00Z,0.0,19.5,72.0,0.091766745,0.03965432,NaN,0.10778888,NaN
2010-07-16T12:00:00Z,0.0,19.75,68.0,0.1547487,0.06003295,1.770566E-7,0.16810161,3.5060723E-6
2010-07-16T12:00:00Z,0.0,19.75,68.25,0.14531557,0.05720177,1.3993566E-7,0.15824187,2.771005E-6
2010-07-16T12:00:00Z,0.0,19.75,68.5,0.13848637,0.049803443,-7.1511685E-9,0.14972714,-1.4159426E-7
2010-07-16T12:00:00Z,0.0,19.75,68.75,0.14112185,0.048388418,7.894375E-9,0.15113552,1.5630619E-7
2010-07-16T12:00:00Z,0.0,19.75,69.0,0.14400582,0.04847392,1.8452968E-7,0.15373823,3.654061E-6
2010-07-16T12:00:00Z,0.0,19.75,69.25,0.13730098,0.051641867,1.1362625E-7,0.14967315,2.2500267E-6
2010-07-16T12:00:00Z,0.0,19.75,69.5,0.13027762,0.046712704,2.3609826E-7,0.14596185,4.675214E-6
2010-07-16T12:00:00Z,0.0,19.75,69.75,0.13248569,0.04458557,2.6231774E-7,0.14343315,5.1944203E-6
2010-07-16T12:00:00Z,0.0,19.75,70.0,0.12555012,0.03990863,1.5601378E-7,0.13572249,3.0893814E-6
2010-07-16T12:00:00Z,0.0,19.75,70.25,0.12278832,0.038802717,NaN,0.13298284,NaN
2010-07-16T12:00:00Z,0.0,19.75,70.5,0.1224271,0.039712887,NaN,0.13309075,NaN
2010-07-16T12:00:00Z,0.0,19.75,70.75,0.111285284,0.040638883,NaN,0.123217724,NaN
2010-07-16T12:00:00Z,0.0,19.75,71.0,0.107263714,0.043644737,NaN,0.122146696,NaN
2010-07-16T12:00:00Z,0.0,19.75,71.25,0.10657782,0.04425815,NaN,0.123519115,NaN
2010-07-16T12:00:00Z,0.0,19.75,71.5,0.094210185,0.03719908,NaN,0.1097756,NaN
2010-07-16T12:00:00Z,0.0,19.75,71.75,0.09090623,0.0379123,NaN,0.107887134,NaN
2010-07-16T12:00:00Z,0.0,19.75,72.0,0.09323506,0.03983821,NaN,0.11141994,NaN
2010-07-16T12:00:00Z,0.0,20.0,68.0,0.14664195,0.051223304,1.639808E-7,0.15936014,3.2081857E-6
2010-07-16T12:00:00Z,0.0,20.0,68.25,0.1411341,0.058205005,3.6673018E-7,0.15593772,7.174861E-6
2010-07-16T12:00:00Z,0.0,20.0,68.5,0.14333855,0.056144495,8.838964E-8,0.15666746,1.7292948E-6
2010-07-16T12:00:00Z,0.0,20.0,68.75,0.1444705,0.051473,8.81261E-9,0.15532567,1.7240336E-7
2010-07-16T12:00:00Z,0.0,20.0,69.0,0.13840036,0.04797056,1.114333E-7,0.14865576,2.180128E-6
2010-07-16T12:00:00Z,0.0,20.0,69.25,0.13279916,0.047144305,1.2504643E-7,0.14344169,2.4464566E-6
2010-07-16T12:00:00Z,0.0,20.0,69.5,0.12618941,0.0418653,2.647598E-8,0.13878088,5.1798355E-7
2010-07-16T12:00:00Z,0.0,20.0,69.75,0.11586077,0.03604592,1.999487E-7,0.12920313,3.911884E-6
2010-07-16T12:00:00Z,0.0,20.0,70.0,0.12718193,0.044296075,NaN,0.13945445,NaN
2010-07-16T12:00:00Z,0.0,20.0,70.25,NaN,NaN,NaN,NaN,NaN
2010-07-16T12:00:00Z,0.0,20.0,70.5,NaN,NaN,NaN,NaN,NaN
2010-07-16T12:00:00Z,0.0,20.0,70.75,NaN,NaN,NaN,NaN,NaN
2010-07-16T12:00:00Z,0.0,20.0,71.0,NaN,NaN,NaN,NaN,NaN
2010-07-16T12:00:00Z,0.0,20.0,71.25,NaN,NaN,NaN,NaN,NaN
2010-07-16T12:00:00Z,0.0,20.0,71.5,NaN,NaN,NaN,NaN,NaN
2010-07-16T12:00:00Z,0.0,20.0,71.75,NaN,NaN,NaN,NaN,NaN
2010-07-16T12:00:00Z,0.0,20.0,72.0,NaN,NaN,NaN,NaN,NaN
