time,latitude,longitude,uwnd,vwnd,wspd,upstr,vpstr,nobs
UTC,degrees_north,degrees_east,m/s,m/s,m/s,m2/s2,m2/s2,count
2010-08-01T00:00:00Z,6.125,68.125,5.839895,-0.5768174,6.221389,38.790207,-3.5707746,69.0
2010-08-01T00:00:00Z,6.125,68.375,5.885674,-0.6653238,6.2797575,39.034363,-4.4863577,70.0
2010-08-01T00:00:00Z,6.125,68.625,5.8826222,-0.7416224,6.278613,38.973324,-4.9441495,73.0
2010-08-01T00:00:00Z,6.125,68.875,5.9100895,-0.88048583,6.322103,39.431118,-5.920771,74.0
2010-08-01T00:00:00Z,6.125,69.125,5.77733,-1.0086675,6.2282557,37.905144,-6.6837573,74.0
2010-08-01T00:00:00Z,6.125,69.375,5.658304,-1.251297,6.1630206,36.928524,-8.301288,74.0
2010-08-01T00:00:00Z,6.125,69.625,5.681194,-1.4542513,6.207655,37.294754,-9.674663,74.0
2010-08-01T00:00:00Z,6.125,69.875,5.6934013,-1.5870109,6.25229,37.59995,-10.773362,73.0
2010-08-01T00:00:00Z,6.125,70.125,5.7025576,-1.7319782,6.3060803,37.905144,-11.99414,70.0
2010-08-01T00:00:00Z,6.125,70.375,5.8093753,-1.8952572,6.4445624,39.431118,-13.306476,70.0
2010-08-01T00:00:00Z,6.125,70.625,5.8627844,-1.9486662,6.534976,40.28566,-13.886345,71.0
2010-08-01T00:00:00Z,6.125,70.875,5.832265,-2.0982115,6.532687,40.041504,-14.8629675,75.0
2010-08-01T00:00:00Z,6.125,71.125,5.873466,-2.287432,6.620812,40.92657,-16.35842,74.0
2010-08-01T00:00:00Z,6.125,71.375,5.832265,-2.5361655,6.6528573,40.92657,-18.250626,70.0
2010-08-01T00:00:00Z,6.125,71.625,5.77733,-2.6887627,6.6723137,40.743454,-19.501923,66.0
2010-08-01T00:00:00Z,6.125,71.875,5.713239,-2.7482755,6.6414127,40.16358,-19.898674,65.0
2010-08-01T00:00:00Z,6.125,72.125,5.8017454,-2.7894769,6.7467046,41.323322,-20.356466,66.0
2010-08-01T00:00:00Z,6.375,68.125,5.9085636,-0.50967467,6.2831907,39.27852,-3.1740217,68.0
2010-08-01T00:00:00Z,6.375,68.375,5.9573946,-0.7507782,6.3564377,39.980465,-4.852591,67.0
2010-08-01T00:00:00Z,6.375,68.625,6.0184336,-0.9384728,6.429684,40.865532,-6.225966,68.0
2010-08-01T00:00:00Z,6.375,68.875,5.9024596,-1.0330831,6.3278255,39.553196,-6.714277,71.0
2010-08-01T00:00:00Z,6.375,69.125,5.885674,-1.1460049,6.3346925,39.522675,-7.416224,73.0
2010-08-01T00:00:00Z,6.375,69.375,5.893304,-1.2924982,6.3724604,39.675274,-8.514924,72.0
2010-08-01T00:00:00Z,6.375,69.625,5.829213,-1.414576,6.3404145,38.973324,-9.613624,76.0
2010-08-01T00:00:00Z,6.375,69.875,5.76207,-1.5732771,6.2992134,38.271378,-10.742843,70.0
2010-08-01T00:00:00Z,6.375,70.125,5.899408,-1.7686015,6.469741,40.102543,-12.4824505,67.0
2010-08-01T00:00:00Z,6.375,70.375,5.948239,-1.8616859,6.555577,40.92657,-13.153878,71.0
2010-08-01T00:00:00Z,6.375,70.625,5.9573946,-2.0081792,6.6265345,41.41488,-14.374657,70.0
2010-08-01T00:00:00Z,6.375,70.875,5.986388,-2.1470425,6.6814694,41.933712,-15.351278,74.0
2010-08-01T00:00:00Z,6.375,71.125,6.0306416,-2.348471,6.769594,43.06293,-17.029848,74.0
2010-08-01T00:00:00Z,6.375,71.375,5.932979,-2.5987303,6.7650166,42.269424,-18.861013,68.0
2010-08-01T00:00:00Z,6.375,71.625,5.928401,-2.6948667,6.8085065,42.57462,-19.837637,64.0
2010-08-01T00:00:00Z,6.375,71.875,5.8673625,-2.7955806,6.797062,42.02527,-20.478544,67.0
2010-08-01T00:00:00Z,6.375,72.125,5.9131417,-2.7559054,6.825674,42.42202,-20.234388,67.0
2010-08-01T00:00:00Z,6.625,68.125,6.0825243,-0.5661356,6.4445624,41.38436,-3.6012938,68.0
2010-08-01T00:00:00Z,6.625,68.375,6.09931,-0.72788864,6.469741,41.56748,-4.730513,71.0
2010-08-01T00:00:00Z,6.625,68.625,5.9848623,-0.9171092,6.388483,40.43826,-5.98181,70.0
2010-08-01T00:00:00Z,6.625,68.875,5.9787583,-0.9873039,6.394205,40.407738,-6.5616794,73.0
2010-08-01T00:00:00Z,6.625,69.125,6.055057,-1.0925959,6.4857635,41.35384,-7.355185,72.0
2010-08-01T00:00:00Z,6.625,69.375,6.0748944,-1.2665567,6.532687,41.781113,-8.545444,71.0
2010-08-01T00:00:00Z,6.625,69.625,6.0794725,-1.3947384,6.54871,41.781113,-9.674663,75.0
2010-08-01T00:00:00Z,6.625,69.875,6.0687904,-1.5656472,6.591056,41.933712,-10.864921,75.0
2010-08-01T00:00:00Z,6.625,70.125,6.1267776,-1.6556796,6.6746025,42.879814,-11.719465,73.0
2010-08-01T00:00:00Z,6.625,70.375,6.164927,-1.8204846,6.7364044,43.58176,-13.09284,72.0
2010-08-01T00:00:00Z,6.625,70.625,6.097784,-2.026491,6.748994,43.12397,-14.588292,72.0
2010-08-01T00:00:00Z,6.625,70.875,6.103888,-2.2172372,6.800495,43.490204,-16.022705,74.0
2010-08-01T00:00:00Z,6.625,71.125,6.1328816,-2.3728864,6.880609,44.497345,-17.335041,72.0
2010-08-01T00:00:00Z,6.625,71.375,6.0321674,-2.6612952,6.889765,43.795395,-19.562962,65.0
2010-08-01T00:00:00Z,6.625,71.625,6.0046997,-2.6643472,6.8771753,43.490204,-19.715559,63.0
2010-08-01T00:00:00Z,6.625,71.875,5.952817,-2.829152,6.900065,43.215527,-20.875298,64.0
2010-08-01T00:00:00Z,6.625,72.125,6.0108037,-2.7879508,6.9366884,43.764877,-20.600622,66.0
2010-08-01T00:00:00Z,6.875,68.125,6.206128,-0.44863576,6.546421,42.727215,-2.7467496,70.0
2010-08-01T00:00:00Z,6.875,68.375,6.1435633,-0.6851614,6.5132313,42.147346,-4.394799,71.0
2010-08-01T00:00:00Z,6.875,68.625,6.152719,-0.87133,6.5452766,42.45254,-5.768174,70.0
2010-08-01T00:00:00Z,6.875,68.875,6.146615,-1.0239272,6.565877,42.51358,-6.897393,70.0
2010-08-01T00:00:00Z,6.875,69.125,6.2244396,-1.141427,6.6528573,43.490204,-7.7824574,73.0
2010-08-01T00:00:00Z,6.875,69.375,6.221388,-1.3230177,6.6860476,43.673317,-9.033754,70.0
2010-08-01T00:00:00Z,6.875,69.625,6.262589,-1.4634072,6.7432714,44.19215,-10.193493,72.0
2010-08-01T00:00:00Z,6.875,69.875,6.274797,-1.5931147,6.7890506,44.497345,-11.2311535,71.0
2010-08-01T00:00:00Z,6.875,70.125,6.3526216,-1.6617835,6.886331,45.65708,-11.902581,70.0
2010-08-01T00:00:00Z,6.875,70.375,6.2503815,-1.85253,6.8153734,44.68046,-13.336995,72.0
2010-08-01T00:00:00Z,6.875,70.625,6.31905,-2.0936337,6.948133,46.145393,-15.320759,75.0
2010-08-01T00:00:00Z,6.875,70.875,6.218336,-2.2538607,6.9252434,45.04669,-16.511017,72.0
2010-08-01T00:00:00Z,6.875,71.125,6.248855,-2.4339254,7.0133686,46.145393,-17.94543,72.0
2010-08-01T00:00:00Z,6.875,71.375,6.265641,-2.4751265,7.047703,46.572666,-18.433743,69.0
2010-08-01T00:00:00Z,6.875,71.625,6.207654,-2.5956783,7.0545697,46.26747,-19.410364,65.0
2010-08-01T00:00:00Z,6.875,71.875,6.171031,-2.8276262,7.107216,46.29799,-21.24153,64.0
2010-08-01T00:00:00Z,6.875,72.125,6.138985,-2.9237623,7.1220937,46.023315,-22.157114,63.0
2010-08-01T00:00:00Z,7.125,68.125,6.2961607,-0.42269424,6.629968,44.009033,-2.5331135,69.0
2010-08-01T00:00:00Z,7.125,68.375,6.2854786,-0.55240184,6.6311126,43.795395,-3.5097356,70.0
2010-08-01T00:00:00Z,7.125,68.625,6.390771,-0.7156809,6.732971,45.016174,-4.852591,74.0
2010-08-01T00:00:00Z,7.125,68.875,6.315998,-0.88353777,6.704359,44.405785,-5.9512906,74.0
2010-08-01T00:00:00Z,7.125,69.125,6.384667,-1.0590246,6.794773,45.38241,-7.233107,73.0
2010-08-01T00:00:00Z,7.125,69.375,6.3510957,-1.2757126,6.793628,45.19929,-8.820118,71.0
2010-08-01T00:00:00Z,7.125,69.625,6.398401,-1.4374657,6.862297,45.901237,-10.101934,72.0
2010-08-01T00:00:00Z,7.125,69.875,6.4655433,-1.5702252,6.955,47.122017,-11.139596,71.0
2010-08-01T00:00:00Z,7.125,70.125,6.325154,-1.8006469,6.8783197,45.504486,-12.848684,68.0
2010-08-01T00:00:00Z,7.125,70.375,6.213758,-1.9166209,6.8176627,44.436306,-13.794786,66.0
2010-08-01T00:00:00Z,7.125,70.625,6.2320695,-2.06464,6.869164,44.77202,-14.954526,69.0
2010-08-01T00:00:00Z,7.125,70.875,6.2458034,-2.2172372,6.937833,45.504486,-16.205822,68.0
2010-08-01T00:00:00Z,7.125,71.125,6.343466,-2.3103216,7.0534253,47.030457,-17.090887,69.0
2010-08-01T00:00:00Z,7.125,71.375,6.369407,-2.4797046,7.1472726,47.97656,-18.677896,66.0
2010-08-01T00:00:00Z,7.125,71.625,6.3587255,-2.612464,7.1884737,48.220715,-19.868155,64.0
2010-08-01T00:00:00Z,7.125,71.875,6.253433,-2.9313922,7.217086,47.36617,-22.40127,61.0
2010-08-01T00:00:00Z,7.125,72.125,6.145089,-3.0351584,7.167873,46.26747,-23.103216,60.0
2010-08-01T00:00:00Z,7.375,68.125,6.4045043,-0.37996703,6.7169485,45.26033,-2.1973996,70.0
2010-08-01T00:00:00Z,7.375,68.375,6.4212904,-0.5691876,6.7501383,45.565525,-3.6012938,69.0
2010-08-01T00:00:00Z,7.375,68.625,6.4289203,-0.7462003,6.7741723,45.71812,-4.8831105,71.0
2010-08-01T00:00:00Z,7.375,68.875,6.473173,-0.9461026,6.8462744,46.359028,-6.4090824,72.0
2010-08-01T00:00:00Z,7.375,69.125,6.5509977,-1.1612647,6.9447,47.51877,-7.9960933,71.0
2010-08-01T00:00:00Z,7.375,69.375,6.5525236,-1.3535372,6.9778895,47.823963,-9.430507,70.0
2010-08-01T00:00:00Z,7.375,69.625,6.5784655,-1.4832448,7.024813,48.251236,-10.407129,69.0
2010-08-01T00:00:00Z,7.375,69.875,6.5113225,-1.6327901,7.0019236,47.549286,-11.780504,68.0
2010-08-01T00:00:00Z,7.375,70.125,6.3938227,-1.8250625,6.9492774,46.45059,-13.123359,64.0
2010-08-01T00:00:00Z,7.375,70.375,6.386193,-1.9257767,6.9733114,46.633705,-14.130501,67.0
2010-08-01T00:00:00Z,7.375,70.625,6.377037,-2.0585363,6.9996347,46.755783,-15.168161,69.0
2010-08-01T00:00:00Z,7.375,70.875,6.392297,-2.1729841,7.0568585,47.274612,-16.144783,68.0
2010-08-01T00:00:00Z,7.375,71.125,6.4518094,-2.3667827,7.1667285,48.49539,-17.792833,67.0
2010-08-01T00:00:00Z,7.375,71.375,6.5723615,-2.4079838,7.280032,50.173958,-18.433743,69.0
2010-08-01T00:00:00Z,7.375,71.625,6.5082707,-2.5422695,7.280032,49.563572,-19.501923,67.0
2010-08-01T00:00:00Z,7.375,71.875,6.532686,-2.8001587,7.4047804,50.66227,-21.912958,62.0
2010-08-01T00:00:00Z,7.375,72.125,6.3556733,-2.8749313,7.2880435,48.52591,-22.126595,62.0
2010-08-01T00:00:00Z,7.625,68.125,6.6288223,-0.3860709,6.926388,48.342793,-2.1973996,71.0
2010-08-01T00:00:00Z,7.625,68.375,6.5723615,-0.5951291,6.8840423,47.51877,-3.7538912,70.0
2010-08-01T00:00:00Z,7.625,68.625,6.575413,-0.819447,6.910365,47.640846,-5.3103824,70.0
2010-08-01T00:00:00Z,7.625,68.875,6.6074586,-0.9918818,6.968734,48.220715,-6.7447963,72.0
2010-08-01T00:00:00Z,7.625,69.125,6.67155,-1.2467191,7.062581,49.349934,-8.637002,69.0
2010-08-01T00:00:00Z,7.625,69.375,6.6791797,-1.4405175,7.1014934,49.62461,-10.193493,68.0
2010-08-01T00:00:00Z,7.625,69.625,6.642556,-1.5427577,7.095771,49.227856,-10.986999,66.0
2010-08-01T00:00:00Z,7.625,69.875,6.66392,-1.6282121,7.136972,49.563572,-11.902581,69.0
2010-08-01T00:00:00Z,7.625,70.125,6.534212,-1.8326924,7.091193,48.49539,-13.398034,62.0
2010-08-01T00:00:00Z,7.625,70.375,6.467069,-1.9181468,7.0591474,47.79344,-14.19154,63.0
2010-08-01T00:00:00Z,7.625,70.625,6.4289203,-2.0921075,7.0683036,47.549286,-15.564915,65.0
2010-08-01T00:00:00Z,7.625,70.875,6.438076,-2.229445,7.1323943,48.159676,-16.755173,62.0
2010-08-01T00:00:00Z,7.625,71.125,6.5601535,-2.2813282,7.247987,49.807728,-17.39608,63.0
2010-08-01T00:00:00Z,7.625,71.375,6.549472,-2.3499968,7.260576,49.777206,-17.97595,62.0
2010-08-01T00:00:00Z,7.625,71.625,6.602881,-2.4323993,7.3292446,50.60123,-18.738935,63.0
2010-08-01T00:00:00Z,7.625,71.875,6.5784655,-2.6902885,7.4127917,51.120064,-20.966856,61.0
2010-08-01T00:00:00Z,7.625,72.125,6.5189524,-2.7833729,7.3933353,50.509674,-21.699322,64.0
2010-08-01T00:00:00Z,7.875,68.125,6.6868095,-0.44253188,6.9996347,49.349934,-2.4415553,67.0
2010-08-01T00:00:00Z,7.875,68.375,6.720381,-0.5508759,7.0282464,49.563572,-3.3571384,70.0
2010-08-01T00:00:00Z,7.875,68.625,6.6791797,-0.8591222,7.0179462,49.1363,-5.6766157,65.0
2010-08-01T00:00:00Z,7.875,68.875,6.706647,-0.9949337,7.0740256,49.62461,-6.866874,67.0
2010-08-01T00:00:00Z,7.875,69.125,6.718855,-1.2696087,7.117516,50.05188,-8.881157,68.0
2010-08-01T00:00:00Z,7.875,69.375,6.8348284,-1.471037,7.2628646,51.82201,-10.681804,65.0
2010-08-01T00:00:00Z,7.875,69.625,6.6807055,-1.5961667,7.146128,49.777206,-11.505829,60.0
2010-08-01T00:00:00Z,7.875,69.875,6.697491,-1.6190563,7.191907,50.26552,-11.780504,66.0
2010-08-01T00:00:00Z,7.875,70.125,6.665446,-1.7197704,7.206785,50.20448,-12.696087,63.0
2010-08-01T00:00:00Z,7.875,70.375,6.705121,-1.9562961,7.3006325,51.15058,-14.74089,66.0
2010-08-01T00:00:00Z,7.875,70.625,6.5509977,-2.0982115,7.1976295,49.319416,-15.748031,63.0
2010-08-01T00:00:00Z,7.875,70.875,6.593725,-2.2538607,7.292621,50.296036,-17.243484,63.0
2010-08-01T00:00:00Z,7.875,71.125,6.650186,-2.346945,7.3693013,51.27266,-18.189587,64.0
2010-08-01T00:00:00Z,7.875,71.375,6.65629,-2.400354,7.3841796,51.516815,-18.738935,59.0
2010-08-01T00:00:00Z,7.875,71.625,6.802783,-2.4858084,7.5272393,53.56162,-19.715559,64.0
2010-08-01T00:00:00Z,7.875,71.875,6.763108,-2.5514252,7.523806,53.40902,-20.234388,60.0
2010-08-01T00:00:00Z,7.875,72.125,6.697491,-2.5849965,7.486038,52.40188,-20.417505,58.0
2010-08-01T00:00:00Z,8.125,68.125,6.7768416,-0.3540255,7.0774593,50.418114,-1.8006469,68.0
2010-08-01T00:00:00Z,8.125,68.375,6.7722635,-0.5340902,7.07517,50.173958,-3.2655802,68.0
2010-08-01T00:00:00Z,8.125,68.625,6.802783,-0.7416224,7.1323943,50.845387,-4.852591,65.0
2010-08-01T00:00:00Z,8.125,68.875,6.814991,-0.98882985,7.172451,51.120064,-6.897393,65.0
2010-08-01T00:00:00Z,8.125,69.125,6.8912897,-1.1811023,7.2765985,52.40188,-8.545444,65.0
2010-08-01T00:00:00Z,8.125,69.375,6.9141793,-1.3611671,7.332678,52.920708,-10.010376,65.0
2010-08-01T00:00:00Z,8.125,69.625,6.7982054,-1.5519135,7.265154,51.638893,-11.353231,63.0
2010-08-01T00:00:00Z,8.125,69.875,6.8897634,-1.7212964,7.389902,53.134346,-12.848684,61.0
2010-08-01T00:00:00Z,8.125,70.125,6.7493744,-1.9547701,7.3338227,51.638893,-14.588292,60.0
2010-08-01T00:00:00Z,8.125,70.375,6.7417445,-2.06464,7.363579,51.82201,-15.595434,63.0
2010-08-01T00:00:00Z,8.125,70.625,6.697491,-2.1989257,7.3601456,51.486294,-16.724653,60.0
2010-08-01T00:00:00Z,8.125,70.875,6.720381,-2.3103216,7.4322476,52.188244,-17.884392,60.0
2010-08-01T00:00:00Z,8.125,71.125,6.6883354,-2.395776,7.4253807,51.88305,-18.738935,59.0
2010-08-01T00:00:00Z,8.125,71.375,6.7356405,-2.4781785,7.484894,52.73759,-19.593481,60.0
2010-08-01T00:00:00Z,8.125,71.625,6.746322,-2.5727887,7.5146503,53.073307,-20.356466,61.0
2010-08-01T00:00:00Z,8.125,71.875,6.8363547,-2.5788927,7.5947638,54.6298,-20.7227,58.0
2010-08-01T00:00:00Z,8.125,72.125,6.7798934,-2.5895746,7.5604296,53.714214,-20.478544,58.0
2010-08-01T00:00:00Z,8.375,68.125,6.911127,-0.27620092,7.201063,52.31032,-1.251297,66.0
2010-08-01T00:00:00Z,8.375,68.375,6.930965,-0.44863576,7.2262416,52.493435,-2.624672,66.0
2010-08-01T00:00:00Z,8.375,68.625,6.9355426,-0.67295367,7.26172,52.79863,-4.3642797,62.0
2010-08-01T00:00:00Z,8.375,68.875,6.8989196,-0.9735701,7.26172,52.493435,-6.8363547,60.0
2010-08-01T00:00:00Z,8.375,69.125,6.9965816,-1.1017518,7.363579,53.836292,-7.9960933,64.0
2010-08-01T00:00:00Z,8.375,69.375,6.999634,-1.255875,7.3979135,53.92785,-9.308429,61.0
2010-08-01T00:00:00Z,8.375,69.625,6.930965,-1.5442836,7.3933353,53.622658,-11.475309,61.0
2010-08-01T00:00:00Z,8.375,69.875,6.9569063,-1.7518159,7.457426,54.141487,-13.123359,60.0
2010-08-01T00:00:00Z,8.375,70.125,6.9340167,-1.8387963,7.4803157,54.110966,-14.038942,63.0
2010-08-01T00:00:00Z,8.375,70.375,6.8882375,-2.0509064,7.4940495,53.92785,-15.717511,63.0
2010-08-01T00:00:00Z,8.375,70.625,6.8790817,-2.0997374,7.499772,53.775253,-16.266861,59.0
2010-08-01T00:00:00Z,8.375,70.875,6.8912897,-2.3118477,7.595908,54.690838,-18.159067,55.0
2010-08-01T00:00:00Z,8.375,71.125,6.7493744,-2.4629188,7.510072,53.073307,-19.440884,54.0
2010-08-01T00:00:00Z,8.375,71.375,6.8409324,-2.397302,7.556996,54.01941,-19.07465,55.0
2010-08-01T00:00:00Z,8.375,71.625,6.694439,-2.5712628,7.4723043,52.188244,-20.234388,58.0
2010-08-01T00:00:00Z,8.375,71.875,6.87603,-2.508698,7.5970526,54.4772,-20.051271,59.0
2010-08-01T00:00:00Z,8.375,72.125,6.8684,-2.549899,7.6084976,54.812916,-20.234388,58.0
2010-08-01T00:00:00Z,8.625,68.125,6.999634,-0.21973997,7.2937655,53.683697,-0.82402486,62.0
2010-08-01T00:00:00Z,8.625,68.375,7.1079774,-0.3769151,7.4013467,55.209667,-2.136361,64.0
2010-08-01T00:00:00Z,8.625,68.625,7.0988216,-0.57376546,7.4047804,55.08759,-3.6928523,65.0
2010-08-01T00:00:00Z,8.625,68.875,7.08051,-0.8484404,7.4116473,54.934994,-5.98181,65.0
2010-08-01T00:00:00Z,8.625,69.125,7.083562,-1.0040896,7.43797,55.02655,-7.2636266,65.0
2010-08-01T00:00:00Z,8.625,69.375,7.086614,-1.2039919,7.4768825,55.301224,-8.972715,62.0
2010-08-01T00:00:00Z,8.625,69.625,7.09577,-1.5366538,7.532962,55.850574,-11.719465,63.0
2010-08-01T00:00:00Z,8.625,69.875,7.027101,-1.6953549,7.513506,55.057068,-13.001282,61.0
2010-08-01T00:00:00Z,8.625,70.125,7.09577,-1.9273026,7.635965,56.399925,-15.015565,64.0
2010-08-01T00:00:00Z,8.625,70.375,7.0789843,-2.0631142,7.664577,56.49148,-16.144783,62.0
2010-08-01T00:00:00Z,8.625,70.625,7.0377827,-2.1180491,7.6462655,56.064213,-16.755173,59.0
2010-08-01T00:00:00Z,8.625,70.875,7.0118413,-2.2508087,7.686322,56.18629,-17.853872,56.0
2010-08-01T00:00:00Z,8.625,71.125,6.9950557,-2.5437953,7.7206564,56.49148,-20.417505,53.0
2010-08-01T00:00:00Z,8.625,71.375,7.09577,-2.5651588,7.829382,57.7733,-20.7227,57.0
2010-08-01T00:00:00Z,8.625,71.625,6.9355426,-2.4873343,7.659999,55.54538,-19.807117,59.0
2010-08-01T00:00:00Z,8.625,71.875,6.9080753,-2.5224316,7.6451206,55.08759,-20.08179,62.0
2010-08-01T00:00:00Z,8.625,72.125,6.807361,-2.5178537,7.602775,54.172005,-19.715559,58.0
2010-08-01T00:00:00Z,8.875,68.125,7.0988216,-0.085454434,7.4002023,55.362263,0.06103888,62.0
2010-08-01T00:00:00Z,8.875,68.375,7.2010617,-0.3540255,7.497483,56.76616,-1.9227247,61.0
2010-08-01T00:00:00Z,8.875,68.625,7.2010617,-0.61191475,7.5215173,56.918755,-3.9675272,60.0
2010-08-01T00:00:00Z,8.875,68.875,7.2682047,-0.67753154,7.5901856,57.74278,-4.638955,66.0
2010-08-01T00:00:00Z,8.875,69.125,7.327718,-0.84386253,7.6691546,58.688885,-6.103888,67.0
2010-08-01T00:00:00Z,8.875,69.375,7.2559967,-1.1353232,7.6325316,57.83434,-8.545444,65.0
2010-08-01T00:00:00Z,8.875,69.625,7.2849903,-1.3474333,7.6943336,58.29213,-10.468168,64.0
2010-08-01T00:00:00Z,8.875,69.875,7.19038,-1.6099005,7.659999,57.346027,-12.4824505,61.0
2010-08-01T00:00:00Z,8.875,70.125,7.0927176,-1.9273026,7.654277,56.522003,-14.893487,60.0
2010-08-01T00:00:00Z,8.875,70.375,7.1690164,-1.9944454,7.7584243,57.7733,-15.686992,60.0
2010-08-01T00:00:00Z,8.875,70.625,7.138497,-2.069218,7.729812,57.22395,-16.419458,59.0
2010-08-01T00:00:00Z,8.875,70.875,7.1644387,-2.1623023,7.8064923,58.017456,-17.243484,58.0
2010-08-01T00:00:00Z,8.875,71.125,7.231581,-2.3789904,7.918651,59.36031,-19.166208,57.0
2010-08-01T00:00:00Z,8.875,71.375,7.130867,-2.507172,7.875161,58.505768,-20.17335,56.0
2010-08-01T00:00:00Z,8.875,71.625,6.903497,-2.5987303,7.726379,55.54538,-20.386986,57.0
2010-08-01T00:00:00Z,8.875,71.875,6.9446983,-2.5514252,7.753846,56.21681,-20.356466,59.0
2010-08-01T00:00:00Z,8.875,72.125,6.9065495,-2.610938,7.753846,56.064213,-20.936337,55.0
2010-08-01T00:00:00Z,9.125,68.125,7.327718,0.003051944,7.6039195,58.627846,0.79350543,66.0
2010-08-01T00:00:00Z,9.125,68.375,7.29262,-0.20142831,7.58103,58.109013,-0.85454434,62.0
2010-08-01T00:00:00Z,9.125,68.625,7.320088,-0.46084353,7.6348205,58.749924,-2.990905,62.0
2010-08-01T00:00:00Z,9.125,68.875,7.4345355,-0.60275894,7.75728,60.42849,-4.089605,64.0
2010-08-01T00:00:00Z,9.125,69.125,7.4391136,-0.7812977,7.784747,60.48953,-5.6766157,64.0
2010-08-01T00:00:00Z,9.125,69.375,7.353659,-1.0483427,7.740113,59.329792,-8.057132,59.0
2010-08-01T00:00:00Z,9.125,69.625,7.4208016,-1.2299334,7.820226,60.275894,-9.644143,63.0
2010-08-01T00:00:00Z,9.125,69.875,7.358237,-1.5107123,7.819082,59.604465,-11.96362,63.0
2010-08-01T00:00:00Z,9.125,70.125,7.286516,-1.6694133,7.788181,58.658363,-13.062321,64.0
2010-08-01T00:00:00Z,9.125,70.375,7.1262894,-1.8586339,7.705778,56.857716,-14.435695,60.0
2010-08-01T00:00:00Z,9.125,70.625,7.1476526,-2.0936337,7.779025,57.651222,-16.694134,56.0
2010-08-01T00:00:00Z,9.125,70.875,7.1476526,-2.2950618,7.8385377,58.23109,-18.494781,55.0
2010-08-01T00:00:00Z,9.125,71.125,7.1705422,-2.3805163,7.8728724,58.688885,-19.379845,56.0
2010-08-01T00:00:00Z,9.125,71.375,6.975218,-2.4858084,7.7584243,56.369404,-19.837637,53.0
2010-08-01T00:00:00Z,9.125,71.625,6.938595,-2.5544772,7.738968,55.850574,-20.295427,54.0
2010-08-01T00:00:00Z,9.125,71.875,6.8867116,-2.7833729,7.7733026,55.759018,-22.218153,51.0
2010-08-01T00:00:00Z,9.125,72.125,6.9080753,-2.7436976,7.808781,56.277847,-22.065556,52.0
2010-08-01T00:00:00Z,9.375,68.125,7.5520353,0.00762986,7.8099256,62.015503,0.762986,68.0
2010-08-01T00:00:00Z,9.375,68.375,7.4864187,-0.2502594,7.7618575,61.09992,-1.312336,63.0
2010-08-01T00:00:00Z,9.375,68.625,7.4909964,-0.47610328,7.791614,61.283035,-3.1740217,64.0
2010-08-01T00:00:00Z,9.375,68.875,7.5581393,-0.55392784,7.87745,62.442776,-3.9370077,65.0
2010-08-01T00:00:00Z,9.375,69.125,7.635964,-0.7523042,7.9644303,63.510956,-5.5850577,65.0
2010-08-01T00:00:00Z,9.375,69.375,7.6619053,-0.88506377,8.022799,63.968746,-6.7753158,63.0
2010-08-01T00:00:00Z,9.375,69.625,7.6130743,-1.0712323,8.001054,63.1142,-8.484405,60.0
2010-08-01T00:00:00Z,9.375,69.875,7.567295,-1.4176279,8.021654,62.747967,-11.41427,61.0
2010-08-01T00:00:00Z,9.375,70.125,7.3796005,-1.5854849,7.894617,60.30641,-12.421412,60.0
2010-08-01T00:00:00Z,9.375,70.375,7.240737,-1.7914912,7.8110704,58.566807,-14.069462,58.0
2010-08-01T00:00:00Z,9.375,70.625,7.156809,-2.0005493,7.789325,57.71226,-15.80907,55.0
2010-08-01T00:00:00Z,9.375,70.875,7.1049256,-2.127205,7.7904696,57.37655,-16.90777,55.0
2010-08-01T00:00:00Z,9.375,71.125,7.19038,-2.3301592,7.915218,59.116154,-18.983091,57.0
2010-08-01T00:00:00Z,9.375,71.375,7.1690164,-2.458341,7.9266624,59.055115,-20.08179,57.0
2010-08-01T00:00:00Z,9.375,71.625,7.046939,-2.559055,7.853416,57.468105,-20.69218,54.0
2010-08-01T00:00:00Z,9.375,71.875,6.9508023,-2.8642495,7.864861,56.949276,-23.347372,51.0
2010-08-01T00:00:00Z,9.375,72.125,7.0530424,-2.9756453,8.01021,58.872,-24.842825,52.0
2010-08-01T00:00:00Z,9.625,68.125,7.7656717,0.00762986,8.015932,65.40316,0.88506377,66.0
2010-08-01T00:00:00Z,9.625,68.375,7.6603794,-0.17090887,7.9312406,63.81615,-0.39675272,59.0
2010-08-01T00:00:00Z,9.625,68.625,7.7549896,-0.3601294,8.023943,65.12849,-2.1058414,63.0
2010-08-01T00:00:00Z,9.625,68.875,7.689373,-0.5173045,7.9930425,64.24342,-3.4486966,63.0
2010-08-01T00:00:00Z,9.625,69.125,7.678691,-0.762986,8.021654,64.39602,-5.46298,63.0
2010-08-01T00:00:00Z,9.625,69.375,7.751938,-0.8957456,8.115501,65.40316,-7.1720686,61.0
2010-08-01T00:00:00Z,9.625,69.625,7.805347,-1.036135,8.196759,66.166145,-8.301288,57.0
2010-08-01T00:00:00Z,9.625,69.875,7.684795,-1.4038942,8.165859,65.03693,-11.41427,56.0
2010-08-01T00:00:00Z,9.625,70.125,7.5230417,-1.6037966,8.050266,62.809006,-12.604528,56.0
2010-08-01T00:00:00Z,9.625,70.375,7.349081,-1.9242507,7.9667196,60.703167,-15.2292,53.0
2010-08-01T00:00:00Z,9.625,70.625,7.1674905,-1.9410363,7.812215,58.109013,-15.198681,55.0
2010-08-01T00:00:00Z,9.625,70.875,7.185802,-2.0371726,7.8717275,58.597324,-16.205822,56.0
2010-08-01T00:00:00Z,9.625,71.125,7.257523,-2.2813282,7.991898,60.092777,-18.525301,54.0
2010-08-01T00:00:00Z,9.625,71.375,7.3902826,-2.2157114,8.061711,61.49667,-18.342184,56.0
2010-08-01T00:00:00Z,9.625,71.625,7.19038,-2.4232435,7.9415407,59.177193,-19.898674,53.0
2010-08-01T00:00:00Z,9.625,71.875,7.149179,-2.5270097,7.9278073,58.78044,-20.844778,53.0
2010-08-01T00:00:00Z,9.625,72.125,7.178172,-2.728438,8.045689,59.879143,-22.88958,56.0
2010-08-01T00:00:00Z,9.875,68.125,7.9121647,0.09155832,8.170437,67.692116,1.4038942,66.0
2010-08-01T00:00:00Z,9.875,68.375,7.895379,-0.06256485,8.15327,67.295364,0.39675272,60.0
2010-08-01T00:00:00Z,9.875,68.625,7.8984313,-0.23194775,8.156703,67.26485,-1.1902581,58.0
2010-08-01T00:00:00Z,9.875,68.875,7.7961907,-0.42269424,8.077734,65.647316,-2.624672,59.0
2010-08-01T00:00:00Z,9.875,69.125,7.799243,-0.63480437,8.125802,66.01355,-4.4863577,60.0
2010-08-01T00:00:00Z,9.875,69.375,7.7015805,-0.8774339,8.099479,65.067444,-6.7753158,56.0
2010-08-01T00:00:00Z,9.875,69.625,7.678691,-0.99951166,8.114357,64.945366,-7.812977,55.0
2010-08-01T00:00:00Z,9.875,69.875,7.675639,-1.4222059,8.187604,65.12849,-11.475309,53.0
2010-08-01T00:00:00Z,9.875,70.125,7.50473,-1.4969785,8.050266,62.65641,-11.749985,57.0
2010-08-01T00:00:00Z,9.875,70.375,7.4360614,-1.5656472,8.018221,61.679787,-12.299335,56.0
2010-08-01T00:00:00Z,9.875,70.625,7.3185616,-1.7014588,7.9415407,60.092777,-13.520112,51.0
2010-08-01T00:00:00Z,9.875,70.875,7.397912,-1.9501922,8.052555,61.55771,-15.931148,56.0
2010-08-01T00:00:00Z,9.875,71.125,7.3658667,-2.0417504,8.01021,61.09992,-16.480497,55.0
2010-08-01T00:00:00Z,9.875,71.375,7.413172,-2.0951595,8.07659,61.954464,-17.090887,59.0
2010-08-01T00:00:00Z,9.875,71.625,7.3826528,-2.1973996,8.078878,61.771347,-18.159067,54.0
2010-08-01T00:00:00Z,9.875,71.875,7.1720686,-2.1180491,7.84426,58.414207,-17.212965,48.0
2010-08-01T00:00:00Z,9.875,72.125,7.3338213,-2.1638284,8.050266,60.733685,-17.97595,35.0
2010-08-01T00:00:00Z,10.125,68.125,7.94421,0.21668802,8.19447,68.08887,2.624672,65.0
2010-08-01T00:00:00Z,10.125,68.375,8.040346,-0.035097357,8.272295,69.18757,0.3662333,64.0
2010-08-01T00:00:00Z,10.125,68.625,7.968626,-0.21973997,8.228806,68.210945,-1.1597388,60.0
2010-08-01T00:00:00Z,10.125,68.875,7.9762554,-0.35707745,8.266573,68.63822,-2.227919,58.0
2010-08-01T00:00:00Z,10.125,69.125,7.9381065,-0.59207714,8.255128,68.08887,-4.211683,60.0
2010-08-01T00:00:00Z,10.125,69.375,7.8770676,-0.75993407,8.2539835,67.72264,-5.8597326,57.0
2010-08-01T00:00:00Z,10.125,69.625,7.8572297,-0.95068055,8.268862,67.41744,-7.568821,60.0
2010-08-01T00:00:00Z,10.125,69.875,7.738204,-1.2055179,8.220794,66.01355,-9.644143,62.0
2010-08-01T00:00:00Z,10.125,70.125,7.6252823,-1.3382775,8.147547,64.3655,-10.712323,60.0
2010-08-01T00:00:00Z,10.125,70.375,7.5856066,-1.5076604,8.146402,63.81615,-11.96362,57.0
2010-08-01T00:00:00Z,10.125,70.625,7.5520353,-1.6572056,8.142969,63.633034,-13.184398,56.0
2010-08-01T00:00:00Z,10.125,70.875,7.698529,-1.6877251,8.2597065,65.769394,-13.672709,61.0
2010-08-01T00:00:00Z,10.125,71.125,7.6115484,-1.7823353,8.203627,64.457054,-14.374657,60.0
2010-08-01T00:00:00Z,10.125,71.375,7.573399,-1.855582,8.197905,63.93823,-15.198681,57.0
2010-08-01T00:00:00Z,10.125,71.625,7.416224,-1.9517182,8.083456,61.98498,-15.931148,54.0
2010-08-01T00:00:00Z,10.125,71.875,7.335347,-2.0844777,8.0434,60.947323,-17.243484,47.0
2010-08-01T00:00:00Z,10.125,72.125,7.2239513,-3.5265212,8.3386755,61.740826,-28.749313,7.0
2010-08-01T00:00:00Z,10.375,68.125,7.964048,0.16938289,8.208204,68.7603,2.3194776,65.0
2010-08-01T00:00:00Z,10.375,68.375,8.095282,0.057986937,8.336386,70.28627,1.1902581,62.0
2010-08-01T00:00:00Z,10.375,68.625,8.134956,-0.14954525,8.386744,70.86614,-0.64090824,63.0
2010-08-01T00:00:00Z,10.375,68.875,8.098333,-0.29756454,8.381021,70.438866,-1.9227247,60.0
2010-08-01T00:00:00Z,10.375,69.125,8.10749,-0.42116827,8.430233,71.01874,-2.990905,56.0
2010-08-01T00:00:00Z,10.375,69.375,8.0357685,-0.6973692,8.387888,70.07263,-5.401941,60.0
2010-08-01T00:00:00Z,10.375,69.625,7.9747295,-0.92168707,8.37301,69.24861,-7.355185,62.0
2010-08-01T00:00:00Z,10.375,69.875,7.916743,-1.0849661,8.353554,68.48563,-8.789598,65.0
2010-08-01T00:00:00Z,10.375,70.125,7.779405,-1.2802905,8.274584,66.684975,-10.224012,62.0
2010-08-01T00:00:00Z,10.375,70.375,7.6252823,-1.4267838,8.17387,64.48758,-11.475309,59.0
2010-08-01T00:00:00Z,10.375,70.625,7.7534637,-1.5595434,8.30663,66.471344,-12.726606,59.0
2010-08-01T00:00:00Z,10.375,70.875,7.7076845,-1.6724653,8.287173,65.83043,-13.703229,63.0
2010-08-01T00:00:00Z,10.375,71.125,7.7549896,-1.8296404,8.36042,67.05121,-15.412317,58.0
2010-08-01T00:00:00Z,10.375,71.375,7.6451197,-1.7121406,8.2173605,64.79277,-13.977903,53.0
2010-08-01T00:00:00Z,10.375,71.625,7.5230417,-1.85253,8.179592,63.2668,-15.351278,53.0
2010-08-01T00:00:00Z,10.375,71.875,7.364341,-1.8738936,8.033099,60.855762,-15.442837,51.0
2010-08-01T00:00:00Z,10.375,72.125,7.506256,-2.0493803,8.2116375,62.71745,-16.755173,21.0
2010-08-01T00:00:00Z,10.625,68.125,8.142587,0.21973997,8.361565,71.32393,2.7162302,65.0
2010-08-01T00:00:00Z,10.625,68.375,8.215834,0.019837637,8.440534,72.178474,0.9155832,63.0
2010-08-01T00:00:00Z,10.625,68.625,8.252457,-0.10834401,8.498902,72.81938,-0.27467495,63.0
2010-08-01T00:00:00Z,10.625,68.875,8.253983,-0.24873343,8.525225,72.91094,-1.5870109,62.0
2010-08-01T00:00:00Z,10.625,69.125,8.183788,-0.45473966,8.495469,72.086914,-3.326619,60.0
2010-08-01T00:00:00Z,10.625,69.375,8.151742,-0.62259656,8.485168,71.659645,-4.8220716,61.0
2010-08-01T00:00:00Z,10.625,69.625,8.151742,-0.8011353,8.486313,71.659645,-6.4701214,62.0
2010-08-01T00:00:00Z,10.625,69.875,8.015931,-1.0330831,8.430233,69.859,-8.392846,67.0
2010-08-01T00:00:00Z,10.625,70.125,7.9884634,-1.0544467,8.378732,69.21809,-8.6064825,63.0
2010-08-01T00:00:00Z,10.625,70.375,7.845022,-1.251297,8.31693,67.386925,-10.254532,61.0
2010-08-01T00:00:00Z,10.625,70.625,7.777879,-1.4557773,8.302052,66.53238,-12.116218,62.0
2010-08-01T00:00:00Z,10.625,70.875,7.681743,-1.7106146,8.2906065,65.73888,-14.222059,61.0
2010-08-01T00:00:00Z,10.625,71.125,7.6802173,-1.8937312,8.324942,65.95251,-15.748031,60.0
2010-08-01T00:00:00Z,10.625,71.375,7.5856066,-1.8204846,8.231094,64.30446,-14.954526,55.0
2010-08-01T00:00:00Z,10.625,71.625,7.6100225,-1.8006469,8.2539835,64.42654,-15.107122,57.0
2010-08-01T00:00:00Z,10.625,71.875,7.533724,-1.8784715,8.19447,63.297318,-15.748031,55.0
2010-08-01T00:00:00Z,10.625,72.125,7.689373,-1.8342184,8.26314,64.457054,-14.832448,17.0
2010-08-01T00:00:00Z,10.875,68.125,8.405054,0.2990905,8.616783,75.16938,3.2655802,66.0
2010-08-01T00:00:00Z,10.875,68.375,8.325704,0.047305133,8.541248,73.91808,1.1902581,69.0
2010-08-01T00:00:00Z,10.875,68.625,8.336385,-0.1419154,8.574438,74.101204,-0.5798694,67.0
2010-08-01T00:00:00Z,10.875,68.875,8.342489,-0.39827868,8.61335,74.43691,-2.9603856,69.0
2010-08-01T00:00:00Z,10.875,69.125,8.247879,-0.4684734,8.553837,73.12458,-3.4181774,62.0
2010-08-01T00:00:00Z,10.875,69.375,8.27382,-0.5768174,8.607628,73.82652,-4.516877,60.0
2010-08-01T00:00:00Z,10.875,69.625,8.228041,-0.6668498,8.545826,72.72783,-5.2798634,61.0
2010-08-01T00:00:00Z,10.875,69.875,8.176158,-0.82402486,8.52408,72.086914,-6.6227183,64.0
2010-08-01T00:00:00Z,10.875,70.125,8.208203,-0.9644143,8.557271,72.51419,-8.026612,65.0
2010-08-01T00:00:00Z,10.875,70.375,8.17158,-1.254349,8.581305,72.48367,-10.773362,65.0
2010-08-01T00:00:00Z,10.875,70.625,8.14869,-1.4023683,8.599616,72.361595,-12.207776,64.0
2010-08-01T00:00:00Z,10.875,70.875,7.9381065,-1.4023683,8.443967,69.15705,-11.902581,57.0
2010-08-01T00:00:00Z,10.875,71.125,7.9060607,-1.5931147,8.453123,69.004456,-13.672709,59.0
2010-08-01T00:00:00Z,10.875,71.375,7.799243,-1.7151926,8.423367,67.81419,-14.374657,56.0
2010-08-01T00:00:00Z,10.875,71.625,7.642068,-1.9868156,8.33753,65.647316,-16.816212,54.0
2010-08-01T00:00:00Z,10.875,71.875,7.7122626,-2.3576267,8.479446,66.62394,-19.959713,19.0
2010-08-01T00:00:00Z,10.875,72.125,NaN,NaN,NaN,NaN,NaN,0.0
2010-08-01T00:00:00Z,11.125,68.125,8.356223,0.29603857,8.564137,74.68107,3.3571384,67.0
2010-08-01T00:00:00Z,11.125,68.375,8.571384,0.16633095,8.760988,77.64146,1.8616859,68.0
2010-08-01T00:00:00Z,11.125,68.625,8.536287,-0.001525972,8.736954,76.90899,0.39675272,64.0
2010-08-01T00:00:00Z,11.125,68.875,8.514924,-0.19227247,8.731232,76.75639,-1.2818165,63.0
2010-08-01T00:00:00Z,11.125,69.125,8.402001,-0.3433437,8.66943,75.13886,-2.502594,64.0
2010-08-01T00:00:00Z,11.125,69.375,8.362327,-0.52646035,8.66943,74.925224,-3.9675272,66.0
2010-08-01T00:00:00Z,11.125,69.625,8.324177,-0.7904535,8.66943,74.711586,-6.2870045,66.0
2010-08-01T00:00:00Z,11.125,69.875,8.307391,-0.87590796,8.678585,74.68107,-7.1110296,66.0
2010-08-01T00:00:00Z,11.125,70.125,8.426417,-0.99951166,8.772432,76.39016,-8.575963,65.0
2010-08-01T00:00:00Z,11.125,70.375,8.415735,-1.1795764,8.810201,76.542755,-10.254532,72.0
2010-08-01T00:00:00Z,11.125,70.625,8.138009,-1.3886346,8.604195,72.54471,-11.719465,62.0
2010-08-01T00:00:00Z,11.125,70.875,8.031191,-1.5000305,8.568715,71.29341,-12.818165,54.0
2010-08-01T00:00:00Z,11.125,71.125,8.081548,-1.6434718,8.628228,72.14796,-14.313618,60.0
2010-08-01T00:00:00Z,11.125,71.375,8.046451,-1.582433,8.591605,71.38497,-13.764267,55.0
2010-08-01T00:00:00Z,11.125,71.625,8.067814,-1.8113288,8.640818,71.81224,-16.3279,56.0
2010-08-01T00:00:00Z,11.125,71.875,7.964048,-2.1699321,8.588172,70.49991,-18.799974,21.0
2010-08-01T00:00:00Z,11.125,72.125,NaN,NaN,NaN,NaN,NaN,0.0
2010-08-01T00:00:00Z,11.375,68.125,8.533236,0.36928523,8.720931,77.18366,3.9064884,71.0
2010-08-01T00:00:00Z,11.375,68.375,8.748398,0.20600621,8.918926,80.63236,2.1668801,72.0
2010-08-01T00:00:00Z,11.375,68.625,8.708722,0.039675273,8.893747,80.11353,0.7019471,68.0
2010-08-01T00:00:00Z,11.375,68.875,8.6553135,-0.08392846,8.858269,79.32002,-0.42727217,64.0
2010-08-01T00:00:00Z,11.375,69.125,8.579015,-0.2899347,8.834234,78.3434,-2.1973996,63.0
2010-08-01T00:00:00Z,11.375,69.375,8.496613,-0.4791552,8.75641,77.061584,-3.7538912,63.0
2010-08-01T00:00:00Z,11.375,69.625,8.545444,-0.67142767,8.804478,77.79405,-5.6155767,67.0
2010-08-01T00:00:00Z,11.375,69.875,8.574437,-0.8499664,8.862846,78.587555,-7.355185,66.0
2010-08-01T00:00:00Z,11.375,70.125,8.519502,-1.0666544,8.850257,77.91613,-9.369468,65.0
2010-08-01T00:00:00Z,11.375,70.375,8.4783,-1.2589269,8.875436,77.91613,-11.078557,64.0
2010-08-01T00:00:00Z,11.375,70.625,8.437099,-1.3489592,8.86628,77.33626,-11.96362,64.0
2010-08-01T00:00:00Z,11.375,70.875,8.339437,-1.4405175,8.813634,76.08496,-12.787645,61.0
2010-08-01T00:00:00Z,11.375,71.125,8.402001,-1.471037,8.878869,77.03107,-13.398034,61.0
2010-08-01T00:00:00Z,11.375,71.375,8.298236,-1.6083745,8.797611,75.29146,-14.344137,58.0
2010-08-01T00:00:00Z,11.375,71.625,8.18684,-1.6694133,8.664851,72.91094,-14.954526,53.0
2010-08-01T00:00:00Z,11.375,71.875,8.17158,-1.6648355,8.674007,72.54471,-14.893487,41.0
2010-08-01T00:00:00Z,11.375,72.125,NaN,NaN,NaN,NaN,NaN,0.0
2010-08-01T00:00:00Z,11.625,68.125,8.690411,0.491363,8.881158,80.08301,5.066227,70.0
2010-08-01T00:00:00Z,11.625,68.375,8.786547,0.27314898,8.962416,81.608986,2.8383079,68.0
2010-08-01T00:00:00Z,11.625,68.625,8.809437,0.080876514,8.969283,81.82262,1.037661,68.0
2010-08-01T00:00:00Z,11.625,68.875,8.769761,-0.054934993,8.941815,81.09015,-0.18311664,66.0
2010-08-01T00:00:00Z,11.625,69.125,8.708722,-0.21516205,8.912059,80.510284,-1.5564915,64.0
2010-08-01T00:00:00Z,11.625,69.375,8.675151,-0.5295123,8.900615,80.05249,-4.4253187,65.0
2010-08-01T00:00:00Z,11.625,69.625,8.714826,-0.7309406,8.956694,80.907036,-6.439602,67.0
2010-08-01T00:00:00Z,11.625,69.875,8.745345,-0.9354208,9.003617,81.425865,-8.270768,69.0
2010-08-01T00:00:00Z,11.625,70.125,8.608008,-1.1505829,8.93037,79.41158,-10.34609,62.0
2010-08-01T00:00:00Z,11.625,70.375,8.600378,-1.2619789,8.978438,79.808334,-11.322712,65.0
2010-08-01T00:00:00Z,11.625,70.625,8.650735,-1.3214917,9.029941,80.57132,-12.146737,66.0
2010-08-01T00:00:00Z,11.625,70.875,8.64158,-1.416102,9.0493965,80.815475,-13.306476,64.0
2010-08-01T00:00:00Z,11.625,71.125,8.505768,-1.7136666,8.97615,78.83171,-16.053225,58.0
2010-08-01T00:00:00Z,11.625,71.375,8.405054,-1.7594457,8.88917,76.75639,-16.266861,52.0
2010-08-01T00:00:00Z,11.625,71.625,8.255508,-1.8128548,8.74382,74.19276,-16.633095,52.0
2010-08-01T00:00:00Z,11.625,71.875,7.95184,-1.741134,8.465713,69.15705,-15.503876,46.0
2010-08-01T00:00:00Z,11.625,72.125,NaN,NaN,NaN,NaN,NaN,0.0
2010-08-01T00:00:00Z,11.875,68.125,8.839955,0.6592199,9.021929,82.555084,6.4701214,72.0
2010-08-01T00:00:00Z,11.875,68.375,8.885735,0.4303241,9.060842,83.31807,4.272722,69.0
2010-08-01T00:00:00Z,11.875,68.625,8.951352,0.18769455,9.114632,84.44729,1.9532442,68.0
2010-08-01T00:00:00Z,11.875,68.875,8.948299,0.0762986,9.126077,84.47781,0.9766221,65.0
2010-08-01T00:00:00Z,11.875,69.125,8.821644,-0.09766221,9.016207,82.28041,-0.48831105,64.0
2010-08-01T00:00:00Z,11.875,69.375,8.853689,-0.4196423,9.055119,83.043396,-3.6012938,67.0
2010-08-01T00:00:00Z,11.875,69.625,8.890313,-0.6973692,9.114632,83.9895,-6.2870045,69.0
2010-08-01T00:00:00Z,11.875,69.875,8.839955,-0.87438196,9.082586,82.92132,-7.965574,70.0
2010-08-01T00:00:00Z,11.875,70.125,8.757553,-1.0529207,9.0493965,81.70054,-9.644143,68.0
2010-08-01T00:00:00Z,11.875,70.375,8.749924,-1.20094,9.102042,82.127815,-10.834401,69.0
2010-08-01T00:00:00Z,11.875,70.625,8.824697,-1.3825307,9.1707115,83.34859,-13.001282,67.0
2010-08-01T00:00:00Z,11.875,70.875,8.6308975,-1.5519135,9.050541,80.63236,-14.283098,64.0
2010-08-01T00:00:00Z,11.875,71.125,8.640054,-1.5702252,9.059697,80.601845,-14.71037,60.0
2010-08-01T00:00:00Z,11.875,71.375,8.553073,-1.849478,9.051685,79.68626,-17.304522,59.0
2010-08-01T00:00:00Z,11.875,71.625,8.377586,-1.8647377,8.875436,76.42068,-17.304522,54.0
2010-08-01T00:00:00Z,11.875,71.875,8.182261,-1.7731794,8.694608,72.84991,-16.205822,53.0
2010-08-01T00:00:00Z,11.875,72.125,7.855704,-1.9974973,8.511492,68.51614,-17.823353,35.0
2010-08-01T00:00:00Z,12.125,68.125,9.030703,0.7233107,9.213057,85.790146,7.08051,73.0
2010-08-01T00:00:00Z,12.125,68.375,9.099371,0.5112006,9.270281,87.16352,4.9441495,75.0
2010-08-01T00:00:00Z,12.125,68.625,9.126839,0.19685039,9.285159,87.56027,1.9532442,72.0
2010-08-01T00:00:00Z,12.125,68.875,9.161936,0.057986937,9.325216,88.140144,0.762986,69.0
2010-08-01T00:00:00Z,12.125,69.125,9.091742,-0.15717511,9.273714,87.224556,-1.0681804,66.0
2010-08-01T00:00:00Z,12.125,69.375,9.009338,-0.34029177,9.219924,85.94274,-2.7772691,69.0
2010-08-01T00:00:00Z,12.125,69.625,9.000183,-0.6210706,9.240524,86.09534,-5.46298,67.0
2010-08-01T00:00:00Z,12.125,69.875,8.994079,-0.8499664,9.254258,85.97326,-7.843496,70.0
2010-08-01T00:00:00Z,12.125,70.125,8.876579,-1.0544467,9.161555,83.8369,-9.735702,68.0
2010-08-01T00:00:00Z,12.125,70.375,8.798755,-1.2406152,9.127221,82.79924,-11.505829,63.0
2010-08-01T00:00:00Z,12.125,70.625,8.710248,-1.3764267,9.068852,81.27327,-12.635048,65.0
2010-08-01T00:00:00Z,12.125,70.875,8.650735,-1.5168161,9.051685,80.418724,-14.130501,61.0
2010-08-01T00:00:00Z,12.125,71.125,8.556125,-1.7258743,9.017351,79.07587,-16.144783,55.0
2010-08-01T00:00:00Z,12.125,71.375,8.548495,-1.7243483,9.011629,79.13691,-16.205822,57.0
2010-08-01T00:00:00Z,12.125,71.625,8.405054,-1.7029848,8.893747,77.0921,-15.900628,50.0
2010-08-01T00:00:00Z,12.125,71.875,8.214307,-1.7304523,8.735809,73.58237,-15.717511,52.0
2010-08-01T00:00:00Z,12.125,72.125,7.9960933,-1.8403223,8.572148,70.16419,-16.35842,50.0
2010-08-01T00:00:00Z,12.375,68.125,9.14515,0.77671975,9.322927,87.926506,7.62986,78.0
2010-08-01T00:00:00Z,12.375,68.375,9.174144,0.598181,9.34925,88.3843,5.8597326,74.0
2010-08-01T00:00:00Z,12.375,68.625,9.247391,0.26246718,9.404185,89.54404,2.5941525,75.0
2010-08-01T00:00:00Z,12.375,68.875,9.174144,0.19837636,9.345817,88.32326,2.1973996,67.0
2010-08-01T00:00:00Z,12.375,69.125,9.172618,-0.08850638,9.35955,88.56741,-0.39675272,69.0
2010-08-01T00:00:00Z,12.375,69.375,9.099371,-0.36318132,9.309194,87.529755,-2.8383079,67.0
2010-08-01T00:00:00Z,12.375,69.625,9.023072,-0.5493499,9.247392,86.0343,-4.791552,70.0
2010-08-01T00:00:00Z,12.375,69.875,8.992553,-0.79655737,9.23938,85.393394,-7.477263,68.0
2010-08-01T00:00:00Z,12.375,70.125,8.916254,-1.0758103,9.213057,84.172615,-10.101934,65.0
2010-08-01T00:00:00Z,12.375,70.375,8.762132,-1.20094,9.0917425,81.88366,-11.1090765,63.0
2010-08-01T00:00:00Z,12.375,70.625,8.737716,-1.4893486,9.115776,81.88366,-13.825306,66.0
2010-08-01T00:00:00Z,12.375,70.875,8.633949,-1.5931147,9.053974,80.14405,-14.8629675,60.0
2010-08-01T00:00:00Z,12.375,71.125,8.39132,-1.6770432,8.873147,76.66483,-15.137642,56.0
2010-08-01T00:00:00Z,12.375,71.375,8.490508,-1.5915889,8.947538,78.09924,-14.832448,54.0
2010-08-01T00:00:00Z,12.375,71.625,8.389794,-1.6572056,8.93266,77.03107,-14.924006,54.0
2010-08-01T00:00:00Z,12.375,71.875,8.180736,-1.6282121,8.699186,72.84991,-14.283098,50.0
2010-08-01T00:00:00Z,12.375,72.125,8.026612,-1.796069,8.593894,70.62199,-15.80907,47.0
2010-08-01T00:00:00Z,12.625,68.125,9.27028,0.6485381,9.422497,89.94079,6.317524,76.0
2010-08-01T00:00:00Z,12.625,68.375,9.273332,0.5340902,9.436231,90.24599,5.3714213,71.0
2010-08-01T00:00:00Z,12.625,68.625,9.102423,0.49288896,9.267992,86.85833,5.0967464,64.0
2010-08-01T00:00:00Z,12.625,68.875,9.14515,0.20295428,9.314916,87.89599,2.3805163,68.0
2010-08-01T00:00:00Z,12.625,69.125,9.091742,-0.064090826,9.281726,86.85833,-0.21363609,66.0
2010-08-01T00:00:00Z,12.625,69.375,9.125313,-0.39522675,9.33895,87.89599,-3.4486966,68.0
2010-08-01T00:00:00Z,12.625,69.625,9.055118,-0.48220715,9.290881,86.73625,-4.1201243,66.0
2010-08-01T00:00:00Z,12.625,69.875,8.980345,-0.81639504,9.248536,85.51547,-7.5383015,66.0
2010-08-01T00:00:00Z,12.625,70.125,8.939144,-0.9338949,9.22679,84.84404,-8.545444,67.0
2010-08-01T00:00:00Z,12.625,70.375,8.90252,-1.0620766,9.232513,84.53885,-9.82726,66.0
2010-08-01T00:00:00Z,12.625,70.625,8.888787,-1.4099982,9.247392,84.355736,-13.184398,63.0
2010-08-01T00:00:00Z,12.625,70.875,8.6919365,-1.4527253,9.097465,81.36483,-13.153878,60.0
2010-08-01T00:00:00Z,12.625,71.125,8.661417,-1.4054202,9.069997,80.6934,-12.818165,55.0
2010-08-01T00:00:00Z,12.625,71.375,8.51645,-1.3230177,8.964705,78.40444,-11.96362,53.0
2010-08-01T00:00:00Z,12.625,71.625,8.36843,-1.5091863,8.874291,76.146,-13.428554,52.0
2010-08-01T00:00:00Z,12.625,71.875,8.246353,-1.579381,8.793034,74.22328,-13.825306,52.0
2010-08-01T00:00:00Z,12.625,72.125,8.118171,-1.7777574,8.724364,72.45315,-15.717511,53.0
2010-08-01T00:00:00Z,12.875,68.125,9.222975,0.8560703,9.400752,89.3304,8.514924,76.0
2010-08-01T00:00:00Z,12.875,68.375,9.2748575,0.61344075,9.441953,90.24599,6.317524,72.0
2010-08-01T00:00:00Z,12.875,68.625,9.215345,0.43947995,9.390451,89.238846,4.8220716,68.0
2010-08-01T00:00:00Z,12.875,68.875,9.261124,0.16480498,9.453398,90.12391,1.9532442,65.0
2010-08-01T00:00:00Z,12.875,69.125,9.204663,-0.065616794,9.417919,89.42196,-0.1525972,64.0
2010-08-01T00:00:00Z,12.875,69.375,9.207715,-0.28230482,9.436231,89.60508,-2.4415553,60.0
2010-08-01T00:00:00Z,12.875,69.625,9.088689,-0.36165535,9.3286495,87.31612,-2.9603856,65.0
2010-08-01T00:00:00Z,12.875,69.875,9.000183,-0.6653238,9.263414,85.72911,-5.920771,66.0
2010-08-01T00:00:00Z,12.875,70.125,9.04291,-0.819447,9.325216,86.58365,-7.690899,66.0
2010-08-01T00:00:00Z,12.875,70.375,8.90252,-1.0315571,9.230225,84.47781,-9.399987,68.0
2010-08-01T00:00:00Z,12.875,70.625,8.6064825,-1.2863944,8.987595,79.65574,-11.41427,59.0
2010-08-01T00:00:00Z,12.875,70.875,8.629372,-1.2619789,9.025362,80.296646,-11.1090765,53.0
2010-08-01T00:00:00Z,12.875,71.125,8.579015,-1.306232,9.016207,79.4421,-11.597387,49.0
2010-08-01T00:00:00Z,12.875,71.375,8.4493065,-1.3306476,8.941815,77.3973,-11.811024,49.0
2010-08-01T00:00:00Z,12.875,71.625,8.411158,-1.5412318,8.944104,77.061584,-13.855825,54.0
2010-08-01T00:00:00Z,12.875,71.875,8.331807,-1.4817188,8.870858,75.56613,-13.001282,57.0
2010-08-01T00:00:00Z,12.875,72.125,8.208203,-1.5976927,8.780444,73.46029,-14.069462,48.0
2010-08-01T00:00:00Z,13.125,68.125,9.329793,0.9918818,9.528934,91.40572,10.040895,73.0
2010-08-01T00:00:00Z,13.125,68.375,9.366416,0.78587556,9.560979,91.95507,7.9350543,67.0
2010-08-01T00:00:00Z,13.125,68.625,9.354208,0.491363,9.543812,91.95507,5.3714213,69.0
2010-08-01T00:00:00Z,13.125,68.875,9.316059,0.3372398,9.524355,91.40572,3.9370077,60.0
2010-08-01T00:00:00Z,13.125,69.125,9.363364,0.18311664,9.581579,92.56546,2.563633,66.0
2010-08-01T00:00:00Z,13.125,69.375,9.422877,-0.10986999,9.644526,93.60312,-0.4577916,70.0
2010-08-01T00:00:00Z,13.125,69.625,9.17567,-0.23347372,9.415629,88.78105,-1.6785692,66.0
2010-08-01T00:00:00Z,13.125,69.875,9.151254,-0.48831105,9.414485,88.536896,-4.150644,68.0
2010-08-01T00:00:00Z,13.125,70.125,9.012391,-0.4303241,9.312627,86.492096,-3.3876579,66.0
2010-08-01T00:00:00Z,13.125,70.375,8.890313,-0.6866874,9.20619,84.11158,-5.6766157,65.0
2010-08-01T00:00:00Z,13.125,70.625,8.836904,-0.927791,9.1707115,83.40963,-7.751938,61.0
2010-08-01T00:00:00Z,13.125,70.875,8.739242,-1.036135,9.110054,82.036255,-8.6675205,57.0
2010-08-01T00:00:00Z,13.125,71.125,8.530184,-1.2131478,8.962416,78.70963,-10.162973,48.0
2010-08-01T00:00:00Z,13.125,71.375,8.373009,-1.255875,8.870858,76.26808,-10.407129,51.0
2010-08-01T00:00:00Z,13.125,71.625,8.360801,-1.3703228,8.899469,75.96288,-11.99414,47.0
2010-08-01T00:00:00Z,13.125,71.875,8.307391,-1.2146738,8.805622,74.833664,-10.224012,48.0
2010-08-01T00:00:00Z,13.125,72.125,8.2021,-1.3901604,8.74382,73.06354,-12.085698,47.0
2010-08-01T00:00:00Z,13.375,68.125,9.441189,1.0498687,9.649103,93.17585,10.742843,71.0
2010-08-01T00:00:00Z,13.375,68.375,9.558688,0.84691447,9.757829,95.40377,8.759079,70.0
2010-08-01T00:00:00Z,13.375,68.625,9.38015,0.7812977,9.611336,92.504425,8.301288,65.0
2010-08-01T00:00:00Z,13.375,68.875,9.532747,0.44558382,9.737228,95.43429,5.066227,64.0
2010-08-01T00:00:00Z,13.375,69.125,9.409143,0.28535676,9.618202,93.20637,3.6623328,65.0
2010-08-01T00:00:00Z,13.375,69.375,9.357261,0.09766221,9.571279,92.19923,1.8311664,65.0
2010-08-01T00:00:00Z,13.375,69.625,9.226027,-0.18922053,9.443097,89.72715,-1.037661,67.0
2010-08-01T00:00:00Z,13.375,69.875,9.169566,-0.24110357,9.419064,89.08624,-1.3428553,64.0
2010-08-01T00:00:00Z,13.375,70.125,9.084111,-0.25788927,9.374429,87.926506,-1.3733748,61.0
2010-08-01T00:00:00Z,13.375,70.375,8.980345,-0.3601294,9.273714,85.790146,-2.288958,60.0
2010-08-01T00:00:00Z,13.375,70.625,8.771287,-0.5874992,9.10891,82.40249,-4.1201243,54.0
2010-08-01T00:00:00Z,13.375,70.875,8.647683,-0.8682781,9.025362,80.32716,-6.8058352,54.0
2010-08-01T00:00:00Z,13.375,71.125,8.469145,-0.8987975,8.892603,77.3973,-6.7447963,52.0
2010-08-01T00:00:00Z,13.375,71.375,8.450833,-1.0758103,8.908626,77.18366,-8.6064825,56.0
2010-08-01T00:00:00Z,13.375,71.625,8.42184,-1.1017518,8.893747,76.69535,-8.972715,53.0
2010-08-01T00:00:00Z,13.375,71.875,8.402001,-1.0697063,8.860558,76.17652,-8.6675205,51.0
2010-08-01T00:00:00Z,13.375,72.125,8.377586,-1.0559726,8.846824,75.77977,-8.6675205,52.0
2010-08-01T00:00:00Z,13.625,68.125,9.493072,1.0330831,9.693738,93.96935,10.590245,71.0
2010-08-01T00:00:00Z,13.625,68.375,9.544955,0.8499664,9.741806,95.03754,8.820118,68.0
2010-08-01T00:00:00Z,13.625,68.625,9.549533,0.75840807,9.762407,95.31221,8.057132,71.0
2010-08-01T00:00:00Z,13.625,68.875,9.473234,0.5813953,9.704039,94.121956,6.500641,65.0
2010-08-01T00:00:00Z,13.625,69.125,9.399987,0.45168772,9.626214,93.29793,5.4934993,66.0
2010-08-01T00:00:00Z,13.625,69.375,9.265702,0.21363609,9.490021,90.184944,3.2045412,63.0
2010-08-01T00:00:00Z,13.625,69.625,9.226027,0.035097357,9.455687,89.91027,1.6480497,62.0
2010-08-01T00:00:00Z,13.625,69.875,9.088689,-0.041201245,9.348105,87.59079,0.88506377,59.0
2010-08-01T00:00:00Z,13.625,70.125,8.975767,-0.17853872,9.263414,85.72911,-0.39675272,56.0
2010-08-01T00:00:00Z,13.625,70.375,8.81554,-0.27772692,9.130654,83.01288,-1.0681804,53.0
2010-08-01T00:00:00Z,13.625,70.625,8.752975,-0.4043826,9.07572,81.731064,-2.4415553,53.0
2010-08-01T00:00:00Z,13.625,70.875,8.600378,-0.7156809,8.989883,79.56418,-5.127266,51.0
2010-08-01T00:00:00Z,13.625,71.125,8.426417,-0.8392846,8.86628,76.81743,-6.0733685,48.0
2010-08-01T00:00:00Z,13.625,71.375,8.388268,-0.92168707,8.850257,76.237564,-6.7753158,50.0
2010-08-01T00:00:00Z,13.625,71.625,8.322651,-1.1200634,8.810201,75.3525,-8.759079,52.0
2010-08-01T00:00:00Z,13.625,71.875,8.556125,-1.0086675,8.969283,78.74016,-7.965574,50.0
2010-08-01T00:00:00Z,13.625,72.125,8.432521,-1.3489592,8.886881,76.90899,-11.200635,48.0
2010-08-01T00:00:00Z,13.875,68.125,9.624306,1.1627907,9.829931,96.380394,12.238296,70.0
2010-08-01T00:00:00Z,13.875,68.375,9.557162,1.0071415,9.760118,95.40377,10.651284,71.0
2010-08-01T00:00:00Z,13.875,68.625,9.531221,0.84233654,9.744095,94.94598,9.186352,71.0
2010-08-01T00:00:00Z,13.875,68.875,9.322163,0.706525,9.5541115,91.58884,7.8740153,66.0
2010-08-01T00:00:00Z,13.875,69.125,9.27028,0.6592199,9.5174885,90.55118,7.7214184,58.0
2010-08-01T00:00:00Z,13.875,69.375,9.2992735,0.43642798,9.540378,90.97845,5.46298,60.0
2010-08-01T00:00:00Z,13.875,69.625,9.212293,0.31587622,9.449965,89.78819,4.638955,60.0
2010-08-01T00:00:00Z,13.875,69.875,8.9589815,0.070194714,9.22908,85.42391,2.2584386,52.0
2010-08-01T00:00:00Z,13.875,70.125,8.891839,-0.004577916,9.175289,84.172615,1.4954525,52.0
2010-08-01T00:00:00Z,13.875,70.375,8.803332,-0.09766221,9.113487,82.70768,0.762986,53.0
2010-08-01T00:00:00Z,13.875,70.625,8.803332,-0.23347372,9.123788,82.738205,-0.5493499,54.0
2010-08-01T00:00:00Z,13.875,70.875,8.742293,-0.5615577,9.103187,81.7921,-3.6623328,53.0
2010-08-01T00:00:00Z,13.875,71.125,8.553073,-0.6958432,8.972716,79.04535,-4.638955,51.0
2010-08-01T00:00:00Z,13.875,71.375,8.487456,-0.8026613,8.9280815,78.03821,-5.5850577,54.0
2010-08-01T00:00:00Z,13.875,71.625,8.53171,-0.8789599,8.985306,78.770676,-6.500641,53.0
2010-08-01T00:00:00Z,13.875,71.875,8.542391,-1.1261673,8.985306,78.61808,-9.125313,51.0
2010-08-01T00:00:00Z,13.875,72.125,8.472197,-1.036135,8.892603,77.30574,-8.087651,51.0
2010-08-01T00:00:00Z,14.125,68.125,9.558688,1.3245437,9.773851,95.58688,13.886345,64.0
2010-08-01T00:00:00Z,14.125,68.375,9.493072,1.0605506,9.683438,94.457664,11.200635,65.0
2010-08-01T00:00:00Z,14.125,68.625,9.424403,0.927791,9.628503,93.17585,10.040895,66.0
2010-08-01T00:00:00Z,14.125,68.875,9.264176,0.78587556,9.485443,90.4291,8.789598,61.0
2010-08-01T00:00:00Z,14.125,69.125,9.328267,0.7141549,9.563268,91.55832,8.392846,57.0
2010-08-01T00:00:00Z,14.125,69.375,9.146676,0.43337604,9.369851,88.353775,5.646096,59.0
2010-08-01T00:00:00Z,14.125,69.625,9.096319,0.40743452,9.3286495,87.49924,5.5545382,58.0
2010-08-01T00:00:00Z,14.125,69.875,8.963559,0.37996703,9.217635,85.2408,5.2798634,55.0
2010-08-01T00:00:00Z,14.125,70.125,8.820118,0.17243484,9.09632,82.738205,3.3876579,52.0
2010-08-01T00:00:00Z,14.125,70.375,8.838429,-0.08240249,9.134088,83.31807,0.9155832,53.0
2010-08-01T00:00:00Z,14.125,70.625,8.826222,-0.2121101,9.12951,83.043396,-0.27467495,55.0
2010-08-01T00:00:00Z,14.125,70.875,8.800281,-0.35555148,9.137522,82.738205,-1.525972,58.0
2010-08-01T00:00:00Z,14.125,71.125,8.722456,-0.55545384,9.104332,81.85314,-3.3571384,55.0
2010-08-01T00:00:00Z,14.125,71.375,8.617164,-0.653116,9.026507,80.17457,-4.1811633,55.0
2010-08-01T00:00:00Z,14.125,71.625,8.629372,-0.76603794,9.050541,80.26613,-5.3714213,57.0
2010-08-01T00:00:00Z,14.125,71.875,8.566807,-1.039187,9.0070505,79.289505,-7.9960933,53.0
2010-08-01T00:00:00Z,14.125,72.125,8.536287,-0.819447,8.90977,78.09924,-6.164927,50.0
2010-08-01T00:00:00Z,14.375,68.125,9.464078,1.525972,9.681149,94.121956,15.931148,64.0
2010-08-01T00:00:00Z,14.375,68.375,9.456449,1.2207776,9.641092,93.60312,12.848684,67.0
2010-08-01T00:00:00Z,14.375,68.625,9.519013,1.0269792,9.726928,95.251175,11.261673,65.0
2010-08-01T00:00:00Z,14.375,68.875,9.375572,0.96746624,9.582724,92.504425,10.834401,64.0
2010-08-01T00:00:00Z,14.375,69.125,9.293169,0.81486905,9.507188,91.2226,9.369468,56.0
2010-08-01T00:00:00Z,14.375,69.375,9.186352,0.67295367,9.397318,89.26936,7.9960933,55.0
2010-08-01T00:00:00Z,14.375,69.625,9.178721,0.5508759,9.408763,89.20832,7.019471,52.0
2010-08-01T00:00:00Z,14.375,69.875,9.045962,0.4043826,9.302326,87.04144,5.6766157,54.0
2010-08-01T00:00:00Z,14.375,70.125,9.009338,0.2609412,9.269136,86.24794,4.3032413,57.0
2010-08-01T00:00:00Z,14.375,70.375,8.920833,0.06714277,9.192456,84.56937,2.5331135,59.0
2010-08-01T00:00:00Z,14.375,70.625,8.841482,-0.10986999,9.127221,83.10444,0.82402486,59.0
2010-08-01T00:00:00Z,14.375,70.875,8.824697,-0.16480498,9.145533,83.19599,0.5493499,55.0
2010-08-01T00:00:00Z,14.375,71.125,8.722456,-0.44253188,9.090598,81.82262,-2.0448024,54.0
2010-08-01T00:00:00Z,14.375,71.375,8.661417,-0.5218824,9.045963,80.47977,-3.051944,56.0
2010-08-01T00:00:00Z,14.375,71.625,8.548495,-0.56460965,8.917782,78.282364,-3.3571384,56.0
2010-08-01T00:00:00Z,14.375,71.875,8.546969,-0.924739,8.968139,78.770676,-6.8363547,55.0
2010-08-01T00:00:00Z,14.375,72.125,8.556125,-0.6439602,8.971572,78.31288,-4.730513,51.0
2010-08-01T00:00:00Z,14.625,68.125,9.325215,1.6007446,9.550678,91.77196,16.480497,60.0
2010-08-01T00:00:00Z,14.625,68.375,9.416773,1.3749008,9.630792,93.17585,14.527253,59.0
2010-08-01T00:00:00Z,14.625,68.625,9.38015,1.2451931,9.594169,92.44338,13.459073,59.0
2010-08-01T00:00:00Z,14.625,68.875,9.360312,1.0224012,9.563268,91.92455,11.353231,58.0
2010-08-01T00:00:00Z,14.625,69.125,9.334371,0.7950314,9.530078,91.497284,8.972715,54.0
2010-08-01T00:00:00Z,14.625,69.375,9.184826,0.656168,9.389307,89.11677,7.9350543,54.0
2010-08-01T00:00:00Z,14.625,69.625,9.105474,0.6271745,9.309194,87.621315,7.6603794,55.0
2010-08-01T00:00:00Z,14.625,69.875,9.131416,0.39675272,9.357262,88.32326,5.5850577,59.0
2010-08-01T00:00:00Z,14.625,70.125,9.001709,0.3662333,9.245103,85.88171,5.3103824,57.0
2010-08-01T00:00:00Z,14.625,70.375,8.960507,0.22736983,9.215346,85.301834,4.1201243,59.0
2010-08-01T00:00:00Z,14.625,70.625,8.829274,-0.00762986,9.107765,82.951836,1.9227247,58.0
2010-08-01T00:00:00Z,14.625,70.875,8.867423,-0.12970762,9.169567,83.653786,0.7324666,56.0
2010-08-01T00:00:00Z,14.625,71.125,8.875053,-0.20448025,9.203901,84.20313,0.03051944,54.0
2010-08-01T00:00:00Z,14.625,71.375,8.621742,-0.53714216,9.011629,80.02197,-2.990905,53.0
2010-08-01T00:00:00Z,14.625,71.625,8.565281,-0.4471098,8.962416,79.01483,-2.0448024,52.0
2010-08-01T00:00:00Z,14.625,71.875,8.571384,-0.5798694,8.969283,79.01483,-3.4486966,58.0
2010-08-01T00:00:00Z,14.625,72.125,8.533236,-0.48831105,8.9338045,78.12977,-2.8077884,52.0
2010-08-01T00:00:00Z,14.875,68.125,9.422877,1.7884392,9.676571,93.66416,18.494781,57.0
2010-08-01T00:00:00Z,14.875,68.375,9.375572,1.5488616,9.60218,92.59598,16.144783,57.0
2010-08-01T00:00:00Z,14.875,68.625,9.436611,1.3977903,9.667416,93.81676,15.168161,61.0
2010-08-01T00:00:00Z,14.875,68.875,9.316059,1.0925959,9.514055,91.16157,12.024659,54.0
2010-08-01T00:00:00Z,14.875,69.125,9.357261,0.90184945,9.551823,92.19923,10.101934,56.0
2010-08-01T00:00:00Z,14.875,69.375,9.140573,0.58597326,9.320638,88.0791,7.1110296,53.0
2010-08-01T00:00:00Z,14.875,69.625,9.059696,0.6210706,9.261126,86.70573,7.5993404,57.0
2010-08-01T00:00:00Z,14.875,69.875,9.024598,0.46084353,9.253114,86.52261,6.4090824,57.0
2010-08-01T00:00:00Z,14.875,70.125,8.94067,0.25941524,9.169567,84.63041,4.3337603,63.0
2010-08-01T00:00:00Z,14.875,70.375,8.919307,0.18159066,9.171856,84.38625,3.7233717,61.0
2010-08-01T00:00:00Z,14.875,70.625,8.832326,0.079350546,9.095176,82.86028,2.8077884,62.0
2010-08-01T00:00:00Z,14.875,70.875,8.818592,-0.14801928,9.09632,82.70768,0.5493499,56.0
2010-08-01T00:00:00Z,14.875,71.125,8.862845,-0.17243484,9.191312,84.20313,0.7019471,54.0
2010-08-01T00:00:00Z,14.875,71.375,8.717878,-0.47610328,9.060842,81.54794,-2.288958,56.0
2010-08-01T00:00:00Z,14.875,71.625,8.672099,-0.34639564,9.023073,80.63236,-1.0681804,56.0
2010-08-01T00:00:00Z,14.875,71.875,8.742293,-0.34944758,9.092887,81.67002,-1.4344137,58.0
2010-08-01T00:00:00Z,14.875,72.125,8.64158,-0.39827868,8.988739,79.47262,-2.3194776,52.0
2010-08-01T00:00:00Z,15.125,68.125,9.483916,1.9334065,9.764696,94.8239,20.17335,57.0
2010-08-01T00:00:00Z,15.125,68.375,9.340475,1.579381,9.575857,92.04663,16.541536,59.0
2010-08-01T00:00:00Z,15.125,68.625,9.261124,1.2131478,9.452253,89.971306,12.726606,59.0
2010-08-01T00:00:00Z,15.125,68.875,9.282488,1.1933101,9.483154,90.21546,12.757126,57.0
2010-08-01T00:00:00Z,15.125,69.125,9.282488,0.9583104,9.462553,90.55118,10.498688,58.0
2010-08-01T00:00:00Z,15.125,69.375,9.242812,0.87133,9.437375,90.184944,9.918818,61.0
2010-08-01T00:00:00Z,15.125,69.625,9.168039,0.656168,9.352683,88.59793,7.843496,63.0
2010-08-01T00:00:00Z,15.125,69.875,8.965085,0.4089605,9.1524,84.783005,5.524019,57.0
2010-08-01T00:00:00Z,15.125,70.125,9.03528,0.42269424,9.230225,85.97326,5.5850577,60.0
2010-08-01T00:00:00Z,15.125,70.375,9.073429,0.3708112,9.300037,86.76677,5.3714213,61.0
2010-08-01T00:00:00Z,15.125,70.625,8.803332,0.047305133,9.055119,82.28041,2.5331135,60.0
2010-08-01T00:00:00Z,15.125,70.875,8.907099,0.11749984,9.179867,84.56937,3.3571384,60.0
2010-08-01T00:00:00Z,15.125,71.125,8.954404,0.111395955,9.231369,85.484955,3.2960994,58.0
2010-08-01T00:00:00Z,15.125,71.375,8.687359,-0.21821399,9.015062,80.907036,0.21363609,55.0
2010-08-01T00:00:00Z,15.125,71.625,8.690411,-0.18159066,9.044819,80.5408,0.33571383,52.0
2010-08-01T00:00:00Z,15.125,71.875,8.473722,-0.6073369,8.858269,77.061584,-3.6928523,56.0
2010-08-01T00:00:00Z,15.125,72.125,8.582067,-0.39827868,8.926937,78.80119,-2.014283,55.0
2010-08-01T00:00:00Z,15.375,68.125,9.40304,1.8769456,9.674282,93.5726,19.440884,64.0
2010-08-01T00:00:00Z,15.375,68.375,9.38015,1.6449978,9.622781,92.931694,17.36556,65.0
2010-08-01T00:00:00Z,15.375,68.625,9.219923,1.4252578,9.435086,89.60508,14.954526,63.0
2010-08-01T00:00:00Z,15.375,68.875,9.224501,1.2589269,9.427074,89.36092,13.428554,62.0
2010-08-01T00:00:00Z,15.375,69.125,9.25502,1.0117195,9.435086,90.09338,11.078557,68.0
2010-08-01T00:00:00Z,15.375,69.375,9.152781,0.73857045,9.31606,87.89599,8.362327,68.0
2010-08-01T00:00:00Z,15.375,69.625,9.122261,0.61191475,9.293171,87.529755,7.233107,65.0
2010-08-01T00:00:00Z,15.375,69.875,9.038332,0.5600317,9.216491,85.97326,6.9279127,59.0
2010-08-01T00:00:00Z,15.375,70.125,9.094793,0.48983702,9.281726,87.31612,6.317524,60.0
2010-08-01T00:00:00Z,15.375,70.375,9.085637,0.46694744,9.288592,87.04144,6.225966,61.0
2010-08-01T00:00:00Z,15.375,70.625,8.781969,0.019837637,8.994462,82.00574,2.136361,58.0
2010-08-01T00:00:00Z,15.375,70.875,8.812489,0.0869804,9.0493965,82.52457,2.8993468,55.0
2010-08-01T00:00:00Z,15.375,71.125,8.785021,0.032045413,9.04253,82.127815,2.4415553,57.0
2010-08-01T00:00:00Z,15.375,71.375,8.730085,-0.05951291,9.004762,81.24275,1.7701275,56.0
2010-08-01T00:00:00Z,15.375,71.625,8.775865,-0.15107122,9.039096,81.67002,0.6103888,54.0
2010-08-01T00:00:00Z,15.375,71.875,8.664469,-0.3753891,8.964705,80.17457,-1.7090887,58.0
2010-08-01T00:00:00Z,15.375,72.125,8.662943,-0.111395955,8.958982,79.47262,0.5493499,53.0
2010-08-01T00:00:00Z,15.625,68.125,9.425929,1.8708416,9.694882,94.06091,19.776598,62.0
2010-08-01T00:00:00Z,15.625,68.375,9.227552,1.6663615,9.463698,89.78819,17.182446,62.0
2010-08-01T00:00:00Z,15.625,68.625,9.358787,1.4573033,9.566701,92.229744,15.351278,67.0
2010-08-01T00:00:00Z,15.625,68.875,9.164988,1.2467191,9.352683,88.47585,12.970762,66.0
2010-08-01T00:00:00Z,15.625,69.125,9.187878,1.0071415,9.358406,88.72001,10.681804,65.0
2010-08-01T00:00:00Z,15.625,69.375,9.114631,0.819447,9.281726,87.2856,9.094793,68.0
2010-08-01T00:00:00Z,15.625,69.625,9.100897,0.71873283,9.274858,87.2856,8.423366,68.0
2010-08-01T00:00:00Z,15.625,69.875,9.055118,0.65006405,9.234802,86.46157,7.9350543,62.0
2010-08-01T00:00:00Z,15.625,70.125,9.0658,0.54172003,9.26227,87.04144,7.019471,62.0
2010-08-01T00:00:00Z,15.625,70.375,9.041384,0.4150644,9.235947,86.492096,5.7986937,65.0
2010-08-01T00:00:00Z,15.625,70.625,8.954404,0.12665568,9.147821,84.75249,3.0824635,60.0
2010-08-01T00:00:00Z,15.625,70.875,8.914728,0.0762986,9.111198,83.80638,2.5331135,59.0
2010-08-01T00:00:00Z,15.625,71.125,8.870475,0.02288958,9.069997,82.92132,2.0448024,55.0
2010-08-01T00:00:00Z,15.625,71.375,8.725508,-0.0381493,8.972716,80.66288,1.525972,57.0
2010-08-01T00:00:00Z,15.625,71.625,8.707196,0.024415553,8.961271,80.723915,2.2584386,60.0
2010-08-01T00:00:00Z,15.625,71.875,8.658365,-0.16633095,8.957838,80.17457,0.33571383,52.0
2010-08-01T00:00:00Z,15.625,72.125,8.533236,-0.006103888,8.831945,77.153145,1.4954525,49.0
2010-08-01T00:00:00Z,15.875,68.125,9.256546,1.8128548,9.506043,90.64274,18.525301,60.0
2010-08-01T00:00:00Z,15.875,68.375,9.224501,1.7563938,9.472854,90.12391,18.067509,61.0
2010-08-01T00:00:00Z,15.875,68.625,9.419826,1.4801928,9.642237,94.121956,15.717511,69.0
2010-08-01T00:00:00Z,15.875,68.875,9.296222,1.3169138,9.496888,91.16157,13.855825,66.0
2010-08-01T00:00:00Z,15.875,69.125,9.183299,0.96899223,9.351539,88.72001,10.285051,67.0
2010-08-01T00:00:00Z,15.875,69.375,9.146676,0.8301288,9.313771,87.95702,9.216871,70.0
2010-08-01T00:00:00Z,15.875,69.625,9.02765,0.7049991,9.191312,85.790146,8.087651,69.0
2010-08-01T00:00:00Z,15.875,69.875,8.9956045,0.47457728,9.160411,85.484955,6.0123296,63.0
2010-08-01T00:00:00Z,15.875,70.125,8.957456,0.47457728,9.140955,85.05768,6.2870045,63.0
2010-08-01T00:00:00Z,15.875,70.375,8.984923,0.40743452,9.177578,85.66807,5.7986937,61.0
2010-08-01T00:00:00Z,15.875,70.625,8.791124,0.1037661,8.983017,81.7921,2.624672,57.0
2010-08-01T00:00:00Z,15.875,70.875,8.734664,0.057986937,8.94296,80.815475,2.2584386,53.0
2010-08-01T00:00:00Z,15.875,71.125,8.844534,0.11902582,9.050541,82.76872,2.8688273,54.0
2010-08-01T00:00:00Z,15.875,71.375,8.859794,0.16175303,9.088309,83.28755,3.6318133,54.0
2010-08-01T00:00:00Z,15.875,71.625,8.707196,-0.08240249,8.975005,81.24275,1.7090887,55.0
2010-08-01T00:00:00Z,15.875,71.875,8.548495,-0.08240249,8.835379,78.03821,1.1902581,51.0
2010-08-01T00:00:00Z,15.875,72.125,8.553073,-0.024415553,8.853691,78.31288,1.7701275,48.0
2010-08-01T00:00:00Z,16.125,68.125,9.342001,1.8326924,9.620492,92.74858,19.07465,62.0
2010-08-01T00:00:00Z,16.125,68.375,9.39541,1.6099005,9.654826,93.511566,16.816212,65.0
2010-08-01T00:00:00Z,16.125,68.625,9.280962,1.4283098,9.499177,91.100525,14.74089,67.0
2010-08-01T00:00:00Z,16.125,68.875,9.161936,1.0712323,9.33666,88.50638,10.864921,67.0
2010-08-01T00:00:00Z,16.125,69.125,9.206189,0.9201611,9.367561,89.20832,9.613624,65.0
2010-08-01T00:00:00Z,16.125,69.375,9.087163,0.80571324,9.237091,86.827805,8.759079,68.0
2010-08-01T00:00:00Z,16.125,69.625,9.053592,0.71110296,9.200468,86.12586,7.9960933,65.0
2010-08-01T00:00:00Z,16.125,69.875,8.879631,0.5020448,9.025362,82.92132,5.98181,62.0
2010-08-01T00:00:00Z,16.125,70.125,8.888787,0.5493499,9.068852,83.95898,6.9889517,63.0
2010-08-01T00:00:00Z,16.125,70.375,8.789598,0.28688273,8.947538,81.7921,4.4253187,56.0
2010-08-01T00:00:00Z,16.125,70.625,8.774339,0.27009705,8.95326,81.57846,4.211683,56.0
2010-08-01T00:00:00Z,16.125,70.875,8.688885,0.0381493,8.904048,80.510284,2.3194776,58.0
2010-08-01T00:00:00Z,16.125,71.125,8.7133,0.18769455,8.9280815,80.44924,3.6318133,55.0
2010-08-01T00:00:00Z,16.125,71.375,8.624794,0.18769455,8.850257,79.01483,3.7233717,56.0
2010-08-01T00:00:00Z,16.125,71.625,8.550021,0.080876514,8.811345,77.88561,2.6857107,54.0
2010-08-01T00:00:00Z,16.125,71.875,8.3760605,-0.08392846,8.674007,75.38302,1.4954525,55.0
2010-08-01T00:00:00Z,16.125,72.125,8.479826,0.013733748,8.803333,77.458336,2.2584386,48.0
2010-08-01T00:00:00Z,16.375,68.125,9.114631,1.6617835,9.358406,87.71287,16.35842,60.0
2010-08-01T00:00:00Z,16.375,68.375,9.091742,1.3565891,9.297749,86.94988,13.306476,61.0
2010-08-01T00:00:00Z,16.375,68.625,9.161936,1.1032778,9.343528,88.32326,10.986999,68.0
2010-08-01T00:00:00Z,16.375,68.875,9.174144,1.1124336,9.360695,88.87261,11.292192,72.0
2010-08-01T00:00:00Z,16.375,69.125,9.059696,0.9049014,9.22908,86.614174,9.155832,71.0
2010-08-01T00:00:00Z,16.375,69.375,9.114631,0.8560703,9.265703,87.46871,9.033754,70.0
2010-08-01T00:00:00Z,16.375,69.625,9.003235,0.87285596,9.155833,85.57651,9.461026,65.0
2010-08-01T00:00:00Z,16.375,69.875,8.800281,0.69889516,8.954405,81.731064,7.690899,63.0
2010-08-01T00:00:00Z,16.375,70.125,8.977293,0.5829213,9.1283655,85.21027,7.141549,65.0
2010-08-01T00:00:00Z,16.375,70.375,8.809437,0.46084353,8.973861,82.341446,5.9512906,61.0
2010-08-01T00:00:00Z,16.375,70.625,8.839955,0.31892815,9.013918,82.738205,4.516877,61.0
2010-08-01T00:00:00Z,16.375,70.875,8.769761,0.19379844,8.963561,81.54794,3.5707746,60.0
2010-08-01T00:00:00Z,16.375,71.125,8.788073,0.2121101,8.988739,82.036255,3.7844105,58.0
2010-08-01T00:00:00Z,16.375,71.375,8.514924,0.27772692,8.754121,77.64146,4.791552,57.0
2010-08-01T00:00:00Z,16.375,71.625,8.435574,0.09461027,8.698042,76.023926,2.9298663,58.0
2010-08-01T00:00:00Z,16.375,71.875,8.347067,0.032045413,8.621362,74.833664,2.502594,52.0
2010-08-01T00:00:00Z,16.375,72.125,8.3638525,-0.08392846,8.649973,75.1999,1.0681804,43.0
2010-08-01T00:00:00Z,16.625,68.125,9.058169,1.5961667,9.297749,86.67521,15.473356,66.0
2010-08-01T00:00:00Z,16.625,68.375,8.986449,1.3520112,9.193601,85.05768,12.940243,65.0
2010-08-01T00:00:00Z,16.625,68.625,8.943722,1.1276933,9.1283655,84.29469,10.742843,67.0
2010-08-01T00:00:00Z,16.625,68.875,9.0566435,1.0101935,9.242813,86.76677,10.071415,70.0
2010-08-01T00:00:00Z,16.625,69.125,8.926936,0.89116764,9.103187,84.11158,8.942196,71.0
2010-08-01T00:00:00Z,16.625,69.375,8.948299,0.8865897,9.094031,84.38625,9.125313,68.0
2010-08-01T00:00:00Z,16.625,69.625,8.957456,0.8575963,9.104332,84.72196,9.155832,67.0
2010-08-01T00:00:00Z,16.625,69.875,8.836904,0.7904535,8.993317,82.92132,8.69804,62.0
2010-08-01T00:00:00Z,16.625,70.125,8.896417,0.7233107,9.055119,83.8369,8.118171,64.0
2010-08-01T00:00:00Z,16.625,70.375,8.81554,0.5279863,8.97615,82.43301,6.317524,62.0
2010-08-01T00:00:00Z,16.625,70.625,8.826222,0.47610328,9.0070505,83.10444,6.225966,64.0
2010-08-01T00:00:00Z,16.625,70.875,8.870475,0.39827868,9.055119,83.6843,5.707135,61.0
2010-08-01T00:00:00Z,16.625,71.125,8.73619,0.4242202,8.939527,81.39535,5.829213,59.0
2010-08-01T00:00:00Z,16.625,71.375,8.4126835,0.27314898,8.63624,75.77977,4.577916,57.0
2010-08-01T00:00:00Z,16.625,71.625,8.218885,0.016785692,8.4542675,72.14796,1.9227247,56.0
2010-08-01T00:00:00Z,16.625,71.875,8.173106,0.19227247,8.430233,71.62913,3.479216,54.0
2010-08-01T00:00:00Z,16.625,72.125,8.250931,0.3326619,8.511492,72.97198,4.394799,45.0
2010-08-01T00:00:00Z,16.875,68.125,8.9833975,1.6099005,9.230225,85.42391,15.503876,67.0
2010-08-01T00:00:00Z,16.875,68.375,8.974241,1.4511994,9.186734,84.96612,13.947384,67.0
2010-08-01T00:00:00Z,16.875,68.625,8.910151,1.2757126,9.103187,83.92846,12.238296,64.0
2010-08-01T00:00:00Z,16.875,68.875,9.026124,1.0483427,9.223357,86.27846,10.468168,70.0
2010-08-01T00:00:00Z,16.875,69.125,8.949826,1.0132455,9.144388,84.874565,10.193493,68.0
2010-08-01T00:00:00Z,16.875,69.375,8.9223585,1.036135,9.095176,84.29469,10.651284,67.0
2010-08-01T00:00:00Z,16.875,69.625,8.812489,0.8789599,8.987595,82.127815,8.972715,64.0
2010-08-01T00:00:00Z,16.875,69.875,8.768235,0.7843496,8.907481,81.334305,8.057132,61.0
2010-08-01T00:00:00Z,16.875,70.125,8.699567,0.71720684,8.851401,80.14405,7.6603794,62.0
2010-08-01T00:00:00Z,16.875,70.375,8.716352,0.7339925,8.874291,80.723915,7.9960933,57.0
2010-08-01T00:00:00Z,16.875,70.625,8.794177,0.76756394,8.980728,82.76872,9.003235,60.0
2010-08-01T00:00:00Z,16.875,70.875,8.609534,0.40285662,8.785022,78.862236,5.0967464,59.0
2010-08-01T00:00:00Z,16.875,71.125,8.53171,0.46542147,8.715209,77.671974,5.890252,58.0
2010-08-01T00:00:00Z,16.875,71.375,8.385216,0.31129828,8.60076,75.38302,4.638955,59.0
2010-08-01T00:00:00Z,16.875,71.625,8.17921,0.024415553,8.401622,71.751205,1.8311664,57.0
2010-08-01T00:00:00Z,16.875,71.875,8.109015,0.0381493,8.358131,70.744064,1.8311664,54.0
2010-08-01T00:00:00Z,16.875,72.125,8.0601845,0.24873343,8.307775,70.0116,3.3571384,43.0
2010-08-01T00:00:00Z,17.125,68.125,9.044436,1.8265885,9.319493,87.04144,18.00647,70.0
2010-08-01T00:00:00Z,17.125,68.375,9.094793,1.5076604,9.329794,87.68235,14.8629675,71.0
2010-08-01T00:00:00Z,17.125,68.625,9.006287,1.2894464,9.21878,85.85118,12.665567,68.0
2010-08-01T00:00:00Z,17.125,68.875,9.006287,1.2329854,9.213057,86.308975,12.421412,72.0
2010-08-01T00:00:00Z,17.125,69.125,9.018495,1.0880181,9.2073345,86.492096,11.261673,69.0
2010-08-01T00:00:00Z,17.125,69.375,8.991027,1.1811023,9.175289,85.912224,12.085698,68.0
2010-08-01T00:00:00Z,17.125,69.625,8.928462,1.1749984,9.115776,84.99664,12.299335,66.0
2010-08-01T00:00:00Z,17.125,69.875,8.62632,0.87133,8.772432,79.10639,8.759079,59.0
2010-08-01T00:00:00Z,17.125,70.125,8.852163,0.9201611,9.020784,83.470665,10.132454,61.0
2010-08-01T00:00:00Z,17.125,70.375,8.775865,0.926265,8.961271,82.49405,10.193493,58.0
2010-08-01T00:00:00Z,17.125,70.625,8.565281,0.7049991,8.734665,78.55704,7.965574,58.0
2010-08-01T00:00:00Z,17.125,70.875,8.490508,0.45016173,8.676296,77.3973,5.6766157,54.0
2010-08-01T00:00:00Z,17.125,71.125,8.389794,0.39980465,8.571004,75.535614,5.249344,55.0
2010-08-01T00:00:00Z,17.125,71.375,8.385216,0.39064884,8.590461,75.56613,5.249344,55.0
2010-08-01T00:00:00Z,17.125,71.625,8.347067,0.34944758,8.584738,75.29146,5.1577854,58.0
2010-08-01T00:00:00Z,17.125,71.875,8.141061,0.23499969,8.37301,71.87328,3.8454494,56.0
2010-08-01T00:00:00Z,17.125,72.125,8.229567,0.57529145,8.505769,74.04016,7.08051,50.0
2010-08-01T00:00:00Z,17.375,68.125,9.088689,1.8082768,9.3709955,88.048584,17.97595,75.0
2010-08-01T00:00:00Z,17.375,68.375,8.963559,1.6083745,9.20619,85.54599,15.80907,68.0
2010-08-01T00:00:00Z,17.375,68.625,8.900994,1.41305,9.134088,84.1421,13.977903,68.0
2010-08-01T00:00:00Z,17.375,68.875,8.997131,1.31081,9.214202,86.400536,13.306476,73.0
2010-08-01T00:00:00Z,17.375,69.125,8.894891,1.1200634,9.094031,84.38625,11.353231,70.0
2010-08-01T00:00:00Z,17.375,69.375,8.992553,1.1170115,9.201612,86.1869,11.719465,73.0
2010-08-01T00:00:00Z,17.375,69.625,8.868949,1.1719465,9.057408,83.95898,12.146737,70.0
2010-08-01T00:00:00Z,17.375,69.875,8.780443,0.9812,8.939527,82.06677,10.040895,60.0
2010-08-01T00:00:00Z,17.375,70.125,8.734664,0.90184945,8.901759,81.70054,9.8577795,59.0
2010-08-01T00:00:00Z,17.375,70.375,8.583592,0.819447,8.750688,79.22847,9.033754,59.0
2010-08-01T00:00:00Z,17.375,70.625,8.589696,0.79808336,8.762133,79.35055,8.972715,58.0
2010-08-01T00:00:00Z,17.375,70.875,8.397424,0.6149667,8.577871,75.77977,7.2025876,61.0
2010-08-01T00:00:00Z,17.375,71.125,8.356223,0.56308365,8.552692,74.80315,6.653238,54.0
2010-08-01T00:00:00Z,17.375,71.375,8.263139,0.39064884,8.468001,73.61289,5.1577854,56.0
2010-08-01T00:00:00Z,17.375,71.625,8.057132,0.25941524,8.267717,70.0116,3.6928523,58.0
2010-08-01T00:00:00Z,17.375,71.875,8.205152,0.4623695,8.457701,73.52133,6.164927,56.0
2010-08-01T00:00:00Z,17.375,72.125,8.093756,0.40590855,8.368431,71.354454,5.4324603,54.0
2010-08-01T00:00:00Z,17.625,68.125,8.978819,1.6617835,9.250825,85.97326,16.3279,76.0
2010-08-01T00:00:00Z,17.625,68.375,8.929988,1.5580174,9.177578,85.088196,15.351278,73.0
2010-08-01T00:00:00Z,17.625,68.625,8.980345,1.3550631,9.2073345,85.790146,13.520112,75.0
2010-08-01T00:00:00Z,17.625,68.875,8.948299,1.2451931,9.156978,85.2408,12.451932,76.0
2010-08-01T00:00:00Z,17.625,69.125,9.018495,1.1704205,9.225646,87.04144,12.177257,72.0
2010-08-01T00:00:00Z,17.625,69.375,8.965085,1.0834401,9.168423,86.003784,11.383751,70.0
2010-08-01T00:00:00Z,17.625,69.625,8.920833,1.2604529,9.105476,85.179756,13.062321,66.0
2010-08-01T00:00:00Z,17.625,69.875,8.814014,1.0590246,8.996751,83.13496,11.139596,64.0
2010-08-01T00:00:00Z,17.625,70.125,8.702619,0.86370015,8.870858,80.96807,9.125313,59.0
2010-08-01T00:00:00Z,17.625,70.375,8.638528,0.94915456,8.818212,80.14405,10.132454,55.0
2010-08-01T00:00:00Z,17.625,70.625,8.612586,0.9064274,8.793034,79.716774,9.796741,60.0
2010-08-01T00:00:00Z,17.625,70.875,8.39895,0.78587556,8.589316,75.96288,8.69804,64.0
2010-08-01T00:00:00Z,17.625,71.125,8.344015,0.6363303,8.543537,74.86419,7.2025876,57.0
2010-08-01T00:00:00Z,17.625,71.375,8.112067,0.46999937,8.311208,70.8051,5.401941,57.0
2010-08-01T00:00:00Z,17.625,71.625,8.0357685,0.42269424,8.247117,69.73692,4.9746685,59.0
2010-08-01T00:00:00Z,17.625,71.875,8.151742,0.5295123,8.398188,72.33107,6.317524,54.0
2010-08-01T00:00:00Z,17.625,72.125,7.8831716,0.41048646,8.168148,68.11939,5.524019,53.0
2010-08-01T00:00:00Z,17.875,68.125,9.039858,1.6449978,9.309194,87.25508,16.266861,78.0
2010-08-01T00:00:00Z,17.875,68.375,9.038332,1.6739913,9.309194,87.71287,16.663614,75.0
2010-08-01T00:00:00Z,17.875,68.625,9.010864,1.577855,9.269136,87.10248,15.900628,72.0
2010-08-01T00:00:00Z,17.875,68.875,8.965085,1.4283098,9.202757,86.52261,14.405175,71.0
2010-08-01T00:00:00Z,17.875,69.125,8.972715,1.2375633,9.187879,86.55313,12.574009,71.0
2010-08-01T00:00:00Z,17.875,69.375,8.82317,1.1124336,9.021929,83.62327,11.170115,71.0
2010-08-01T00:00:00Z,17.875,69.625,8.981872,1.2635049,9.167278,86.827805,13.062321,64.0
2010-08-01T00:00:00Z,17.875,69.875,8.833852,1.1719465,9.029941,83.92846,12.146737,64.0
2010-08-01T00:00:00Z,17.875,70.125,8.559177,1.0788622,8.7335205,78.95379,10.92596,60.0
2010-08-01T00:00:00Z,17.875,70.375,8.373009,0.8453885,8.525225,75.108345,8.545444,59.0
2010-08-01T00:00:00Z,17.875,70.625,8.308918,0.8286028,8.471435,74.28432,8.362327,60.0
2010-08-01T00:00:00Z,17.875,70.875,8.328755,0.653116,8.4908905,74.711586,6.958432,59.0
2010-08-01T00:00:00Z,17.875,71.125,8.293658,0.6164927,8.471435,73.73497,6.500641,59.0
2010-08-01T00:00:00Z,17.875,71.375,8.0845995,0.599707,8.280307,70.40835,6.256485,60.0
2010-08-01T00:00:00Z,17.875,71.625,8.012879,0.72941464,8.258561,70.0116,7.965574,62.0
2010-08-01T00:00:00Z,17.875,71.875,7.997619,0.6210706,8.242538,69.67588,7.019471,51.0
2010-08-01T00:00:00Z,17.875,72.125,7.8190804,0.5768174,8.092612,66.92913,6.6837573,50.0
2010-08-01T00:00:00Z,18.125,68.125,9.03528,1.6678874,9.311482,87.37716,16.541536,78.0
2010-08-01T00:00:00Z,18.125,68.375,8.980345,1.6724653,9.255403,86.70573,16.572056,75.0
2010-08-01T00:00:00Z,18.125,68.625,8.975767,1.6037966,9.2439575,87.010925,16.144783,72.0
2010-08-01T00:00:00Z,18.125,68.875,9.067326,1.469511,9.314916,88.68949,14.985045,75.0
2010-08-01T00:00:00Z,18.125,69.125,8.913202,1.3001281,9.144388,85.63755,12.940243,72.0
2010-08-01T00:00:00Z,18.125,69.375,8.68278,1.2726606,8.882302,81.15119,12.329854,69.0
2010-08-01T00:00:00Z,18.125,69.625,8.627846,1.2574009,8.814778,79.93041,12.085698,65.0
2010-08-01T00:00:00Z,18.125,69.875,8.658365,1.1933101,8.838813,80.78496,11.811024,64.0
2010-08-01T00:00:00Z,18.125,70.125,8.36843,1.1627907,8.550404,75.413536,11.383751,58.0
2010-08-01T00:00:00Z,18.125,70.375,8.145638,1.039187,8.312352,71.232376,9.888299,56.0
2010-08-01T00:00:00Z,18.125,70.625,8.125801,0.9537325,8.2963295,71.38497,9.338948,58.0
2010-08-01T00:00:00Z,18.125,70.875,8.110541,0.77519375,8.284884,71.049255,7.904535,61.0
2010-08-01T00:00:00Z,18.125,71.125,8.093756,0.7217848,8.291752,71.07977,7.6603794,63.0
2010-08-01T00:00:00Z,18.125,71.375,7.9320025,0.87590796,8.15327,68.821335,9.155832,63.0
2010-08-01T00:00:00Z,18.125,71.625,7.567295,0.7431484,7.812215,62.65641,7.843496,58.0
2010-08-01T00:00:00Z,18.125,71.875,7.588659,0.73857045,7.8614273,62.961605,7.9960933,53.0
2010-08-01T00:00:00Z,18.125,72.125,7.280412,0.5005188,7.568441,58.047974,5.5850577,47.0
2010-08-01T00:00:00Z,18.375,68.125,8.929988,1.6709393,9.210768,85.72911,16.35842,76.0
2010-08-01T00:00:00Z,18.375,68.375,8.907099,1.6434718,9.187879,85.484955,16.144783,73.0
2010-08-01T00:00:00Z,18.375,68.625,8.919307,1.6526277,9.182157,85.66807,16.175303,74.0
2010-08-01T00:00:00Z,18.375,68.875,8.719404,1.5030824,8.978438,82.00574,14.618812,71.0
2010-08-01T00:00:00Z,18.375,69.125,8.7285595,1.3703228,8.975005,82.5856,13.489593,75.0
2010-08-01T00:00:00Z,18.375,69.375,8.524079,1.3443813,8.732376,78.3434,12.665567,64.0
2010-08-01T00:00:00Z,18.375,69.625,8.339437,1.2284075,8.545826,75.26094,11.41427,62.0
2010-08-01T00:00:00Z,18.375,69.875,8.339437,1.2299334,8.52408,75.1999,11.566868,59.0
2010-08-01T00:00:00Z,18.375,70.125,8.221937,1.2314594,8.424511,73.12458,11.811024,62.0
2010-08-01T00:00:00Z,18.375,70.375,7.999145,1.0422388,8.18646,69.18757,10.071415,62.0
2010-08-01T00:00:00Z,18.375,70.625,7.7748275,0.9918818,7.9415407,65.00641,9.216871,56.0
2010-08-01T00:00:00Z,18.375,70.875,7.8175545,0.7904535,7.9884644,65.70835,7.7214184,57.0
2010-08-01T00:00:00Z,18.375,71.125,7.7076845,0.8392846,7.9049177,64.09082,8.17921,58.0
2010-08-01T00:00:00Z,18.375,71.375,7.5367756,0.79808336,7.760713,62.07654,7.965574,56.0
2010-08-01T00:00:00Z,18.375,71.625,7.413172,0.7950314,7.6725883,60.214855,8.057132,52.0
2010-08-01T00:00:00Z,18.375,71.875,7.518464,0.8896417,7.812215,62.351215,9.27791,53.0
2010-08-01T00:00:00Z,18.375,72.125,7.0118413,0.6943173,7.2971992,54.08045,6.866874,49.0
2010-08-01T00:00:00Z,18.625,68.125,8.638528,1.7029848,8.93266,80.57132,16.083744,67.0
2010-08-01T00:00:00Z,18.625,68.375,8.539339,1.580907,8.829657,78.52652,14.954526,67.0
2010-08-01T00:00:00Z,18.625,68.625,8.505768,1.4893486,8.787311,78.00769,14.069462,67.0
2010-08-01T00:00:00Z,18.625,68.875,8.455411,1.5580174,8.722075,77.12263,14.527253,65.0
2010-08-01T00:00:00Z,18.625,69.125,8.543918,1.5137643,8.780444,79.04535,14.344137,66.0
2010-08-01T00:00:00Z,18.625,69.375,8.310444,1.4634072,8.550404,75.1999,13.764267,62.0
2010-08-01T00:00:00Z,18.625,69.625,8.3150215,1.4252578,8.544682,75.59665,13.336995,64.0
2010-08-01T00:00:00Z,18.625,69.875,8.2433,1.2085698,8.453123,74.34535,11.170115,63.0
2010-08-01T00:00:00Z,18.625,70.125,7.9670997,1.1536348,8.170437,68.85186,10.498688,57.0
2010-08-01T00:00:00Z,18.625,70.375,7.788561,1.0193493,7.9758754,65.49472,9.338948,58.0
2010-08-01T00:00:00Z,18.625,70.625,7.7733016,0.9049014,7.949552,65.250565,8.423366,63.0
2010-08-01T00:00:00Z,18.625,70.875,7.7153144,0.8606482,7.91064,64.48758,8.17921,62.0
2010-08-01T00:00:00Z,18.625,71.125,7.510834,0.76451194,7.7069225,61.03888,7.141549,60.0
2010-08-01T00:00:00Z,18.625,71.375,7.304828,0.63022643,7.523806,58.078495,6.1954465,56.0
2010-08-01T00:00:00Z,18.625,71.625,7.0988216,0.80571324,7.3464117,55.54538,7.5077825,55.0
2010-08-01T00:00:00Z,18.625,71.875,6.816517,0.65006405,7.0683036,51.699932,6.1954465,50.0
2010-08-01T00:00:00Z,18.625,72.125,6.482329,0.6485381,6.763872,46.420067,5.524019,48.0
2010-08-01T00:00:00Z,18.875,68.125,8.414209,1.7838613,8.736954,76.78691,16.3279,65.0
2010-08-01T00:00:00Z,18.875,68.375,8.336385,1.5717511,8.635096,75.0473,14.283098,67.0
2010-08-01T00:00:00Z,18.875,68.625,8.10749,1.5305499,8.427944,71.20185,13.886345,61.0
2010-08-01T00:00:00Z,18.875,68.875,8.192944,1.580907,8.479446,72.60575,14.313618,63.0
2010-08-01T00:00:00Z,18.875,69.125,8.127327,1.6175303,8.407344,72.11744,14.74089,64.0
2010-08-01T00:00:00Z,18.875,69.375,8.156321,1.5900629,8.410777,72.54471,14.283098,61.0
2010-08-01T00:00:00Z,18.875,69.625,8.095282,1.3840566,8.355843,71.78172,12.421412,61.0
2010-08-01T00:00:00Z,18.875,69.875,8.022035,1.0971738,8.270006,70.49991,9.888299,61.0
2010-08-01T00:00:00Z,18.875,70.125,7.942684,1.0712323,8.199049,68.88238,9.918818,65.0
2010-08-01T00:00:00Z,18.875,70.375,7.8175545,0.8011353,8.047977,66.166145,7.5077825,65.0
2010-08-01T00:00:00Z,18.875,70.625,7.692425,0.74772626,7.908351,64.3655,7.2025876,65.0
2010-08-01T00:00:00Z,18.875,70.875,7.5627174,0.81639504,7.796192,62.503815,8.026612,65.0
2010-08-01T00:00:00Z,18.875,71.125,7.358237,0.67905754,7.6016307,59.207714,6.653238,63.0
2010-08-01T00:00:00Z,18.875,71.375,6.9965816,0.7523042,7.244553,53.50058,6.897393,54.0
2010-08-01T00:00:00Z,18.875,71.625,6.865348,0.927791,7.1598616,52.768112,8.514924,57.0
2010-08-01T00:00:00Z,18.875,71.875,6.602881,0.79808336,6.914943,49.410973,7.2636266,57.0
2010-08-01T00:00:00Z,18.875,72.125,6.253433,0.8286028,6.54871,44.070072,6.5616794,52.0
2010-08-01T00:00:00Z,19.125,68.125,8.159372,1.8632119,8.50348,72.51419,16.572056,61.0
2010-08-01T00:00:00Z,19.125,68.375,8.115119,1.6129524,8.430233,71.47653,14.344137,60.0
2010-08-01T00:00:00Z,19.125,68.625,8.141061,1.6221082,8.443967,71.93432,14.374657,61.0
2010-08-01T00:00:00Z,19.125,68.875,8.029665,1.6160043,8.33982,70.34731,14.466214,56.0
2010-08-01T00:00:00Z,19.125,69.125,8.159372,1.6831471,8.442822,72.84991,15.076603,64.0
2010-08-01T00:00:00Z,19.125,69.375,8.150216,1.4786669,8.4165,72.6973,13.214917,65.0
2010-08-01T00:00:00Z,19.125,69.625,8.051028,1.4008423,8.348975,71.26289,12.665567,60.0
2010-08-01T00:00:00Z,19.125,69.875,8.05408,1.2604529,8.305485,71.17133,11.44479,61.0
2010-08-01T00:00:00Z,19.125,70.125,7.861808,1.0971738,8.116646,67.478485,10.071415,61.0
2010-08-01T00:00:00Z,19.125,70.375,7.4894705,1.0452908,7.7206564,60.550568,9.033754,58.0
2010-08-01T00:00:00Z,19.125,70.625,7.4284315,1.0178233,7.635965,59.757065,8.820118,59.0
2010-08-01T00:00:00Z,19.125,70.875,7.397912,0.95220655,7.602775,59.94018,8.545444,62.0
2010-08-01T00:00:00Z,19.125,71.125,7.252945,0.92168707,7.482605,57.986935,8.392846,60.0
2010-08-01T00:00:00Z,19.125,71.375,6.979796,0.90184945,7.247987,54.446682,8.270768,58.0
2010-08-01T00:00:00Z,19.125,71.625,6.6211925,0.87285596,6.9401217,49.716167,7.9960933,58.0
2010-08-01T00:00:00Z,19.125,71.875,6.3968744,0.91253126,6.714659,46.816822,7.751938,51.0
2010-08-01T00:00:00Z,19.125,72.125,5.940609,0.77671975,6.284335,41.018127,6.3480434,49.0
2010-08-01T00:00:00Z,19.375,68.125,7.9274244,1.7167186,8.298618,68.7603,14.985045,53.0
2010-08-01T00:00:00Z,19.375,68.375,7.9197946,1.634316,8.241394,68.33302,13.886345,53.0
2010-08-01T00:00:00Z,19.375,68.625,7.8663855,1.5595434,8.179592,67.203804,13.245437,54.0
2010-08-01T00:00:00Z,19.375,68.875,7.964048,1.5427577,8.270006,69.49277,13.459073,56.0
2010-08-01T00:00:00Z,19.375,69.125,7.9320025,1.6282121,8.224227,68.97394,13.977903,58.0
2010-08-01T00:00:00Z,19.375,69.375,7.840444,1.4038942,8.124658,67.11225,11.99414,58.0
2010-08-01T00:00:00Z,19.375,69.625,7.663431,1.472563,7.918651,64.09082,12.543489,52.0
2010-08-01T00:00:00Z,19.375,69.875,7.683269,1.2741866,7.91064,64.18238,10.529207,56.0
2010-08-01T00:00:00Z,19.375,70.125,7.4925227,1.1078557,7.714934,60.825245,8.942196,58.0
2010-08-01T00:00:00Z,19.375,70.375,7.298724,1.0971738,7.5352507,57.498627,8.942196,54.0
2010-08-01T00:00:00Z,19.375,70.625,7.1461267,0.97967404,7.36129,55.179146,7.812977,55.0
2010-08-01T00:00:00Z,19.375,70.875,7.225477,0.92931694,7.4391146,57.16291,7.690899,55.0
2010-08-01T00:00:00Z,19.375,71.125,7.0728803,0.94152474,7.309788,54.56876,7.812977,52.0
2010-08-01T00:00:00Z,19.375,71.375,6.651712,0.82707685,6.904643,49.227856,6.958432,53.0
2010-08-01T00:00:00Z,19.375,71.625,6.433498,0.86522615,6.7192373,46.511627,7.1720686,55.0
2010-08-01T00:00:00Z,19.375,71.875,6.253433,0.93999875,6.5475655,44.955135,7.7824574,51.0
2010-08-01T00:00:00Z,19.375,72.125,5.7376547,1.0636024,6.087485,38.69865,8.14869,48.0
2010-08-01T00:00:00Z,19.625,68.125,7.8083987,1.8418483,8.193326,66.80705,15.656473,51.0
2010-08-01T00:00:00Z,19.625,68.375,7.846548,1.6694133,8.184171,67.32588,14.222059,50.0
2010-08-01T00:00:00Z,19.625,68.625,7.9258986,1.5915889,8.257417,69.06549,13.886345,51.0
2010-08-01T00:00:00Z,19.625,68.875,7.8572297,1.7304523,8.162425,67.6616,14.527253,54.0
2010-08-01T00:00:00Z,19.625,69.125,7.6191783,1.3916864,7.9094954,63.05316,11.200635,56.0
2010-08-01T00:00:00Z,19.625,69.375,7.648172,1.5503875,7.9278073,63.999268,12.635048,55.0
2010-08-01T00:00:00Z,19.625,69.625,7.6512237,1.2802905,7.8694386,63.78563,10.407129,53.0
2010-08-01T00:00:00Z,19.625,69.875,7.6664834,1.2116218,7.882028,63.84667,9.796741,58.0
2010-08-01T00:00:00Z,19.625,70.125,7.3445034,1.036135,7.568441,58.597324,7.9960933,53.0
2010-08-01T00:00:00Z,19.625,70.375,7.248367,1.2070439,7.431103,56.277847,9.491546,49.0
2010-08-01T00:00:00Z,19.625,70.625,7.188854,0.927791,7.3979135,55.392784,7.3857045,52.0
2010-08-01T00:00:00Z,19.625,70.875,7.29262,0.926265,7.5146503,57.651222,7.4467435,51.0
2010-08-01T00:00:00Z,19.625,71.125,7.0652504,0.78587556,7.272021,54.660316,6.1344075,50.0
2010-08-01T00:00:00Z,19.625,71.375,6.6150885,0.82707685,6.8634415,49.07526,6.592199,58.0
2010-08-01T00:00:00Z,19.625,71.625,6.4609656,0.88506377,6.74556,47.36617,7.0499907,58.0
2010-08-01T00:00:00Z,19.625,71.875,6.2168097,1.0056156,6.5097976,45.10773,7.8740153,50.0
2010-08-01T00:00:00Z,19.625,72.125,5.577428,0.93084294,5.8769007,36.50125,6.897393,49.0
2010-08-01T00:00:00Z,19.875,68.125,7.8251843,1.7121406,8.2539835,67.93627,14.985045,57.0
2010-08-01T00:00:00Z,19.875,68.375,7.9274244,1.7243483,8.30663,69.40121,14.832448,55.0
2010-08-01T00:00:00Z,19.875,68.625,7.861808,1.6465238,8.245973,68.14991,14.130501,58.0
2010-08-01T00:00:00Z,19.875,68.875,7.840444,1.7930171,8.15327,67.57004,14.954526,53.0
2010-08-01T00:00:00Z,19.875,69.125,7.7412558,1.6572056,8.047977,65.52524,13.5506315,56.0
2010-08-01T00:00:00Z,19.875,69.375,7.5505095,1.2833425,7.824804,62.07654,10.010376,52.0
2010-08-01T00:00:00Z,19.875,69.625,7.350607,1.1887321,7.6176534,58.96356,8.69804,53.0
2010-08-01T00:00:00Z,19.875,69.875,7.4253798,1.0742843,7.678311,60.611607,8.057132,50.0
2010-08-01T00:00:00Z,19.875,70.125,7.185802,0.8301288,7.4368258,56.399925,5.9512906,51.0
2010-08-01T00:00:00Z,19.875,70.375,7.2971983,0.9323689,7.5180836,57.83434,6.958432,49.0
2010-08-01T00:00:00Z,19.875,70.625,7.1720686,0.7507782,7.4253807,55.362263,5.9512906,49.0
2010-08-01T00:00:00Z,19.875,70.875,6.99353,0.5386681,7.260576,54.08045,4.2422023,52.0
2010-08-01T00:00:00Z,19.875,71.125,6.6776533,0.5615577,6.9675894,49.899284,4.455838,52.0
2010-08-01T00:00:00Z,19.875,71.375,6.447232,0.6149667,6.714659,47.45773,4.8220716,56.0
2010-08-01T00:00:00Z,19.875,71.625,6.3053164,0.67753154,6.5979223,46.023315,5.188305,54.0
2010-08-01T00:00:00Z,19.875,71.875,5.891778,0.77671975,6.2683125,40.651894,6.164927,54.0
2010-08-01T00:00:00Z,19.875,72.125,4.8373313,1.7289263,5.245148,31.496061,13.031801,5.0
2010-08-01T00:00:00Z,20.125,68.125,7.6802173,1.8769456,8.074301,65.159004,15.473356,56.0
2010-08-01T00:00:00Z,20.125,68.375,7.7961907,1.5931147,8.133813,66.349266,12.879204,59.0
2010-08-01T00:00:00Z,20.125,68.625,7.73973,1.5473356,8.082312,65.555756,12.390893,56.0
2010-08-01T00:00:00Z,20.125,68.875,7.6176524,1.4649332,7.9587083,63.2668,11.566868,56.0
2010-08-01T00:00:00Z,20.125,69.125,7.4528475,1.6099005,7.753846,60.1233,12.726606,51.0
2010-08-01T00:00:00Z,20.125,69.375,7.341451,1.4176279,7.6496987,58.566807,10.986999,52.0
2010-08-01T00:00:00Z,20.125,69.625,7.4452176,1.0788622,7.738968,60.611607,7.8740153,54.0
2010-08-01T00:00:00Z,20.125,69.875,7.231581,0.9552585,7.510072,57.407066,6.8058352,49.0
2010-08-01T00:00:00Z,20.125,70.125,7.1400228,0.9049014,7.396769,56.21681,6.8058352,52.0
2010-08-01T00:00:00Z,20.125,70.375,6.9446983,0.78587556,7.1838956,53.3785,5.646096,50.0
2010-08-01T00:00:00Z,20.125,70.625,6.7646337,0.77519375,7.0362577,50.20448,5.920771,52.0
2010-08-01T00:00:00Z,20.125,70.875,6.6257706,0.5325642,6.9435554,49.19734,4.150644,55.0
2010-08-01T00:00:00Z,20.125,71.125,6.4075565,0.48373312,6.7158036,46.87786,3.9064884,56.0
2010-08-01T00:00:00Z,20.125,71.375,6.213758,0.6958432,6.5235314,44.314228,5.188305,55.0
2010-08-01T00:00:00Z,20.125,71.625,6.164927,0.7400964,6.4857635,44.405785,5.524019,55.0
2010-08-01T00:00:00Z,20.125,71.875,5.6995053,0.88353777,6.082907,37.935665,6.4090824,57.0
2010-08-01T00:00:00Z,20.125,72.125,5.169993,1.5213941,5.71324,30.641518,7.843496,4.0
