"Year","Month","Dates","CHL.1","CHL.2","CHL.3","CHL.4","CHL.5","CHL.6","CHL.7","CHL.8","CHL.9","CHL.10","CHL.11","CHL.12","CHL.13","CHL.14"
"2003","01",2003-01-16,0.794086373191279,0.983360429990639,0.775679833664794,0.412784651447745,0.223068937574357,0.162469494152069,0.207794351792336,0.159133572888374,0.146210684680939,0.169779463481903,0.148337657570839,0.156109444080637,0.152740332710743,1.0356606503073
"2003","02",2003-02-16,1.5206507506443,0.686144462963681,0.886645170697733,0.380908978581429,0.247758528867433,0.144651900625229,0.15312604162693,0.152587666723655,0.154243080536332,0.150065069007874,0.155283486340769,0.148022902112047,0.15399859183734,0.96368718279581
"2003","03",2003-03-16,0.500804572312842,0.904424990352133,1.34696620884023,0.4872886716253,0.40062184120553,0.167468148779869,0.200317540717125,0.197750555928196,0.149584280518393,0.171632568037452,0.158921821036538,0.135016291044318,0.124799128886192,0.457242073879231
"2003","04",2003-04-16,0.92109976003263,0.343376362831264,0.288466315868765,0.284746294419439,0.412579543430712,0.189773131282531,0.241113217874757,0.209188453975673,0.157985017284386,0.220784595598821,0.188851317884572,0.154761688239807,0.160208741220803,0.435681898602729
"2003","05",2003-05-16,1.70545323382568,2.24744053549913,1.11975692901409,0.373140290884648,0.419312503413264,0.23010102486504,0.194999022177233,0.214984056568637,0.186379427128825,0.260664081188286,0.153690678053352,0.162241340833738,0.145838104920087,1.8316864227141
"2003","06",2003-06-16,0.719454101826015,0.628664711917319,0.703927418789678,1.49650778602546,6.11496181684961,NA,0.251280985550204,0.237400774651928,0.314089161343873,0.910825176237553,0.168401226700206,0.189357849221733,0.202615256641495,0.434745744017545
"2003","07",2003-07-16,NA,NA,19.4854630231857,18.602555513382,4.50715700938795,NA,NA,NA,NA,4.06690891385078,NA,0.293717280030251,0.266003858966705,0.566113173961639
"2003","08",2003-08-16,0.962029792368412,5.30717685490847,7.7507990452708,23.407486578052,10.5636099559419,NA,0.536929376423359,0.605398017852033,0.256887111398909,5.93910363113338,0.204633570143155,0.640615344386209,0.195837862059182,NA
"2003","09",2003-09-16,4.16765785257695,5.70102700423299,6.54802641334311,4.24967148313873,8.01392963519291,1.02236835383674,1.27575927800383,1.42607131270479,0.369090847026414,1.43698972776748,0.309698141614596,0.253958753015914,0.256782845208343,2.26167254360599
"2003","10",2003-10-16,2.12361437516243,3.20435292156499,2.37983836699499,2.03410417273705,4.25352549037276,0.39255839704719,0.712019784328265,0.305091111497446,0.240531191006582,0.704838170099065,0.234080894531742,0.346969447150005,0.228314639354845,1.77416321364042
"2003","11",2003-11-16,1.68094036148654,1.5859389396317,1.87561772834687,0.869394619240466,0.6856394947089,0.264409999918938,0.363321829509735,0.315631348872185,0.278860746047054,0.322250160574913,0.25997727682912,0.310851357437548,0.287553946684182,2.13888396849167
"2003","12",2003-12-16,1.07981466198527,1.07696807355835,0.783131778689659,0.467140701546771,0.291231949178671,0.240992417860031,0.261360389018059,0.255677801418304,0.186647667384148,0.198612283229828,0.179289006376266,0.181046552157402,0.177608121681213,1.09193195991377
"2004","01",2004-01-16,0.877050428245312,1.37172576963175,0.895224593822346,0.506006110094342,0.426650626796552,0.202652527856827,0.209921993732452,0.197269430470467,0.185227265286446,0.231288209438324,0.161643755269051,0.184150689601898,0.171787523749743,0.629142921914432
"2004","02",2004-02-16,0.813648058205459,0.860803356334677,1.01773637395801,0.419423806761938,0.248084389295977,0.188627391815186,0.225473275455909,0.172204929685593,0.154867453848137,0.165842679639657,0.152172687140415,0.155142512589523,0.161713356907303,0.677771077053347
"2004","03",2004-03-16,0.647756971703593,0.934978165420504,1.08641639987388,0.484499041766536,0.240767761330674,0.146569986517231,0.189465322725627,0.174382225322723,0.164403402924538,0.148021716880798,0.150713244891167,0.150499767573868,0.150298511919374,0.36563293816877
"2004","04",2004-04-16,0.493308724479361,0.986109590018863,0.804089315397976,0.587687153660466,0.546860124868078,0.169927437168856,0.18544322772859,0.184589513392589,0.186929256752529,0.160940563866223,0.151482637081018,0.156874719242549,0.146869061811679,0.534015754973715
"2004","05",2004-05-16,2.68020826807389,1.00906154699624,1.8017324406897,3.23572621067416,4.40442363849578,0.499386605361234,0.226936636377225,0.628008616863522,0.273652189448476,1.6942829097787,0.361756763377115,0.176875705987799,0.219142783574156,0.527117995661683
"2004","06",2004-06-16,0.739547548669108,NA,NA,2.39632418751717,6.40222186612941,0.261489200592041,NA,0.181784400343895,0.221260423130459,2.31224627888972,0.182465917042767,0.281571256739846,0.175721963291818,0.95720568722622
"2004","07",2004-07-16,NA,6.79269234339396,16.8021801067435,9.52302841993346,12.9178950167687,NA,0.893914210796356,2.94733274917977,1.45796286020168,6.14733002807053,0.358710975586614,1.94807731245924,0.342034381102113,NA
"2004","08",2004-08-16,3.23714564243952,10.1404919359419,15.0746566227504,17.1872223218282,12.8603226463,1.64584464629491,7.3966321035217,7.17377151372612,0.484144247804128,16.1566504056637,0.200878602815858,0.595604803413153,0.268025417278693,NA
"2004","09",2004-09-16,4.91476376915197,13.9497932742164,15.5709609107942,6.67291610576641,13.2774066934488,2.15061455645423,7.18436878398061,12.93563649758,3.69062867381639,5.95879705879709,0.668995692592227,1.11141980277668,0.305140210708161,2.47318547293202
"2004","10",2004-10-16,1.3906767476836,1.98623657173479,1.8453007228122,1.21788890365901,2.41606249690056,0.620932011337887,0.291027732157007,0.26596751814442,0.222698770770327,0.479878518511267,0.305556706222919,0.258623266786718,0.208345837491964,1.60229602946442
"2004","11",2004-11-16,1.62138837913417,1.34038030696147,1.18560900603548,0.554133011725704,0.376772309653461,0.197309479784966,0.248351324605942,0.248866899180412,0.170448399903411,0.253240481948853,0.168915298414688,0.214235791927062,0.243872948967362,1.48817874566193
"2004","12",2004-12-16,1.41152975118541,1.48221121817542,1.2613582007449,0.524500249506673,0.258736749235381,0.170119889426231,0.19576999707222,0.278695579051971,0.190757889914513,0.173794851279259,0.17922509932518,0.165916555166245,0.178940246343613,1.25958506601086
"2005","01",2005-01-16,0.80940952063508,0.890958385656448,0.810221022374624,0.427725693419546,0.211027431118692,0.171308936047554,0.175105298829079,0.160528043380533,0.167974509000778,0.165260084867477,0.15863629989326,0.16453983595237,0.159634678862259,1.71368658672798
"2005","02",2005-02-16,0.766734352001013,0.994423783868909,0.935464063390743,0.491230998933315,0.227178424468696,0.16081795809269,0.151121960282326,0.153502870845795,0.154628855991364,0.147257696032524,0.15217830414772,0.149637694501877,0.151027371454239,1.08765811392749
"2005","03",2005-03-16,0.7043347647353,0.861905436399506,0.742946420371675,0.590629480082993,0.382905177013603,0.154481838226318,0.150906119894981,0.150926843118668,0.139598514036968,0.14532200833559,0.144703779101372,0.13511214392227,0.138973458349823,0.730101516825143
"2005","04",2005-04-16,0.691540005816266,1.02346853889963,0.688588442042541,0.461691671351748,0.455123620584261,0.231180606691061,0.229264127348587,0.215087950842357,0.19785690584626,0.190942812729534,0.141331192127296,0.176644666385567,0.132187380414942,0.510656953654216
"2005","05",2005-05-16,1.37643469438082,2.63143203304512,1.73634293356112,0.469066943818082,0.710600365698338,0.172744666310874,0.198617455480914,0.168752636635703,0.155700412847228,0.21776710502934,0.161705537020561,0.149134673442193,0.146718659456454,1.13671651713022
"2005","06",2005-06-16,0.406089191325009,0.540788819579637,1.41013073596435,2.49620664486142,7.04247901915164,0.173712055188614,0.226438407425679,0.333063162707571,1.56550319574022,1.3969970271889,0.619839170789407,0.969419592820062,0.486112165188639,0.303884816861578
"2005","07",2005-07-16,2.15548371853708,2.91586023878742,4.01021675327245,2.92641468929627,12.2266943497169,0.324517355330529,1.21472727743034,1.35059261859109,0.600893772038074,3.25257449011834,0.294396013698795,1.92519746627425,0.758094978698513,1.79850907027047
"2005","08",2005-08-16,5.86693378857204,5.11521283720113,4.0868740250335,8.3188599361976,6.91087628309278,0.5922838250796,1.65710163640009,0.402806519214802,0.631667648592303,3.39626771459977,0.340262724761514,0.393075412175535,0.469056412400761,4.42550354292543
"2005","09",2005-09-16,3.50674415712106,5.60477769496845,5.81976040082182,6.09964591796909,12.5693238433748,1.1346810210241,1.11550098756602,0.921648918097554,2.82878092704623,2.04592620065579,0.372119961373777,1.94560037636095,0.390498779464367,1.95637011767556
"2005","10",2005-10-16,3.99340415020522,18.2656917094688,10.9015648163901,2.77707924027629,6.95625201912804,0.374798411036722,1.82942641752077,0.582886949331067,0.500017441479506,0.659984596947461,0.302472199630106,0.616048123365567,0.443263250702394,1.64353150418907
"2005","11",2005-11-16,1.96980815179058,3.23029599340565,2.01163082507749,1.36422536228088,0.489804249425088,0.322553328180313,0.376810403974251,0.584416718736879,0.382645206853717,0.435149548567219,0.258975655476818,0.441445655270976,0.264737381522233,1.52408543128456
"2005","12",2005-12-16,1.4102347460764,1.44463100049151,0.859993160585043,0.449496621317543,0.460373235527765,0.280587332558632,0.273787423753738,0.23724923210144,0.221667043542862,0.244934867143631,0.220613790559769,0.240569316720963,0.254252804732323,1.82318675844822
"2006","01",2006-01-16,0.635121168167606,0.965701372753516,0.670007176275523,0.360955181054947,0.360943220152475,0.218875036883354,0.221222159957886,0.218914991879463,0.238033465695381,0.246858433556557,0.259528935837746,0.249698915314674,0.257420395421982,0.982923369800797
"2006","02",2006-02-16,0.607314165267679,1.14104620692242,0.862273961305618,0.416555342950615,0.311217267220542,0.184663574290276,0.202041502642632,0.18439657099247,0.175588395023346,0.18622566242218,0.177161369729042,0.184104454112053,0.185027595305443,0.552968235174743
"2006","03",2006-03-16,0.729726040940131,0.962347579535608,0.658813869585051,0.527921694104034,0.367771160496763,0.152938944101334,0.159641422486305,0.162311298823357,0.155312650806859,0.168631796741486,0.15259866612263,0.1531298210501,0.150563656987912,0.498205259347547
"2006","04",2006-04-16,0.238898402452469,0.236913832525412,0.781766376437101,0.484468218725445,0.496486259554433,0.119244357837098,0.152797270694683,0.157950045032935,0.145279635097424,0.171125456338515,0.141349705953558,0.124313485390412,0.133095073884741,0.298046752996452
"2006","05",2006-05-16,0.637782407157561,1.07754060273108,2.20561312860058,1.44443416825363,1.03503142387434,0.151229627430439,0.154205833872159,NA,0.238258859940938,0.414335266408259,0.140183748677373,0.14474619197291,0.136983935493434,0.444807927573891
"2006","06",2006-06-16,0.773995083589584,1.30035997258678,1.62587663158774,2.08509616630669,6.96359940748904,0.1826999325345,0.201303635031367,0.200485553693127,0.176747572357106,0.922227415596209,0.142343655839318,0.159343468613345,0.140580325880471,0.535022314802416
"2006","07",2006-07-16,NA,NA,NA,16.1250694131338,8.62797958826461,NA,NA,NA,NA,9.82903309296007,NA,0.302294429214228,0.129098497331142,NA
"2006","08",2006-08-16,NA,9.25414724453636,13.2100193905242,8.68476492905802,7.95632953184388,0.419035614683078,0.523627261752668,0.523988394360793,0.908901550379512,3.15055857642609,0.372314156538033,0.715705900484075,0.294572531988349,NA
"2006","09",2006-09-16,5.93610291282336,5.7059516676151,6.49213166394945,2.03907057642937,10.3817274665926,0.443792062811553,2.99166327370724,1.68456274430967,0.440473322282758,0.481252209553795,0.342586035888837,0.219573554433422,0.308503496302228,2.23721058834727
"2006","10",2006-10-16,1.06395651457771,1.20281236256247,1.40751072381224,1.14130664140227,2.95422831046106,0.38192499210421,0.280832652630431,0.237570713410775,0.202256578107881,0.258086051387446,0.176872526459834,0.157128164763224,0.181825680251899,0.886194419036373
"2006","11",2006-11-16,1.3803181431105,0.859206479730652,0.782684254930133,0.474524389079306,0.637379081674984,0.174878756403923,0.165391215715623,0.183587380852856,0.146651848863175,0.217362293045276,0.126900854987113,0.149343005569117,0.134357349494019,0.694495510012452
"2006","12",2006-12-16,0.695478638796918,1.06187794503698,1.21782740798461,0.484767401137082,0.266276309366942,0.144870470452309,0.1543564016819,0.242089182281494,0.158005745768547,0.161975839710236,0.170168152046204,0.152459180736542,0.154367139670425,0.845717341260923
"2007","01",2007-01-16,1.01425922906145,0.82247531966587,0.760843497901947,0.41420275089104,0.247554579453374,0.148339789714349,0.146744180785779,0.181390753316879,0.168044138073921,0.169858308792114,0.147749379767234,0.160215976047516,0.159714876650236,1.04049891713975
"2007","02",2007-02-16,0.538024514594476,0.800116746321968,0.779465758604623,0.365974598818537,0.285511758914991,0.140585017824173,0.143392424106598,0.155127915287018,0.148024612736702,0.150152158546448,0.153789113759995,0.150555372595787,0.154953577446938,0.963452828790654
"2007","03",2007-03-16,0.762104886528264,0.656464807290052,0.251752036117332,0.160239845493369,0.201937099724873,0.139143285170502,0.166754738811184,0.152618238504435,0.143373538200793,0.144908285399122,0.139020689433873,0.141662670422326,0.14070313937223,0.703514085097354
"2007","04",2007-04-16,0.311360830277727,0.403426891629185,0.398237684255914,0.383869860447188,0.269638925056527,0.150793585586045,0.183750118094462,0.145617736776254,0.138730223247042,0.13638993026457,0.133982794249759,0.12485633701594,0.127557951796055,0.358539469739688
"2007","05",2007-05-16,0.518092963408687,1.05011207121077,0.678819746318935,0.798029041179178,1.21716505570232,0.173124081564544,0.156946957979387,0.150929695272699,0.139172435495895,0.243893367090568,0.134563917664165,0.142601150003347,0.138297088418761,0.52720719151126
"2007","06",2007-06-16,0.235129499888938,0.603786868111389,0.825571611897493,2.01531555723148,3.4256883216729,0.139319230843647,0.149576667388645,0.162191445182908,0.170005477465612,0.245378857501724,0.150246219767123,0.145428286883675,0.142451929801029,0.416701295835211
"2007","07",2007-07-16,NA,NA,NA,11.5190140683696,34.4674612240826,NA,NA,NA,2.06964865128199,20.2665279315125,NA,0.898436706873678,0.150869795680046,1.75530251829575
"2007","08",2007-08-16,0.979304740428925,10.3254205977836,2.29824351913789,2.02560423811277,2.34160685734214,0.520712144318081,0.421063601970673,1.80156511695761,0.691954239982146,1.3296516340971,0.361523207628502,0.221060897707939,0.162233076634861,0.395729005336761
"2007","09",2007-09-16,0.907153086115917,3.22727656404534,5.92381797899905,4.12922545813077,8.23365028260515,0.63249787060838,0.553031962347257,0.5158784553177,0.239557139032724,1.8400960687442,0.410415222402662,0.175284295889639,0.177279047597022,2.18674432876197
"2007","10",2007-10-16,1.25666856987876,1.28824387609959,1.71601181576051,1.4564467514247,1.5693682641088,0.252532766839581,0.329889022888472,0.457952684382113,0.376560799379385,0.39371996614066,0.343331143219729,0.186473482662455,0.131756034839505,0.808218699520387
"2007","11",2007-11-16,1.1251010408343,0.901529609401157,0.754763257031463,0.38329350369677,0.301220517020959,0.220194476675987,0.228644800019264,0.238472513747215,0.188604844662432,0.21699130423069,0.160508004927635,0.188120706997388,0.157464437162684,0.765174622339272
"2007","12",2007-12-16,0.929279753966118,0.943579314641975,0.793346045085006,0.363260895276256,0.337592123779508,0.184760110473633,0.223258353662491,0.231906307435036,0.207735905694962,0.236953223991394,0.192599959921837,0.220633407878876,0.232545235767387,0.742390618012065
"2008","01",2008-01-16,0.882998191486014,1.00100412914673,0.797093452544334,0.410557039518608,0.311739755152298,0.18805538713932,0.207213753890991,0.173758647823334,0.161279945468903,0.198218724727631,0.162983129358292,0.193340406084061,0.207437704157829,0.735631454457736
"2008","02",2008-02-16,0.784871478411167,1.26017865659715,0.61659020161789,0.442293130782915,0.270357487853183,0.166651233625412,0.201582658592592,0.172577384986944,0.169389392071553,0.158289221589294,0.154797909562389,0.150121733224938,0.167083549513944,0.678511047497575
"2008","03",2008-03-16,0.569275576752006,0.615657978521618,0.588474425300075,0.377923607369774,0.275535237816003,0.161242987275124,0.160584356412412,0.151636275105345,0.153610900209399,0.16886279961705,0.161342740071014,0.163041314995289,0.143890197584896,0.419520561262721
"2008","04",2008-04-16,0.350346658153822,0.607172572698357,0.381505853507767,0.43634402892839,0.320101470096747,0.160886278473663,0.189886739291251,0.162136171495213,0.170710694115117,0.167863900095173,0.179027976225252,0.140813500289955,0.136743937600911,0.440562927363153
"2008","05",2008-05-16,0.515980854800446,0.741669936841275,0.684708623875417,0.816798699981704,0.746837010370434,0.17347635851512,0.208732111826955,0.265252909052961,0.331971251893611,0.321159366691528,0.264966739002372,0.244271532678213,0.251094669740843,0.75026804000554
"2008","06",2008-06-16,0.496215726257464,NA,NA,0.611972181236043,5.6280956254449,0.228395563387682,NA,NA,NA,0.417497782243623,NA,0.201249777442879,0.177104251459241,0.472279561116145
"2008","07",2008-07-16,NA,1.71807751059532,NA,29.2457294914781,12.2188002772109,NA,NA,NA,NA,12.7664959779941,NA,0.254366010427475,NA,NA
"2008","08",2008-08-16,7.60564289856883,5.8422357071095,4.26553030268234,3.09315929235506,11.4399958141409,0.569876998662949,1.87983669982693,0.651060292333887,1.10824322903237,1.55619631464384,NA,0.581485271453857,0.236867502331734,5.72295938934599
"2008","09",2008-09-16,3.21426248288494,2.76570916518219,2.16121169909785,2.34848814795415,6.70395857164282,0.444625217520015,0.363448878736805,0.247685691010923,0.439403127517019,0.608979407365422,0.209530351165765,0.211411705357023,0.232625565741743,2.64810583622137
"2008","10",2008-10-16,1.51198406632636,2.09681115912067,1.46240502830595,1.34710565289058,0.780040890154754,0.27496866628262,0.239170498355409,0.255363049069111,0.168869698671347,0.503957610487938,0.205720213775145,0.157143854618073,0.174159070658684,1.66238868511575
"2008","11",2008-11-16,0.786199708723591,0.427996456210303,0.383226947552229,0.37058921355867,0.610820225197257,0.198776847969454,0.165420348130699,0.155421234268608,0.139977572042318,0.151216574079051,0.136801324015212,0.142041982958714,0.142470614208529,1.31284357967142
"2008","12",2008-12-16,0.765856865673811,0.835054027883766,0.528068126984687,0.32770587282721,0.337181353010237,0.158998050951958,0.168595732784271,0.16906511015892,0.169638473510742,0.20035246732235,0.149240027815347,0.181689607409331,0.150257984026548,0.903469607355588
"2009","01",2009-01-16,0.811572136687063,0.862468707690136,0.737682198945718,0.406892353232251,0.297032648333409,0.196048569464684,0.181638129901886,0.182825768041611,0.171996075153351,0.200341864323616,0.174841441345215,0.194180566287041,0.183233407998085,0.649113582155553
"2009","02",2009-02-16,0.586881668898074,0.300847415308483,0.496970215857317,0.303066728843583,0.246852633453185,0.218185828749631,0.167573961325451,0.159018332743334,0.156122175610065,0.152283451604843,0.145094325798855,0.151443465152416,0.148110618087629,0.541211500362949
"2009","03",2009-03-16,0.344271899234237,0.379170387213236,0.33125690002032,0.364465109458064,0.26311987016857,0.17270801422596,0.227932051086426,0.217595222395591,0.167890501584833,0.159317791986465,0.183825753114487,0.12444942857934,0.138299511556319,0.354556115325828
"2009","04",2009-04-16,0.189259875565767,0.340922541302793,0.308011753064521,0.336895608888849,0.418512971977806,0.223241317678582,0.235354621862543,0.171680421398041,0.167147372233666,0.232039946133905,0.179556034547942,0.201227578947432,0.199231160380286,NA
"2009","05",2009-05-16,0.537598587037204,1.41150271956639,0.807717472314835,1.14262197169032,6.95118129856884,0.152390587661001,0.253564175645353,0.262614755363731,0.260708661095516,0.307635238678148,0.158023574092287,0.195053704669626,0.157041364158672,0.734306680720027
"2009","06",2009-06-16,0.549461811387314,0.81888827915621,0.835800937177606,1.26129886037425,3.44593342309033,0.150826390047512,0.239136912174277,0.290859670237458,0.316490515597223,0.796930572616214,0.156644880043136,0.228247985171109,0.15309910734198,0.463629201958557
"2009","07",2009-07-16,NA,NA,14.9793224652608,6.07979913552602,17.6952452854026,NA,NA,7.74178957939148,1.1715753475825,7.89665740599271,0.370053177530115,1.67848455976719,0.318975535407662,NA
"2009","08",2009-08-16,5.57073099233887,5.52653152904203,4.44748002729533,4.23319250004632,12.1626642985936,0.410381001441978,0.892811238765717,1.97290604371651,1.83672885855311,2.64608103655759,0.235356537931001,2.13359501921987,0.282649850100279,2.74478495121002
"2009","09",2009-09-16,2.01863901104246,2.76438199679057,5.07336497608619,9.94676073332026,7.28753545496361,0.728578552934859,1.29484780020224,1.25918210061585,0.582723367971087,2.35377371590921,0.561613760558905,0.525053294316219,0.26888399477299,1.64363516124792
"2009","10",2009-10-16,3.03009887361447,5.36949624669167,7.27794300007077,8.6250317361858,11.5758143229918,1.91064026299864,3.13247908224302,2.35460165307584,0.764478923298243,4.17318050803845,1.10179028514201,0.378879721876885,0.249492692006858,3.81597386676813
"2009","11",2009-11-16,1.935797063395,2.0240242862759,2.20627307917836,0.869698477734346,3.12386160461978,0.366210343933105,0.593827923738822,0.470081168571277,0.260451856092131,1.90848747276093,0.270888923373362,0.856844586162072,0.576871574340092,2.08906126076599
"2009","12",2009-12-16,1.67096175262943,2.55695637852901,4.18609672106838,0.882590949683788,0.61190616509869,0.197605110692978,0.210240064048767,0.266048033857346,0.167135621650495,0.20889173605442,0.187379350981269,0.198931669930414,0.235684878914809,1.19877541487675
"2010","01",2010-01-16,0.718611436453201,0.723007541332467,0.678160127164063,0.455494193261405,0.290653788476581,0.166966963195801,0.169595177841187,0.201651248073578,0.16441681395086,0.17108354883194,0.165430291223526,0.167489458675916,0.190021421124295,1.06826268811003
"2010","02",2010-02-16,0.489403805925757,0.502546981645938,0.580204778375695,0.356495377320198,0.18832690186452,0.1516537358284,0.15283585922718,0.17654867374897,0.149109993852146,0.160007385647297,0.155255752378958,0.166512015834451,0.158841775461314,0.667767684889773
"2010","03",2010-03-16,0.438062115501685,0.540356389968596,0.326339847910467,0.297778537713314,0.327776363487341,0.152736320460247,0.141693021157678,0.145820105576515,0.146941266329058,0.152861602890491,0.146071447578331,0.150387226834017,0.148977331990756,0.439376980776125
"2010","04",2010-04-16,0.469331835333566,0.306130199924411,0.497088195178016,0.487548867608703,0.346064294967524,0.293454799056053,0.231923332541353,0.238432696379803,0.132650802209136,0.188452140676975,0.129623500572052,0.121426988940512,0.117102288795369,1.07831040791986
"2010","05",2010-05-16,0.578721554266124,0.89574439349739,0.512445971369743,0.201435496179121,0.21828700610066,0.201512476506953,0.16349009259976,0.201329816577085,0.139816945149201,0.146626247815084,0.110884976236085,0.113734319473255,0.102745387831639,0.895474321831281
"2010","06",2010-06-16,2.03874990675184,1.72296621219108,0.725074130033261,5.31187897974306,8.22770454746517,NA,0.756249804877573,0.379155765123227,0.196334215355854,5.55683088941233,0.159851444264253,0.210255498066545,0.149484167496363,3.00148901673763
"2010","07",2010-07-16,2.20824248024396,1.65584380869512,1.20370977101745,3.37143706236637,11.0299013723887,0.288637229664759,2.05262953937054,0.595886768989785,2.35647347681927,8.36416585873003,0.302731049060822,1.93167304668738,0.13016826659441,0.248345494270325
"2010","08",2010-08-16,NA,14.5952249678833,8.18070900099618,22.5928950560163,23.1930616301062,NA,2.43186304625124,9.34163107897924,2.02751784893599,21.7719366376913,0.711856319385321,0.451283052144759,0.339651976753999,3.67500356365653
"2010","09",2010-09-16,3.18977083156263,4.33278582555702,7.07264186337089,5.20969000251663,13.8660378280934,1.3974690473563,2.29379281526018,2.51942292652347,2.42874652730922,2.41101507075717,0.479839346538025,0.618007121132869,0.193547122520313,1.95188338856026
"2010","10",2010-10-16,1.8477303997711,2.22536871628836,2.45661090534241,1.83430994367534,9.18303651687426,0.593537344715284,0.622951387772153,0.610590917275364,0.412453124805903,0.73078881638604,0.424187599868822,0.40405869125345,0.593812155199272,1.65279958710142
"2010","11",2010-11-16,1.27161566054795,1.27794151538756,1.17729384536106,0.790982975102053,0.625578343685978,0.269936774611473,0.33063613448143,0.405563855772057,0.29899712006251,0.339182893891073,0.256390632862111,0.32523243055276,0.293805260889448,0.955939595634075
"2010","12",2010-12-16,0.672079560402622,0.602402556607192,0.701778639063699,0.746796225962298,4.19071518591524,0.242847310733795,0.31180914773941,0.218669406366348,0.196346730618708,0.27506987738571,0.214106733719699,0.254048505616188,0.299877968621254,0.814307078024336
"2011","01",2011-01-16,0.78770925451675,0.990161419416276,0.876798464537219,0.477660837117583,0.326633743453569,0.221108912181854,0.197419091200829,0.175336124992371,0.180167457795143,0.168603481674194,0.175366259630649,0.18297056825161,0.208680297968024,0.739065984511807
"2011","02",2011-02-16,0.669236495994545,0.670193815058138,0.798283921255098,0.573093763973615,0.287633976323313,0.212630465435982,0.189616785526276,0.194806213872152,0.197605045493504,0.191019809806347,0.184087230136958,0.164008043383519,0.170649074464795,0.682220733191503
"2011","03",2011-03-16,0.732539537697385,0.539188199234134,0.650785170626222,0.475739078155692,0.287692883892394,0.187169015803558,0.17890816321373,0.183142483305931,0.178304139184952,0.191098992063419,0.173467232036591,0.176870287772344,0.184576667105669,0.44748770497852
"2011","04",2011-04-16,0.221723136238076,0.311922833391211,0.517636729445318,0.439782542002154,0.295203794852946,0.159653975010923,0.147527942420553,0.215632182175079,0.188812166720678,0.15755273840284,0.194773716682738,0.1727875929858,0.142789851469653,0.716616536611098
"2011","05",2011-05-16,0.424837691470599,7.19598487258373,4.92811891948109,0.339359049201012,4.77050879037925,0.14938933835239,0.190431780850661,0.235754305555632,0.16079657710162,0.434986937480668,0.142440524766612,0.137937328804817,0.137040640804374,3.28221236697325
"2011","06",2011-06-16,NA,0.727159244939685,0.818458976969123,9.10975091202535,9.06720715748056,0.210700005292892,0.206665141241891,0.267218999564648,0.191303000563667,3.8316496898388,0.132195728746327,0.1513275165231,0.147123280465603,0.292581554415614
"2011","07",2011-07-16,NA,4.61559051275253,21.6691316257824,NA,19.114630257483,0.195488389629822,NA,NA,0.914332550334728,5.86760092047708,0.306084117727486,4.21058488198833,0.258744341156161,0.177178165809376
"2011","08",2011-08-16,NA,NA,14.5000131313617,2.45949597366704,3.42953842878342,NA,NA,0.300316989421844,0.927486474023146,1.73676252905774,0.221616998314857,0.762665745157462,0.193032835920652,NA
"2011","09",2011-09-16,4.11670386165287,5.17050486988855,6.1321481352606,5.56234248014663,5.03025024725745,0.439265877958767,0.909787753758146,1.00515754113779,1.8920919125839,1.40420437383292,0.219700435594637,0.211408708597083,0.247306451241496,1.60381934542963
"2011","10",2011-10-16,3.45442024225479,5.26650458092199,7.6165813232697,4.81298174034147,2.58108972128994,0.419311550545692,1.3265019564903,1.34499585902499,4.42951618995537,2.46722390845015,0.260178700433139,0.460732217921783,0.147261788367455,1.33330684831669
"2011","11",2011-11-16,2.61847659299134,1.45431390743197,1.49853000936743,0.850672423648905,0.666871524875961,0.253454995059967,0.185182537661562,0.1940255022645,0.1290517153991,0.118520500030942,0.133668277151336,0.111266647310307,0.105842442452311,1.85763766801406
"2011","12",2011-12-16,0.906794852145175,0.831274732410048,0.566965916439107,0.336185883490309,0.19516304455723,0.148907684731483,0.181448944401741,0.162301500844955,0.140625085474038,0.147573288580115,0.13996528769157,0.13081504921255,0.14266389411788,1.09160747814303
"2012","01",2012-01-16,0.708749496667036,1.14367624853916,0.68439617934921,0.420452712976839,0.362792871022157,0.146580987286568,0.185878441524506,0.161159651279449,0.182321171236038,0.177597103953362,0.161290407896042,0.157962313699722,0.154502166438103,1.0431736062648
"2012","02",2012-02-16,0.776130601057205,0.840777903579804,0.639496041820363,0.351383793008585,0.242521463564489,0.142786008095741,0.167557305312157,0.149861764764786,0.148816670501232,0.145766496922701,0.145847921514511,0.138565710258484,0.146337117040806,0.842290538509941
"2012","03",2012-03-16,0.178419136607707,NA,0.254197872243822,0.231876209798981,0.201755172326121,0.138395981637986,0.145964995026588,0.138093923146908,0.158129120578191,0.146687542620875,0.100065000355244,0.138422224575128,0.143779221951725,0.699828530698364
"2012","04",2012-04-16,0.271323153652402,0.236327932511707,0.344949058164804,0.211336527103266,0.246551583581052,0.131890519140049,0.148928124024424,0.11577838395309,0.123569996514802,0.146938519466178,0.107237857300788,0.107911666940855,0.093048182746736,0.156170481033908
"2012","05",2012-05-16,0.251756065314816,NA,NA,NA,2.44803090004817,0.133239671365539,0.145167444568838,0.2226871997118,0.153017483305099,0.153200186248727,0.141178251874304,0.147992391023457,0.132125942175053,0.519574480783029
"2012","06",2012-06-16,1.45292526954099,5.1510963207538,2.23190731537051,2.19159862730238,16.7064079904556,0.242971428879746,0.281241334246836,0.373317488544696,0.288726556874718,1.35294110467146,0.232353378400624,0.30060274009945,0.174702111217711,0.353126427294716
"2012","07",2012-07-16,5.98793530464172,4.97018766403198,8.6740404023574,10.5714575041774,9.21644157873157,0.277831399440765,2.63599556684494,1.18817665325157,0.569818225474312,1.60789704452956,0.191092368097682,0.188294761107582,0.164367690918938,1.7670461833477
"2012","08",2012-08-16,3.33283129131252,2.19258912855929,19.9277153015137,6.79424191310125,5.73030519334097,0.306551045314832,0.846989766639822,0.517094914045968,0.328182122286628,3.52137738763714,0.247518478564813,0.271500675954093,0.150859126787539,1.95285481836485
"2012","09",2012-09-16,2.94797114508097,1.96653992640522,2.96957976502531,1.67918437007401,1.1376092096477,0.552270837558004,0.629790249300617,0.584031016203283,0.361837012025545,0.436758731466073,0.242186649346893,0.288126690397537,0.147774290793867,1.22649263964117
"2012","10",2012-10-16,0.57427235697785,0.881083963807128,1.04155090659498,1.79845663983214,3.34779126099352,0.238569126476567,0.228886921008761,0.218604468598085,0.194494862137538,0.68942409571555,0.250152065493595,0.162478101256254,0.185212242620108,0.75392507478308
"2012","11",2012-11-16,1.14876395686349,0.980490007627647,0.966860210457882,0.700866687681415,1.16505141739181,0.151883759903908,0.169879100966454,0.176335558390617,0.150966622495651,0.158117895130806,0.134124657618999,0.14181155916781,0.129235742330551,0.589101694667437
"2012","12",2012-12-16,0.800560155419804,0.768557056965031,0.712973321362327,0.363157580775304,0.223796581257285,0.15214620013237,0.167663489246368,0.181690184521675,0.143509151455961,0.159041647911072,0.147564569969311,0.151421950485271,0.145175989163851,0.653993932305686
"2013","01",2013-01-16,0.558762979501092,0.957937771753727,0.838229603218368,0.414554475137265,0.297869803261893,0.164776150393486,0.184470851063728,0.17850359952361,0.145066298432087,0.180517425775528,0.137621355465693,0.167231479821106,0.161319560849255,0.787219589661289
"2013","02",2013-02-16,0.515173424137842,0.419914644937845,0.364580755836272,0.376173798397388,0.246882228936468,0.180569476238927,0.182691050134268,0.156012476610087,0.150914704196217,0.176063278055191,0.140326748178764,0.162724925604036,0.146794716101865,0.596457028125167
"2013","03",2013-03-16,0.488546422515322,0.322556994903164,0.379311518594224,0.209666613979559,0.231968538910612,0.226163658720212,0.214990199064416,0.183959352980805,0.180107271729164,0.167942974916441,0.177214397520323,0.14841392179369,0.161340408006476,0.557324619674749
"2013","04",2013-04-16,0.919698320785347,0.613875328452437,0.62369867325153,0.896182597721394,0.668272911923092,0.290250773841392,0.291613883012301,0.337109132462906,0.321305271325537,0.335260101764555,0.297358829750974,0.327586316516702,0.298461026698351,0.673829749717143
"2013","05",2013-05-16,1.77239234958376,4.86106196442328,NA,1.2410358704151,2.56147474863312,0.162156000733376,0.246030807887253,NA,0.273210240774844,0.328582726935349,0.15620611599385,0.167733522447487,0.169223956562377,0.261771085587415
"2013","06",2013-06-16,0.579838790391621,0.584590999616517,3.05027987865301,6.44457814216614,30.0006432056427,NA,0.327532112598419,0.139673638072881,0.244451282279832,2.42530314968182,NA,0.275696299672127,0.310532153728082,NA
"2013","07",2013-07-16,NA,9.58402384652032,8.71819196576658,1.58973573383532,4.0435432434082,NA,0.570175956501517,1.18056337287029,0.798139512807399,1.71661473035812,0.280814761279995,0.283059718203731,0.277790148556232,NA
"2013","08",2013-08-16,3.77858762791816,2.13898017406464,4.05992208751472,7.24448000772359,14.8122638918546,0.5227652920617,1.10803231664679,4.82397485905745,6.12991534189065,6.65574843741925,0.310388461845677,0.744778609938092,0.204681159011901,0.945110140278696
"2013","09",2013-09-16,5.21647667389771,4.15432453799446,5.82762399870596,6.97757552460183,9.96890191488099,8.02040027007989,4.04116945725585,3.91702033934507,0.263010816276073,2.54997565373778,0.882202127503689,0.330198006187716,0.478521182059737,3.92149957614567
"2013","10",2013-10-16,1.96199615230927,3.08896240934121,2.34457254192255,2.74901758662292,2.45817890504132,0.361283772093866,0.471094469415761,0.388064717979727,0.498327499418051,0.518641642508683,0.292064972503765,0.213200398614161,0.224381724405415,1.29188851997795
"2013","11",2013-11-16,1.17582301367401,1.09364475193198,0.6911770166269,0.602418795297636,1.16101416306836,0.209877291861405,0.217252008141681,0.20086903345417,0.212454590857973,0.387977387792418,0.167791430940376,0.228917819449997,0.172379359957718,2.58359157013958
"2013","12",2013-12-16,0.938356902633796,0.653787681044867,0.729931205372155,0.504800962797535,0.273317598998547,0.155252825927734,0.15841110098362,0.185080646467209,0.178253695368767,0.183974286174774,0.168762927510819,0.203732213243144,0.199616003465652,1.12696122360909
"2014","01",2014-01-16,0.88157476097857,0.693946395481154,0.754195575815875,0.412466707468033,0.21894955622188,0.269266348783535,0.188228361975791,0.237033112647416,0.177250331711769,0.167182532835007,0.18883602450987,0.184637872004509,0.193745423286319,0.94579869155713
"2014","02",2014-02-16,0.713536750935581,0.7496448343291,0.733990999160113,0.457040625547662,0.21538319502558,0.176621317005157,0.169974647808075,0.174563558506966,0.167512351989746,0.164186807847023,0.159276925233993,0.152928229933917,0.159519321116001,0.757357475042451
"2014","03",2014-03-16,0.574023324302781,0.550896768615796,0.607063700395506,0.380129359961753,0.194763477340206,0.162873670482635,0.152409811377525,0.160540147352219,0.145409302639961,0.151779788970947,0.145788396325182,0.148230454540253,0.150734550591948,0.534606121629341
"2014","04",2014-04-16,0.263969373654544,0.207521038312538,0.669343493322828,0.638225246231563,0.215171272944973,0.253595154536398,0.147645715446699,0.149076920747757,0.136312663919859,0.143772045118174,0.135685222016441,0.145037209242582,0.137853850402049,0.617733682050473
"2014","05",2014-05-16,0.733544049281362,0.995702644911679,0.434228750014747,0.405091884698886,2.58305138942538,0.188248650822942,0.202482309958614,0.187727833078021,0.1828492098733,0.248973554731852,0.14350770247537,0.154481583464462,0.151091196522361,0.748987825933625
"2014","06",2014-06-16,NA,NA,NA,10.7459817568758,17.8798064227198,NA,NA,NA,0.164819215826782,3.70594199194628,0.149040440266783,0.15477616995573,0.147646615902583,0.167677865053217
"2014","07",2014-07-16,NA,9.96277411778768,14.1762185838987,20.6555611268438,7.53713605588086,NA,NA,0.245684891939163,2.64944044539803,6.43467134346057,NA,1.34604419624969,0.195686016529799,NA
"2014","08",2014-08-16,6.2396527855627,8.55405841029871,3.41860471206084,4.02927426748223,1.87482782204946,0.325276369228959,1.59637500211596,0.621947982329495,0.573893880041746,0.486883417811505,0.255894335994014,0.387486146220678,0.255665867831666,4.27811889306153
"2014","09",2014-09-16,4.91818013742977,4.57217702782896,3.86341490376768,3.19667179190296,3.75073101317222,0.47458619872729,1.3257046266419,0.55177677352039,0.406855005912715,1.53520112800972,0.336827643810751,0.245551578061921,0.217502660127388,1.55359744305806
"2014","10",2014-10-16,1.47921798277963,1.56426322982234,1.01294971049401,0.651453889733806,0.908095986582339,0.330799546201516,0.317652559657507,0.276638580899294,0.374162390517044,0.284884708605415,0.191792747471482,0.218481169989969,0.201356597848841,1.06146018911504
"2014","11",2014-11-16,0.913661757575684,0.581001380789309,0.657179832241278,0.357608856682066,0.263610572525949,0.180133441918963,0.211555861220826,0.204432837809909,0.182289676119884,0.18251959507664,0.175588199438957,0.16437347013821,0.148309838178197,0.645024565936829
"2014","12",2014-12-16,1.45600242143183,0.783807793964919,0.615426172272148,0.357544125740487,0.270240061785564,0.152197266435623,0.158692860324903,0.190190287522811,0.152978476700412,0.164767378825793,0.151770074097182,0.156714933603231,0.173059844741261,0.7727257535126
"2015","01",2015-01-16,0.730641875847066,0.774028415377046,0.8101097119088,0.532453492879868,0.331966043574284,0.157572155380249,0.16133302257061,0.158265409564972,0.160925874114037,0.181830564975739,0.147765611422062,0.171648183989525,0.169220519757271,0.879833491697432
"2015","02",2015-02-16,0.515900330656991,0.57853722230099,0.689887125061918,0.423877885323444,0.235645546979917,0.151472078323364,0.168284549379349,0.175476530706882,0.1738487616539,0.17441565087698,0.218534608705877,0.179715283967385,0.178247428250313,0.668326013725672
"2015","03",2015-03-16,0.362823927051441,0.401496060442126,0.398067288511663,0.32882830363547,0.230891784950465,0.140042281449813,0.145361780552776,0.152517918829281,0.142272229887833,0.144943964934349,0.140467617417807,0.144552459237368,0.144124973907979,0.417995514344641
"2015","04",2015-04-16,0.363321465559074,0.31664643882875,0.420667730597244,0.406585790415227,0.228413813033361,0.138293583575007,0.15475321177823,0.143721147990227,0.140033817035146,0.139092884682287,0.130485447731593,0.128968353720499,0.121505104380894,0.353383413894488
"2015","05",2015-05-16,NA,NA,NA,0.354778235157331,0.962772271923117,NA,NA,0.172652055011239,0.15734373871237,0.225769091912401,0.158968631766344,0.153195240162872,0.153549014596465,0.232286301081773
"2015","06",2015-06-16,NA,0.192139975726604,0.840660661458969,0.905985741852186,2.06934976586298,NA,0.185542496187346,NA,0.255946386605501,0.392013405710083,0.247491936164874,0.209245617604024,0.185448870820514,0.389009681064636
"2015","07",2015-07-16,1.1904147770511,1.16846867302742,1.45160015132449,3.63886765169479,3.6614601809657,0.320784977381118,0.405209262887079,0.426707551418956,1.60988934810745,2.17691438914956,0.204204026554242,1.78632349548893,0.239651092943924,0.395770514768267
"2015","08",2015-08-16,1.68387659054157,4.41430570967992,14.1658695240815,6.3200218690961,9.24923106693053,0.482471875846386,1.24639074943658,1.0767378588838,0.932314205217067,3.62711748017439,0.30306783550923,0.30597710029513,0.413306940635535,1.02405624550122
"2015","09",2015-09-16,1.52333257552032,1.1929340033319,0.977728646135691,0.963108986988664,0.814223425473735,0.388609050821164,0.443749388538257,0.30172007823775,0.275550485571299,0.294886497845334,0.204062739687581,0.263877728781286,0.207790746154328,1.37037097140712
"2015","10",2015-10-16,0.505245542272608,0.676570121071783,0.78297647692549,0.651737641421127,0.721280894659716,0.179430314222811,0.336781238747198,0.209836477627102,0.183161580103528,0.204278948975909,0.202961520793866,0.172454230460254,0.189399446647866,0.996461424960176
"2015","11",2015-11-16,0.505788377910545,0.496576748910497,0.722288022894378,0.454130817535531,0.414010722006577,0.167055821645048,0.194616176954611,0.167392965310659,0.14199484857868,0.151541835308075,0.129067589435128,0.143219798886856,0.144089965134859,0.492050124844578
"2015","12",2015-12-16,0.670678662021219,0.629462595787589,0.644709414998779,0.324086583376156,0.249083731961514,0.16673862080574,0.1853589230299,0.211667030692101,0.145848281240463,0.143858650815487,0.131905002522469,0.129197671926022,0.129655290913582,0.718894996941353
"2016","01",2016-01-16,0.72794085908301,0.823049130388231,0.49130146682808,0.333576735404302,0.212147944080441,0.158724294519424,0.210102799868584,0.181406192374229,0.140669515435296,0.149023585319519,0.144307510331273,0.142983843259892,0.152338313378171,0.796103790362869
"2016","02",2016-02-16,0.419913137968356,0.466331205017252,0.660597321497542,0.408568907758364,0.288361310878097,0.209538502502913,0.259731016889018,0.31076504247756,0.209777751304571,0.175519950413704,0.165733958717085,0.177103319596098,0.160428277064453,0.57798254170438
"2016","03",2016-03-16,0.326287299048069,0.552170306176883,0.473394221350895,0.386653707493707,0.290137053346346,0.237382047898034,0.325795961982561,0.316097835752558,0.237858243258063,0.18049362368798,0.224561251855958,0.149454304652119,0.14646138891719,0.616893174757042
"2016","04",2016-04-16,0.616971622608351,1.13437972526402,0.296586868955809,0.453762322587451,0.4258876242688,0.198041519633046,0.258754299233797,0.197271152672978,0.16690964392442,0.19500902828249,0.174483786560729,0.136380577765899,0.150798778992797,0.66864537743828
"2016","05",2016-05-16,0.45006693538624,0.805717489388254,0.20202640564211,0.393576774411573,3.96354455524369,0.156346624510156,0.22221563678624,0.168414485271417,0.155122809189481,0.249792881040688,0.201380167073674,0.132114570259171,0.111225325997188,0.887778444810559
"2016","06",2016-06-16,NA,0.698033702373505,NA,1.71694097702748,1.49358896184559,0.151926853908942,0.145973435262354,0.142869351165635,0.184809725512477,0.492921270926793,0.150773071028568,0.185819839295887,0.157974614076457,0.538708985130364
"2016","07",2016-07-16,2.31537199020386,3.81887052953243,1.52475210744888,18.5889582845072,12.0180275895938,NA,NA,0.423981934785843,0.279244338326594,7.4721744659132,0.334949968428147,0.250978858900719,0.246798218242706,NA
"2016","08",2016-08-16,5.35813820746637,4.59883380651474,5.81167329268022,5.189746955673,19.0553204956509,NA,1.51135671783138,1.64458972394466,1.1211619174006,4.57170220014654,0.371003569022082,0.234824670086928,0.214610601855716,1.43325725078583
"2016","09",2016-09-16,12.8315715680177,14.8820982519731,5.42366204151562,10.3112281420956,9.23878494424752,0.316936806500333,39.0626160568482,21.3071239210155,6.46286366576311,4.63438798648454,21.0166778021389,4.63581958807063,4.00553069978952,4.47500814738665
"2016","10",2016-10-16,2.63456855163385,3.24409046827578,3.01773407333929,5.03251911785005,4.70511838818116,2.45359675415339,3.92755580457052,3.78274427666221,3.35497631017594,2.25661615142822,2.13704542545901,2.12812188920975,1.04405151971188,12.9764490939478
"2016","11",2016-11-16,4.78519900201282,4.90783304090135,2.28124153572167,2.67568980643624,1.54482837909443,1.28842436902624,1.70268394741519,0.619687091622743,0.856227771577677,0.301294011704822,0.854518819784764,0.685340677491493,0.83412760245589,4.63780201026998
"2016","12",2016-12-16,1.11402893490398,0.880391626119334,0.742054894431684,0.534314809637215,0.358336896071695,0.244127991342545,0.267036268639565,0.272966969064597,0.203336835738259,0.221769615315283,0.268796894298897,0.202339192024134,0.26033818202742,1.70947709683561
"2017","01",2017-01-16,0.797351341389242,0.922522732802168,0.878187322171865,0.524821578444175,0.22199000144658,0.172591176509857,0.178643973064423,0.197363436532021,0.166627437257767,0.164413084554672,0.158269207167625,0.158934569478035,0.167632112407684,1.0218433431941
"2017","02",2017-02-16,0.571937638362671,0.779305746402646,1.00404631183591,0.451701772344044,0.224160878318879,0.156184551501274,0.155291585302353,0.194681824576855,0.170640385103226,0.164432691884041,0.15270237467289,0.165358128738403,0.155548795676231,0.740535779372461
"2017","03",2017-03-16,0.664464458540866,0.902296951175331,0.612826387889414,0.311511618364986,0.236893814895567,0.149625138719741,0.178602624684572,0.141474945673039,0.145795211784149,0.166594467266381,0.149832152065323,0.145261709486157,0.147467289376259,0.612494980426036
"2017","04",2017-04-16,1.50621725706493,2.07151556058842,NA,NA,NA,0.158164045293862,0.404340569462095,NA,NA,NA,NA,NA,0.140565877301352,0.918993287377596
"2017","05",2017-05-16,0.333575732158777,0.275102135950121,0.480621826879104,0.941804925741265,0.80870061841878,0.15131416523086,0.186145052202602,0.176869847562085,0.144558834347212,0.429531749723286,0.144714166315904,0.139651674156388,0.126652608937486,0.456368850516703
"2017","06",2017-06-16,NA,0.470131562913165,3.28034259976984,1.70549661416328,5.07669716398671,NA,0.220928791165352,NA,0.672892748929408,0.75180605711403,0.167414957491478,0.23701383068104,0.160781947919826,NA
"2017","07",2017-07-16,0.516056656837463,1.41789656371943,1.85774890764044,9.28452963664614,12.3861624111563,0.373322721038546,0.397475015372038,0.520822960089465,0.389298980589956,2.82606206936623,0.232413602146235,0.408757478392349,0.168510010689497,0.320939242839813
"2017","08",2017-08-16,0.997504701217016,NA,NA,11.3455578873797,9.01644076054033,0.546014467011327,3.77970990012674,NA,1.08466823139916,3.72129628312688,0.231256538057128,0.648857465220822,0.239205591637513,NA
